prompt,model_answer,predict_proba,query
Чье изображение было помещено на американский цент в 1909 году к столетию со дня рождения президента?,Изображение американского президента Авраама Линкольна было помещено на американский цент в 1909 году к столетию со дня рождения президента.,0.018557627047961524,Чье изображение было помещено на американский цент в 1909 году к столетию со дня рождения президента?
"Какую актрису изображал плакат, который Энди Дюфресн заказал Рэду через год после получения геологического молотка в фильме «Побег из Шоушенка»?","В фильме «Побег из Шоушенка», который был снят по мотивам повести Стивена Кинга «Рита Хейворт и спасение из Шоушенка», Энди Дюфрейн заказывает плакат с изображением актрисы Риты Хейворт для своего сокамерника Реда. Этот жест символизирует надежду и мечту, которые Энди дарит Реду, помогая ему поверить в возможность свободы и новой жизни за стенами тюрьмы.",0.050925591740462836,"Какую актрису изображал плакат, который Энди Дюфресн заказал Рэду через год после получения геологического молотка в фильме «Побег из Шоушенка»?"
Какую номинацию получил Мартин Рашент на BRIT Awards благодаря успеху The Human League?,"Мартин Рашент был номинирован на премию BRIT Awards в категории «Лучший британский продюсер» за альбом группы The Human League, который стал успешным после выхода альбома ""Dare"" в 1981 году.",0.8700713121168097,Какую номинацию получил Мартин Рашент на BRIT Awards благодаря успеху The Human League?
"Какой термин иногда применяется для обозначения дискриминации мужчин и антимужских предубеждений, однако многие гендерные исследователи считают его использование некорректным?","Термин «мизандрия» иногда используется для обозначения дискриминации мужчин и антимужских предубеждений. Однако многие гендерные исследователи считают его использование некорректным, так как оно может способствовать распространению стереотипов о мужчинах и игнорировать проблемы, с которыми сталкиваются женщины в обществе.",0.9230732874011384,"Какой термин иногда применяется для обозначения дискриминации мужчин и антимужских предубеждений, однако многие гендерные исследователи считают его использование некорректным?"
Какую сеть (SL policy network) вместо улучшенной стратегической сети решили использовать авторы AlphaGo на этапе симуляции до конца игры без ветвления?,Авторы AlphaGo на этапе симуляции до конца игры без ветвления решили использовать сеть стратегического уровня (SL policy network).,0.9937811935651836,Какую сеть (SL policy network) вместо улучшенной стратегической сети решили использовать авторы AlphaGo на этапе симуляции до конца игры без ветвления?
Какой диагноз был поставлен Дэвиду Боуи в середине 2014 года?,В середине 2014 года у Дэвида Боуи была диагностирована рак печени. Он скончался от этой болезни 10 января 2016 года.,0.12707343870371313,Какой диагноз был поставлен Дэвиду Боуи в середине 2014 года?
В каком году в аэропорту Дортмунда приземлился цеппелин LZ 127 «Граф Цеппелин»?,Цеппелин LZ 127 «Граф Цеппелин» впервые приземлился в аэропорту Дортмунда в **1930 году**.,0.011968161264215078,В каком году в аэропорту Дортмунда приземлился цеппелин LZ 127 «Граф Цеппелин»?
Какой белок ретинобластомы связывается с нуклеофозмином (NPM1)?,"Ретинобластома является редкой злокачественной опухолью сетчатки глаза у детей и связана с мутацией гена ретинобластомы 1 (RB1). Нуклеофозмин (NPM1) - это ядерный фосфопротеин, который участвует в регуляции клеточного цикла и может взаимодействовать с различными белками, включая белки, связанные с опухолевым процессом.

В контексте ретинобластомы, основным белком, который связывается с нуклеофозмином (NPM1), является **ретинобластома-связанный белок (pRb)**. Этот белок играет ключевую роль в регуляции клеточного цикла и подавлении пролиферации клеток. В случае ретинобластомы, мутации в гене RB1 приводят к нарушению функции белка pRb, что способствует развитию опухоли.",0.481985851936143,Какой белок ретинобластомы связывается с нуклеофозмином (NPM1)?
Какая книга по армянской палеографии была издана в 1987 году Степаном Мелик-Бахшяном?,В 1987 году Степан Мелик-Бахшян издал книгу под названием «Армянская палеография».,0.03663529453996757,Какая книга по армянской палеографии была издана в 1987 году Степаном Мелик-Бахшяном?
Какую проблему фискальной политики экономисты называют эффектом вытеснения?,"## Эффект вытеснения в фискальной политике

**Эффект вытеснения** — это одна из ключевых проблем, с которой сталкиваются государственные органы при проведении *фискальной* (бюджетно-налоговой) политики. Суть этого эффекта заключается в том, что увеличение государственных расходов или снижение налогов приводит к росту процентных ставок и, как следствие, к сокращению частных инвестиций.

---

### Как возникает эффект вытеснения?

1. **Увеличение государственных расходов**: 
   - Когда государство увеличивает свои расходы (например, на строительство дорог, социальные программы), оно вынуждено финансировать эти траты за счёт займов.
   
2. **Рост спроса на кредиты**:
   - Для финансирования дефицита бюджета правительство начинает занимать деньги у населения и фирм через выпуск облигаций.
   - Это увеличивает спрос на кредитные ресурсы в экономике.

3. **Повышение процентных ставок**:
   - Рост спроса на кредиты ведёт к увеличению процентных ставок по займам.
   - Фирмы и домохозяйства начинают платить больше за получение кредитов для своих инвестиционных проектов.

4. **Сокращение частных инвестиций**:
   - Более высокие процентные ставки делают инвестиции менее привлекательными.
   - Частный сектор снижает объёмы капиталовложений, так как стоимость заимствований",0.02172411731405169,Какую проблему фискальной политики экономисты называют эффектом вытеснения?
Какие два самолёта нанесли первый удар по японскому авианосцу «Дзуйхо» в ходе боя у островов Санта-Крус?,В бою у островов Санта-Крус 26 октября 1942 года первый удар по японскому авианосцу «Дзуйхо» нанесли самолёты с американских авианосцев «Энтерпрайз» и «Хорнет».,0.04676917124436798,Какие два самолёта нанесли первый удар по японскому авианосцу «Дзуйхо» в ходе боя у островов Санта-Крус?
В каком году на территориях бывшего нацистской Германии и его сателлитов возникла необходимость в местных выпусках марок?,"После окончания Второй мировой войны в 1945 году территории бывшей нацистской Германии и её сателлитов оказались разделены между победителями — СССР, США, Великобританией и Францией. В результате этого раздела возникли новые административные единицы, каждая из которых нуждалась в собственных почтовых услугах. 

Например, после разделения Германии на четыре зоны оккупации были созданы отдельные почтовые службы для каждой из них. Аналогичная ситуация наблюдалась и в других странах, таких как Австрия, которая также была разделена на оккупационные зоны. Эти местные выпуски марок стали необходимыми для обеспечения эффективной коммуникации внутри этих новых административных единиц.",0.15307636096565386,В каком году на территориях бывшего нацистской Германии и его сателлитов возникла необходимость в местных выпусках марок?
"Кто, согласно заключению комиссии Королевского общества по итогам спора о приоритете в математическом анализе, был признан первым изобретателем?","Согласно заключению комиссии Королевского общества по итогам спора о приоритете в математическом анализе, Исаак Ньютон был признан первым изобретателем.",0.30513927045997474,"Кто, согласно заключению комиссии Королевского общества по итогам спора о приоритете в математическом анализе, был признан первым изобретателем?"
Какой рейтинг на сайте Rotten Tomatoes получил эпизод «Славная миссия» из первого сезона сериала «Локи»?,Эпизод «Славная миссия» из первого сезона сериала «Локи» имеет рейтинг 97% на сайте Rotten Tomatoes.,0.01879690381149529,Какой рейтинг на сайте Rotten Tomatoes получил эпизод «Славная миссия» из первого сезона сериала «Локи»?
Кто в 1984 году обнаружил полную редакцию романа Уильяма Берроуза «Интерзона» в архиве Аллена Гинзберга при Колумбийском университете?,В 1984 году полный текст романа Уильяма Берроуза «Интерзон» был обнаружен и опубликован Майклом Катфордом (Michael Catford).,0.7751212634719938,Кто в 1984 году обнаружил полную редакцию романа Уильяма Берроуза «Интерзона» в архиве Аллена Гинзберга при Колумбийском университете?
Кого Черкес Хасан-бей убил в ночь с 15 на 16 июня 1876 года в особняке Мидхата-паши в Стамбуле?,В ночь с 15 на 16 июня 1876 года в особняке Мидхата-паши в Стамбуле был убит министр иностранных дел Османской империи Шукри-паша.,0.9611276079064814,Кого Черкес Хасан-бей убил в ночь с 15 на 16 июня 1876 года в особняке Мидхата-паши в Стамбуле?
Каким диакритическим знаком в научных статьях обычно обозначается высокий тон?,В научных статьях для обозначения высокого тона используется знак акута (´).,0.44255769869404255,Каким диакритическим знаком в научных статьях обычно обозначается высокий тон?
От какого слова происходит русское название растения «очанка»?,"Русское название растения «очанка» происходит от слова «очи», что в переводе с русского языка означает «глаза». Это связано с тем, что очанка традиционно используется для лечения глазных заболеваний и улучшения зрения.",0.6121163346033797,От какого слова происходит русское название растения «очанка»?
"Какой архитектурный стиль в Париже, появившийся во второй половине XVII века в сооружении Лувра, почти целое столетие сосуществовал с архитектурой барокко?","В Париже во второй половине XVII века появился архитектурный стиль, который почти целое столетие сосуществовал с архитектурой барокко. Этот стиль называется классицизм. Он характеризуется строгими формами, симметрией и использованием классических элементов архитектуры, таких как колонны и фронтоны.",0.7457539889571632,"Какой архитектурный стиль в Париже, появившийся во второй половине XVII века в сооружении Лувра, почти целое столетие сосуществовал с архитектурой барокко?"
"В каком году император Николай II подтвердил указ Александра II о государственных цветах России: чёрном, жёлтом и белом?",Император Николай II подтвердил указ Александра II о государственных цветах России в 1896 году.,0.5253216813378808,"В каком году император Николай II подтвердил указ Александра II о государственных цветах России: чёрном, жёлтом и белом?"
"Какой роман Стивена Кинга Стэнли Кубрик выбрал для экранизации после того, как швырял другие книги в стену?","После того, как Стивен Кинг швырнул книгу «Сияние» в стену, Стэнли Кубрик решил выбрать её для экранизации.",0.9297584802579806,"Какой роман Стивена Кинга Стэнли Кубрик выбрал для экранизации после того, как швырял другие книги в стену?"
"Какой лозунг провозгласил император Педру I 7 сентября 1822 года, объявляя о разрыве уз с Португалией и клянясь обеспечить независимость Бразилии?","Лозунг, который провозгласил император Педру I 7 сентября 1822 года, был «Independência ou Morte!» («Независимость или смерть!»)",0.0683390088676688,"Какой лозунг провозгласил император Педру I 7 сентября 1822 года, объявляя о разрыве уз с Португалией и клянясь обеспечить независимость Бразилии?"
"В каком году Сергей Жевакин обнаружил в спектрах цефеид линии ионизованного гелия, подтвердив гипотезу Артура Эддингтона о «каппа-механизме»?","Сергей Жевакин обнаружил в спектрах цефеид линии ионизованного гелия в 1952 году, что подтвердило гипотезу Артура Эддингтона о «каппа-механизме».",0.013341111535833892,"В каком году Сергей Жевакин обнаружил в спектрах цефеид линии ионизованного гелия, подтвердив гипотезу Артура Эддингтона о «каппа-механизме»?"
"Кто был главным конструктором ОКБ-586, выступившим в 1956 году с инициативой создания МБР на высококипящих компонентах топлива?","Главным конструктором ОКБ-586, который выступил в 1956 году с инициативой создания межконтинентальной баллистической ракеты (МБР) на высококипящих компонентах топлива, был Михаил Кузьмич Янгель.",0.013575238040763304,"Кто был главным конструктором ОКБ-586, выступившим в 1956 году с инициативой создания МБР на высококипящих компонентах топлива?"
Кто убедила царя Пирра напасть на Спарту в 272 году?,"В 272 году до н. э. царь Пирр, который уже воевал с Римом и был известен своими победами, решил вторгнуться в Спарту. Однако его решение было не самостоятельным, а скорее результатом давления со стороны других греческих городов и политических деятелей того времени.

Пирр был приглашен в Грецию по просьбе некоторых городов, которые надеялись получить его помощь против Македонии под управлением Антигонидов. Эти города, включая Аркадию и Элиду, были обеспокоены растущей мощью Македонии и искали союзников для защиты своих интересов.

Однако наиболее важным фактором, повлиявшим на решение Пирра, была поддержка от Клеонима, одного из лидеров спартанцев. Клеоним стремился укрепить свою власть внутри Спарты и видел в Пирре потенциального союзника, способного помочь ему в достижении этой цели. Он убедил Пирра, что нападение на Спарту будет выгодным шагом, так как оно позволит ему завоевать уважение и поддержку среди других греческих государств.

Таким образом, хотя Пирр сам принял решение о нападении на Спарту, он был убежден в необходимости этого действия благодаря влиянию Клеонима и других политических деятелей, которые видели в этом шаге возможность укрепить свои позиции в регионе.",0.9093467330146977,Кто убедила царя Пирра напасть на Спарту в 272 году?
В феврале 1897 года Жан Беро был приглашен писателем Марселем Прустом в качестве секунданта на дуэль с кем?,В феврале 1897 года Жан Беро был приглашен писателем Марселем Прустом в качестве секунданта на дуэль с Жаном Лорреном.,0.6899248854017708,В феврале 1897 года Жан Беро был приглашен писателем Марселем Прустом в качестве секунданта на дуэль с кем?
Сколько афинян погибло в битве при Марафоне согласно Геродоту?,"Согласно Геродоту, в битве при Марафоне погибло 192 афинянина и 59 платейцев.",0.003611968775115723,Сколько афинян погибло в битве при Марафоне согласно Геродоту?
"Кто вёл войско бактрийцев, согдиан и индов на левом южном фланге персидской армии в битве при Гавгамелах 1 октября 331 года?","В битве при Гавгамелах 1 октября 331 года войско бактрийцев, согдиан и индов на левом южном фланге персидской армии возглавлял сатрап Бактрии Бесс.",0.03669084346352693,"Кто вёл войско бактрийцев, согдиан и индов на левом южном фланге персидской армии в битве при Гавгамелах 1 октября 331 года?"
"Какой генерал-майор в марте 2020 года заявил, что на восстановление репутации Полка после доказанных военных преступлений потребуется не менее десяти лет?","В марте 2020 года генерал-майор Сергей Качковский заявил, что на восстановление репутации полка «Азов» после доказанных военных преступлений потребуется не менее десяти лет.",0.9993499027453202,"Какой генерал-майор в марте 2020 года заявил, что на восстановление репутации Полка после доказанных военных преступлений потребуется не менее десяти лет?"
Кого Маргарет Смит обыграла в четвертьфинале чемпионата Австралии среди взрослых в 1960 году?,В четвертьфинале чемпионата Австралии среди взрослых в 1960 году Маргарет Смит обыграла **Мэри Фишер**.,0.9542305983607081,Кого Маргарет Смит обыграла в четвертьфинале чемпионата Австралии среди взрослых в 1960 году?
В каком году в Японии на платформе PlayStation Portable была выпущена ролевая игра Fate/Extra?,Ролевая игра Fate/Extra для платформы PlayStation Portable была выпущена в 2010 году.,0.00048770675120900984,В каком году в Японии на платформе PlayStation Portable была выпущена ролевая игра Fate/Extra?
Какой гербарий включал не менее 25 семейств эндемиков Нового Южного Уэльса в ходе Первой русской антарктической экспедиции?,"В ходе Первой русской антарктической экспедиции на судне «Винди» был собран гербарий, который включал не менее 25 семейств эндемиков Нового Южного Уэльса.",0.7005705911927878,Какой гербарий включал не менее 25 семейств эндемиков Нового Южного Уэльса в ходе Первой русской антарктической экспедиции?
"Как назывался суд над покойным папой Формозом, устроенный папой Стефаном VI в конце 896 или январе 897 года?","Суд над покойным папой Формозом, устроенный папой Стефаном VI в конце 896 или январе 897 года, назывался **«судом тень»** или **«судом мумии»**.",0.9517784273827333,"Как назывался суд над покойным папой Формозом, устроенный папой Стефаном VI в конце 896 или январе 897 года?"
"Какой режиссёрский фильм 1947 года стал первым в череде работ Жана-Пьера Мельвиля, основанных на литературном материале?","Фильм «Молчание моря» («Le Silence de la mer») режиссёра Жана-Пьера Мельвиля был выпущен в 1947 году и стал первым в его карьере, основанным на литературном материале. Этот фильм является экранизацией одноимённого романа Жака Превера.",0.9321852218007521,"Какой режиссёрский фильм 1947 года стал первым в череде работ Жана-Пьера Мельвиля, основанных на литературном материале?"
"Какую основную причину совершения убийств в Мюнхене в 2016 году назвали в докладе Министерства Внутренних дел Баварии, опубликованном в апреле 2017 года?","В докладе Министерства внутренних дел Баварии, опубликованном в апреле 2017 года, основной причиной убийств в Мюнхене в 2016 году была названа личная месть.",0.029814882328374318,"Какую основную причину совершения убийств в Мюнхене в 2016 году назвали в докладе Министерства Внутренних дел Баварии, опубликованном в апреле 2017 года?"
"Какой энциклике, посвящённой экуменическому диалогу, впервые в истории папства выпустил Иоанн Павел II в 1995 году?",Энциклика «Ut unum sint» («Да будем едиными») была выпущена Иоанном Павлом II в 1995 году и посвящена экуменическому диалогу.,0.0024839391439749883,"Какой энциклике, посвящённой экуменическому диалогу, впервые в истории папства выпустил Иоанн Павел II в 1995 году?"
"В каком году Томас, 8-й барон де Клиффорд, начал строительство в замке Скиптон?","Томас, 8-й барон де Клиффорд, начал строительство замка Скиптон примерно в **1309 году**.",0.02415055416855589,"В каком году Томас, 8-й барон де Клиффорд, начал строительство в замке Скиптон?"
"Кто после разгрома Мунузы решил расправиться с Эдом Аквитанским и возглавил армию, осадившую Бордо?","После разгрома Мунузы в 732 году армией франков под предводительством Карла Мартелла, который стал известен как Карл Великий, новый лидер арабского войска, по имени Абд аль-Рахман, решил отомстить за поражение и начать новую кампанию против христианских земель. Он собрал большую армию и двинулся на юг, чтобы атаковать город Бордо, столицу Аквитании. Однако его планы были нарушены, когда он был убит во время битвы при Пуатье в 732 году. После этого сражения франки смогли остановить продвижение арабов и защитить свои земли.",0.9975821507858752,"Кто после разгрома Мунузы решил расправиться с Эдом Аквитанским и возглавил армию, осадившую Бордо?"
Какое решение приняло руководство Daimler в ноябре 2011 года относительно бренда Maybach?,В ноябре 2011 года руководство Daimler приняло решение прекратить производство и продажу автомобилей под брендом Maybach. Это было связано с низким спросом на автомобили этого класса и необходимостью сосредоточиться на более популярных моделях Mercedes-Benz.,0.03307760401733536,Какое решение приняло руководство Daimler в ноябре 2011 года относительно бренда Maybach?
"В 2003 году группа религиозных деятелей, протестуя против проекта Сэмангым, совершила марш от Сэмангыма в какой город?","Группа религиозных деятелей, протестовавших против проекта Сэмангым, совершила марш от Сэмангыма в город Сеул.",0.9251926583037436,"В 2003 году группа религиозных деятелей, протестуя против проекта Сэмангым, совершила марш от Сэмангыма в какой город?"
"Кто, по утверждению турецкого историка А. Оджак, организовал инцидент Бучуктепе в марте 1446 года с целью свергнуть Мехмеда II?","По утверждению турецкого историка А. Оджака, организатором инцидента Бучуктепе в марте 1446 года с целью свержения Мехмеда II был его отец, султан Мурад II.",0.6095597344839725,"Кто, по утверждению турецкого историка А. Оджак, организовал инцидент Бучуктепе в марте 1446 года с целью свергнуть Мехмеда II?"
Сколько мест в Московской городской думе получили кандидаты от КПРФ на выборах 2019 года?,На выборах в Московскую городскую думу в 2019 году кандидаты от КПРФ не смогли получить ни одного места.,0.011168405594672201,Сколько мест в Московской городской думе получили кандидаты от КПРФ на выборах 2019 года?
В каком году президент Билл Клинтон наградил Розу Паркс Президентской медалью Свободы?,Президент Билл Клинтон наградил Розу Паркс Президентской медалью свободы в 1996 году.,0.0028147998032863266,В каком году президент Билл Клинтон наградил Розу Паркс Президентской медалью Свободы?
"Кто сыграл роль старого Николая Морозова в четырёхсерийном мини-сериале «Дед Морозов», поставленном для канала НТВ в 2020 году?",Роль старого Николая Морозова в четырёхсерийном мини-сериале «Дед Морозов» на канале НТВ в 2020 году исполнил актёр **Сергей Шакуров**.,0.8233206194128497,"Кто сыграл роль старого Николая Морозова в четырёхсерийном мини-сериале «Дед Морозов», поставленном для канала НТВ в 2020 году?"
Какой город стал столицей Урарту со времени правления царя Ишпуини?,Столицей Урарту со времени правления царя Ишпуини стал город Тушпа.,0.018008293816596584,Какой город стал столицей Урарту со времени правления царя Ишпуини?
В каком году для консолей Master System и Game Gear была выпущена видеоигра Sonic the Hedgehog Chaos?,"Видеоигра ""Sonic the Hedgehog Chaos"" для консолей Sega Master System и Sega Game Gear была выпущена в 1993 году.",0.0034553100869830805,В каком году для консолей Master System и Game Gear была выпущена видеоигра Sonic the Hedgehog Chaos?
"Сколько подводных лодок проекта 941 «Акула» было построено в итоге из-за договора ОСВ-1 и финансовых проблем, несмотря на первоначальный план построить 10 единиц?",Из-за договора ОСВ-1 и финансовых проблем всего было построено 6 подводных лодок проекта 941 «Акула».,0.3100411264521512,"Сколько подводных лодок проекта 941 «Акула» было построено в итоге из-за договора ОСВ-1 и финансовых проблем, несмотря на первоначальный план построить 10 единиц?"
В каком году после смерти Сталина стала возможной проверка и критика фактических данных О. Б. Лепешинской?,"После смерти И. В. Сталина в 1953 году началась десталинизация советского общества, что привело к ослаблению идеологического контроля над наукой и возможностью для более объективной оценки научных достижений. Ольга Борисовна Лепешинская была известным советским биологом, которая утверждала, что она наблюдала процесс превращения неспециализированных клеток в специализированные клетки, известный как ""теория клеточной пластичности"". Однако её утверждения были подвергнуты критике со стороны других учёных, которые считали их необоснованными и противоречащими современным научным знаниям о клетке. После смерти Сталина и начала процесса десталинизации, критики Лепешинской получили больше свободы и возможности высказывать свои мнения без страха репрессий.",0.9372380559224395,В каком году после смерти Сталина стала возможной проверка и критика фактических данных О. Б. Лепешинской?
В каком возрасте был расстрелян Роман Ефимович Петров?,"Роман Ефимович Петров родился 15 октября 1903 года в селе Ивановка Полтавской губернии Российской империи. Он был известным советским военным летчиком, участником Великой Отечественной войны и дважды Героем Советского Союза. 

Петров погиб во время воздушного боя с немецкими истребителями 27 июля 1943 года над Курской битвой. Ему было всего 39 лет.",0.9968856287307712,В каком возрасте был расстрелян Роман Ефимович Петров?
Сколько миллионов долларов пожертвовала семья Краун на строительство и проектирование Фонтана Крауна?,Семья Краун пожертвовала 10 миллионов долларов на строительство и проектирование Фонтанов Крауна в Лос-Анджелесе.,0.2727599186939269,Сколько миллионов долларов пожертвовала семья Краун на строительство и проектирование Фонтана Крауна?
Кто был матерью Стефана Драгутина?,Мать короля Сербии Стефана Драгутина была **Елена Анжуйская** (серб. Елена Анжујска). Она была дочерью Карла II Анжуйского и Марии Монферратской.,0.037735666508402065,Кто был матерью Стефана Драгутина?
Как называлась улица Плебанская или Плебанских мельниц после её переименования в 1866 году?,Улица Плебанская или Плебанских мельниц была переименована в улицу Лоскутова в 1866 году.,0.9929979666708361,Как называлась улица Плебанская или Плебанских мельниц после её переименования в 1866 году?
"Кто принял на себя всю вину за неудачу в сражении, из-за которой президент осудил его за недостаточную бдительность, а генерал Ли сказал: «Хорошо, хорошо, генерал, похороните этих бедных парней и больше не будем об этом»?","В данном вопросе речь идет о генерале армии Конфедерации Джеймсе Лонгстрит, который был одним из самых способных командиров армии Северной Вирджинии под командованием генерала Роберта Э. Ли во время Гражданской войны в США. В битве при Геттисберге, которая произошла 1-3 июля 1863 года, армия Конфедерации потерпела поражение от армии Союза. После битвы генерал Ли выразил свое недовольство действиями Лонгстрита, обвинив его в недостаточной бдительности и плохой координации с другими командирами. Однако, несмотря на это, Лонгстрит продолжал служить в армии Конфедерации до ее капитуляции в апреле 1865 года.",0.9555844920374184,"Кто принял на себя всю вину за неудачу в сражении, из-за которой президент осудил его за недостаточную бдительность, а генерал Ли сказал: «Хорошо, хорошо, генерал, похороните этих бедных парней и больше не будем об этом»?"
"В каком году, согласно османским хроникам, упомянутым И. Узунчаршилы, произошло окончательное завоевание бейлика Карасы?",Окончательное завоевание бейлика Карасы османами произошло в 1390 году.,0.6389211950406003,"В каком году, согласно османским хроникам, упомянутым И. Узунчаршилы, произошло окончательное завоевание бейлика Карасы?"
"Кому в мае 1954 года Хаггерти предложил идею производства транзисторных приёмников после отказа со стороны RCA, Philco и Emerson?",В мае 1954 года Хаггерти предложил идею производства транзисторных приёмников компании Texas Instruments (TI).,0.23692732916579942,"Кому в мае 1954 года Хаггерти предложил идею производства транзисторных приёмников после отказа со стороны RCA, Philco и Emerson?"
Кто стал навабом Бенгалии после смерти Аливарди-хана в апреле 1756 года?,После смерти Аливарди-хана в апреле 1756 года на престол взошел его сын Сикандар-шах.,0.3283360298178805,Кто стал навабом Бенгалии после смерти Аливарди-хана в апреле 1756 года?
В каком году был ликвидирован Северный кружок любителей изящных искусств?,Северный кружок любителей изящных искусств был ликвидирован в 1860 году.,0.39997997775135063,В каком году был ликвидирован Северный кружок любителей изящных искусств?
Кем по отношению к фракийскому царю Керсоблепту стал Харидем?,Харидем стал стратегом Фракии и ближайшим советником царя Керсоблепта.,0.9344761919983562,Кем по отношению к фракийскому царю Керсоблепту стал Харидем?
Какое государство в 1808 году отобрало у Швеции Финляндию по итогам Тильзитского мира и Эрфуртского конгресса?,В 1808 году Россия отобрала у Швеции Финляндию по итогам Тильзитского мира и Эрфуртского конгресса.,0.01526885361485206,Какое государство в 1808 году отобрало у Швеции Финляндию по итогам Тильзитского мира и Эрфуртского конгресса?
"В какой список игр был включён Overlord (игра, 2007) журналом Eurogamer в декабре 2007 года?","Журналом Eurogamer в декабре 2007 года была включена игра ""Overlord"" в список лучших игр года.",0.1477326202271851,"В какой список игр был включён Overlord (игра, 2007) журналом Eurogamer в декабре 2007 года?"
"Какое произведение Франсиско Гойи стало сюжетом для испанских почтовых марок 1920—1930-х годов, ставших манифестацией «махизма»?","Франсиско Гойя создал множество произведений, которые стали символами испанского искусства и культуры. Однако, если говорить о произведениях, которые были использованы в качестве сюжета для испанских почтовых марок в период с 1920 по 1930-е годы, то одним из наиболее известных является картина ""Маха обнажённая"" (La maja desnuda). Эта работа была создана художником около 1800 года и стала символом испанской живописи эпохи романтизма. В 1920-х годах она была выбрана как один из символов возрождения национального самосознания после периода диктатуры генерала Примо де Риверы. На марках изображалась именно эта картина, что подчёркивало важность культурного наследия Испании и её стремление к восстановлению своей идентичности на международной арене.",0.04745062412696577,"Какое произведение Франсиско Гойи стало сюжетом для испанских почтовых марок 1920—1930-х годов, ставших манифестацией «махизма»?"
"Кому принадлежат текст и аранжировки композиции «Где-то между», выпущенной Вадимом Самойловым в 2017 году?","Композиция «Где-то между» была выпущена Вадимом Самойловым в 2017 году. Текст песни написал сам Вадим Самойлов, а музыку к ней также создал он. Таким образом, авторство текста и музыки принадлежит самому Вадиму Самойлову.",0.5525191817960168,"Кому принадлежат текст и аранжировки композиции «Где-то между», выпущенной Вадимом Самойловым в 2017 году?"
"Кто возглавлял делегацию Александрийской церкви, прибывшую в Эфес в начале июня 431 года для участия в Третьем Вселенском соборе?","Делегацию Александрийской церкви на Третьем Вселенском соборе в Эфесе возглавил **Феофил**, архиепископ Александрийский.",0.3873509613971471,"Кто возглавлял делегацию Александрийской церкви, прибывшую в Эфес в начале июня 431 года для участия в Третьем Вселенском соборе?"
"Кем был осуждён на смертную казнь Пифон, телохранитель Александра Македонского и регент Македонской империи?","Пифон был телохранителем Александра Македонского и регентом Македонской империи после его смерти. После смерти Александра в 323 году до н.э., Пифон стал одним из ключевых фигур в управлении империей. Однако вскоре он был обвинён в заговоре против регента Пердикки и казнён.",0.03532990635968092,"Кем был осуждён на смертную казнь Пифон, телохранитель Александра Македонского и регент Македонской империи?"
"Как называлась книга 1623 года, в которой впервые были изданы 36 пьес Уильяма Шекспира?","Книга, о которой идет речь, называется **«Первое фолио»** или **«Мемориальное издание пьес Уильяма Шекспира»**. Она была опубликована в 1623 году и содержала 36 пьес Шекспира, включая многие из его самых известных произведений.",0.004671747177226738,"Как называлась книга 1623 года, в которой впервые были изданы 36 пьес Уильяма Шекспира?"
"Как называлась организация для нелегальной иммиграции, созданная сионистами в 1937 году?","Организация для нелегальной иммиграции, созданная сионистами в 1937 году, называлась ""Моссад ле-Алия Бет"" (Mossad Le-Aliyah Bet).",0.011316982988096741,"Как называлась организация для нелегальной иммиграции, созданная сионистами в 1937 году?"
Кем был установлен бюст у входа в Чапаевский парк со стороны Ленинградского проспекта в 1970—1980-х годах вместе с Н. С. Строевым?,Бюст у входа в Чапаевский парк со стороны Ленинградского проспекта в 1970—1980-х годах был установлен совместно скульптором Николаем Сергеевичем Строевым и архитектором Алексеем Ивановичем Душкиным.,0.9906801561427758,Кем был установлен бюст у входа в Чапаевский парк со стороны Ленинградского проспекта в 1970—1980-х годах вместе с Н. С. Строевым?
"Кто в 1513 году, пройдя Панамский перешеек, увидел Тихий океан и назвал его «Южным морем»?","В 1513 году испанский конкистадор Васко Нуньес де Бальбоа первым из европейцев пересек Панамский перешеек и вышел к Тихому океану. Он назвал его «Южное море», так как считал, что оно находится на юге от Америки.",0.074726916084812,"Кто в 1513 году, пройдя Панамский перешеек, увидел Тихий океан и назвал его «Южным морем»?"
Кто снял фильм «День сурка» (1993)?,Фильм «День сурка» 1993 года был снят режиссёром Гарольдом Рэмисом.,0.0018389617538676806,Кто снял фильм «День сурка» (1993)?
Кто заменил Джона Терри на посту капитана сборной Англии 5 февраля 2010 года?,Капитаном сборной Англии после отставки Джона Терри стал Рио Фердинанд.,0.060882880066550786,Кто заменил Джона Терри на посту капитана сборной Англии 5 февраля 2010 года?
"Кто командовал армией и одержал победу над Катилиной в битве под Писторией в январе 62 года до н. э., после того как Гай Антоний Гибрида передал ему командование?",В битве под Писторией в январе 62 года до н. э. победу над Катилиной одержал **Гней Октавий**.,0.043439876018413474,"Кто командовал армией и одержал победу над Катилиной в битве под Писторией в январе 62 года до н. э., после того как Гай Антоний Гибрида передал ему командование?"
"Кем был автор памятника советскому разведчику Геворку Вартаняну, открытого в Москве на Троекуровском кладбище 24 октября 2012 года?","Автором памятника советскому разведчику Геворку Вартаняну, открытого в Москве на Троекуровском кладбище 24 октября 2012 года, является скульптор Зураб Церетели.",0.547143786789079,"Кем был автор памятника советскому разведчику Геворку Вартаняну, открытого в Москве на Троекуровском кладбище 24 октября 2012 года?"
Сколько слов в неделю разрешалось Юджину Дебсу рассылать в рамках президентской кампании 1920 года после давления прессы на министерство юстиции в сентябре?,"В рамках президентской кампании 1920 года Юджин Дебс был ограничен в количестве слов, которые он мог рассылать еженедельно, из-за давления со стороны Министерства юстиции США и прессы. В сентябре 1920 года ему было разрешено рассылать не более 500 слов в неделю.",0.2654082605815984,Сколько слов в неделю разрешалось Юджину Дебсу рассылать в рамках президентской кампании 1920 года после давления прессы на министерство юстиции в сентябре?
Кто описал сибирского воронка в 1811 году?,Сибирский воронок был описан в 1811 году русским натуралистом Петром Симоном Палласом.,0.25537931815885667,Кто описал сибирского воронка в 1811 году?
"Где в настоящее время выставляется картина Архипа Куинджи «Берёзовая роща» (изначальная версия, созданная в 1879 году)?","Картина Архипа Куинджи «Берёзовая роща», написанная им в 1879 году, находится в Государственной Третьяковской галерее в Москве.",0.06724204621745643,"Где в настоящее время выставляется картина Архипа Куинджи «Берёзовая роща» (изначальная версия, созданная в 1879 году)?"
"Кто был инициатором истории с картонами Рубенса, желая заполучить некоторые вещи художника для своей коллекции?","Инициатором истории с картонами Рубенса, желавшим заполучить некоторые вещи художника для своей коллекции, был король Франции Людовик XIV.",0.8868794002814759,"Кто был инициатором истории с картонами Рубенса, желая заполучить некоторые вещи художника для своей коллекции?"
"Кто сопровождал Марию Стюарт, принцессу Оранскую, в Нидерланды в феврале 1642 года и впоследствии стал её доверенным лицом и компаньонкой?",В феврале 1642 года Марию Стюарт сопровождала в Нидерланды её компаньонка Элизабет Клерк. Впоследствии она стала доверенным лицом и компаньонкой Марии Стюарт.,0.9919802549364605,"Кто сопровождал Марию Стюарт, принцессу Оранскую, в Нидерланды в феврале 1642 года и впоследствии стал её доверенным лицом и компаньонкой?"
Как погиб Мехмет-бей II Караманид во время осады Антальи?,"Мехмет-бей II Караманид погиб во время осады Антальи в 1426 году. Он был убит стрелой, выпущенной из арбалета, когда находился на стене города.",0.6246060819024778,Как погиб Мехмет-бей II Караманид во время осады Антальи?
В каком году норманны полностью разграбили трирское аббатство Святого Максимина и уничтожили его книжное собрание?,Норманнские набеги на Трирское аббатство Святого Максимина произошли в 882 году. В ходе этих набегов норманны разграбили аббатство и уничтожили значительную часть его книжного собрания.,0.018090245711491024,В каком году норманны полностью разграбили трирское аббатство Святого Максимина и уничтожили его книжное собрание?
Кто возглавлял исихастское движение в Византии в XIV веке?,"Исихазм — это течение в православном богословии и духовной жизни, которое получило широкое распространение в Византийской империи в XIV веке. Его основоположником считается Григорий Палама, архиепископ Фессалоникийский. Он разработал учение о божественных энергиях и их проявлении через нетварный свет, который был явлен ученикам на горе Афон во время молитвы. Это событие стало отправной точкой для развития исихазма как особого пути к Богу через молитву и созерцание.

Григорий Палама активно защищал свои взгляды от критики со стороны противников, таких как Варлаам Калабрийский и Акиндин. В результате этих споров были сформулированы основные положения паламитского учения, которые легли в основу православной догматики.

Таким образом, Григорий Палама является ключевой фигурой в истории исихастского движения в Византии XIV века.",0.6832892440109549,Кто возглавлял исихастское движение в Византии в XIV веке?
"Кто в книге «Третьяков» 2004 года писал, что весной 1882 года приносил дочь Татьяну копировать картину «Странник» Перова?",В книге «Третьяков» 2004 года эту информацию приводит Сергей Николаевич Грачёв.,0.9944251351075967,"Кто в книге «Третьяков» 2004 года писал, что весной 1882 года приносил дочь Татьяну копировать картину «Странник» Перова?"
Какое количество бинокулярных дальномеров «Барра и Струда» было установлено на каждом корабле типа «Орион»?,"На каждом корабле типа ""Орион"" было установлено по два бинокулярных дальномера ""Барра и Струда"".",0.020632406928582432,Какое количество бинокулярных дальномеров «Барра и Струда» было установлено на каждом корабле типа «Орион»?
"Кто, по словам Эльфенгрена, заставил его начать выступление Северо-Ингерманландского батальона?","По словам Эльфенгрена, его выступление Северо-Ингерманландского батальона было инициировано командующим 1-й армией генералом Ренненкампфом.",0.9991619150748178,"Кто, по словам Эльфенгрена, заставил его начать выступление Северо-Ингерманландского батальона?"
"Кто был единственным сыном Давида I и Матильды, достигшим зрелого возраста и ставшим Генрихом Шотландским, графом Хантингдоном?","Единственным сыном Давида I и Матильды, достигшим зрелого возраста и ставшим Генрихом Шотландским, графом Хантингдона, был **Генрих** (Henry).",0.28773204120524487,"Кто был единственным сыном Давида I и Матильды, достигшим зрелого возраста и ставшим Генрихом Шотландским, графом Хантингдоном?"
Какое государство проигнорировало созванный Филиппом II в конце 338 года Коринфский конгресс?,"Государством, которое проигнорировало созванный Филиппом II в конце 338 года Коринфский конгресс, был Афины.",0.11468718105223635,Какое государство проигнорировало созванный Филиппом II в конце 338 года Коринфский конгресс?
В каком году началось строительство первой очереди района Песчаных улиц?,Строительство первой очереди района Песчаных улиц в Москве началось в 1970-х годах.,0.9797616595731203,В каком году началось строительство первой очереди района Песчаных улиц?
В каком году в рамках конституционной революции евреям Персии было официально гарантировано гражданское и экономическое равноправие?,1906 год,0.3691052388044213,В каком году в рамках конституционной революции евреям Персии было официально гарантировано гражданское и экономическое равноправие?
"В каком году Деметрий Полиоркет объявил себя царём, после чего его жена Фила, дочь Антипатра, получила титул царицы?","Деметрий Полиоркет объявил себя царём в 306 году до н. э., а его жена Фила, дочь Антипатра, получила титул царицы в том же году.",0.003454533332216427,"В каком году Деметрий Полиоркет объявил себя царём, после чего его жена Фила, дочь Антипатра, получила титул царицы?"
Кем и для какого иконостаса была создана икона «Распятие» около 1500 года?,"Икона «Распятие», созданная около 1500 года, относится к искусству Новгорода. Она была выполнена для иконостаса церкви Спаса Преображения на Ильине улице в Новгороде.",0.9955859060845956,Кем и для какого иконостаса была создана икона «Распятие» около 1500 года?
Какой джазовый альбом был первым записанным в Соединённых Штатах при помощи цифровой аппаратуры?,"Первым джазовым альбомом, который был записан с использованием цифровой аппаратуры в США, стал альбом ""Bitches Brew"" Майлза Дэвиса, выпущенный в 1970 году. Этот альбом считается одним из самых важных и влиятельных в истории джаза, так как он открыл путь для экспериментов с электронными инструментами и звуковыми эффектами, которые стали характерными для джаз-фьюжн музыки.",0.24260752448886408,Какой джазовый альбом был первым записанным в Соединённых Штатах при помощи цифровой аппаратуры?
В каком году игра Rockstar Games presents Table Tennis была портирована на консоль Wii?,"Игра ""Rockstar Games Presents Table Tennis"" была портирована на консоль Wii в 2007 году.",0.0005463336535038146,В каком году игра Rockstar Games presents Table Tennis была портирована на консоль Wii?
Кто является главным героем игры «Clive Barker’s Undying»?,"Главный герой игры ""Clive Barker's Undying"" — Патрик Гэллоуэй. Он бывший военный и маг, который возвращается в свой родовой замок после смерти своего брата Иеремии. В замке он сталкивается с множеством сверхъестественных существ и пытается разгадать тайну того, что произошло с его братом и почему замок стал местом зловещих событий.",0.9916545643794608,Кто является главным героем игры «Clive Barker’s Undying»?
Кто в сезоне 2008/2009 был самым высокооплачиваемым игроком «Кливленд Кавальерс»?,Самым высокооплачиваемым игроком «Кливленд Кавальерс» в сезоне 2008/2009 года был Леброн Джеймс.,0.0018111710742017232,Кто в сезоне 2008/2009 был самым высокооплачиваемым игроком «Кливленд Кавальерс»?
Когда умер император Тит?,Император Тит Флавий Веспасиан скончался 13 сентября 81 года нашей эры в возрасте 52 лет.,0.01108361772339912,Когда умер император Тит?
"Кто является автором памятника «Треблинка», установленного в 1979 году в Берлине?","Автором памятника «Треблинка», установленного в 1979 году в Берлине, является скульптор Арно Брекер.",0.10650923217998204,"Кто является автором памятника «Треблинка», установленного в 1979 году в Берлине?"
Кто первым принёс акварельные краски в дом Ильи Ефимовича Репина?,Акварельные краски впервые появились в доме художника Ильи Ефимовича Репина благодаря его жене Вере Алексеевне. Она привезла их из поездки за границу и познакомила мужа с этим видом живописи.,0.5092212046131386,Кто первым принёс акварельные краски в дом Ильи Ефимовича Репина?
"Кто был тёткой Мэри Уэлен-Леонард, которая работала медсестрой до 1942 года, а затем стала физиотерапевтом и участвовала в борьбе против полиомиелита?","Тётка Мэри Уэлен-Леонард была её двоюродной сестрой, Элеонора Леонард.",0.9415371985593822,"Кто был тёткой Мэри Уэлен-Леонард, которая работала медсестрой до 1942 года, а затем стала физиотерапевтом и участвовала в борьбе против полиомиелита?"
В каком городе родился Децим Клодий Альбин?,"Децим Клодий Альбин родился в городе Цизальпинская Галлия, который сейчас известен как Милан, Италия.",0.00016571214195842336,В каком городе родился Децим Клодий Альбин?
На каком месте по продажам в Великобритании за первую неделю после релиза оказалась игра Dishonored на всех платформах?,"Игра ""Dishonored"" заняла первое место по продажам в Великобритании за первую неделю после релиза на всех платформах.",0.0050811207731075204,На каком месте по продажам в Великобритании за первую неделю после релиза оказалась игра Dishonored на всех платформах?
Какова была явка избирателей в Алматинской области на парламентских выборах в Казахстане 2012 года?,"На парламентских выборах в Казахстане в 2012 году в Алматинской области явка избирателей составила **83,7%**.",0.024679704016493494,Какова была явка избирателей в Алматинской области на парламентских выборах в Казахстане 2012 года?
Кем был впервые найден вид Vicia dennesiana около 1845 года?,Вид Vicia dennesiana был впервые обнаружен в районе Деннис на острове Уайт в Англии в 1845 году.,0.8824196197784974,Кем был впервые найден вид Vicia dennesiana около 1845 года?
"Кто выступал обвинителем Публия Ватиния на суде, состоявшемся вскоре после истечения его трибунских полномочий в 59 году до н. э.?","На суде, который состоялся вскоре после истечения трибунатства Публия Ватиния в 59 году до н. э., обвинителем выступил **Гай Юлий Цезарь**.",0.0033335742258960846,"Кто выступал обвинителем Публия Ватиния на суде, состоявшемся вскоре после истечения его трибунских полномочий в 59 году до н. э.?"
Кто руководил тральной операцией «Розница» в проливе Корфу 12—13 ноября 1946 года?,Руководителем траления мин в проливе Корфу с 12 по 13 ноября 1946 года был капитан 1-го ранга Николай Александрович Слюсаренко.,0.9998932602805761,Кто руководил тральной операцией «Розница» в проливе Корфу 12—13 ноября 1946 года?
"Какое произведение Владимира Высоцкого, фрагменты которого он читал Василию Аксёнову, было обнаружено в его бумагах после смерти поэта в июле 1980 года?",В бумагах Владимира Высоцкого после его смерти в июле 1980 года был обнаружен фрагмент произведения под названием «Я не люблю».,0.8371187394088235,"Какое произведение Владимира Высоцкого, фрагменты которого он читал Василию Аксёнову, было обнаружено в его бумагах после смерти поэта в июле 1980 года?"
Какое таинственное существо из стихотворения Дж. Р. Р. Толкина «Приключения Тома Бомбадила» было захвачено Томом Бомбадилом и стало его женой?,"В стихотворении Джона Рональда Руэла Толкина «Приключения Тома Бомбадила» загадочное существо, которое Том Бомбадил захватил и сделал своей женой, — это Золотинка.",0.030545652275111763,Какое таинственное существо из стихотворения Дж. Р. Р. Толкина «Приключения Тома Бомбадила» было захвачено Томом Бомбадилом и стало его женой?
Кто был основателем костёла Святого Вита в Чески-Крумлове?,"Основателем костёла Святого Вита в Чески-Крумлове был Ян из Рожмберка, который начал строительство этого храма в 1579 году.",0.6688051497634803,Кто был основателем костёла Святого Вита в Чески-Крумлове?
Когда родился Джеффри Хадсон?,Джеффри Хадсон родился в 1619 году.,0.024740049704510037,Когда родился Джеффри Хадсон?
В каком году вышла киноадаптация манги «GUNNM» (Battle Angel) под названием «Алита: Боевой ангел»?,Киноадаптация манги «GUNNM» (известной как «Battle Angel») под названием «Алита: Боевой ангел» была выпущена в 2019 году.,0.003779770514161616,В каком году вышла киноадаптация манги «GUNNM» (Battle Angel) под названием «Алита: Боевой ангел»?
"В каком музее хранится акварельный этюд «Голова боярышни», созданный В. И. Суриковым для картины «Взятие снежного городка»?","Акварельный этюд «Голова боярышни», созданный Василием Ивановичем Суриковым для картины «Взятие снежного городка», хранится в Государственной Третьяковской галерее в Москве.",0.2526953407834073,"В каком музее хранится акварельный этюд «Голова боярышни», созданный В. И. Суриковым для картины «Взятие снежного городка»?"
В каком году были прекращены эксперименты со стрельбой нарезными снарядами из 122-мм пушки образца 1931 года (А-19)?,Эксперименты со стрельбой нарезными снарядами из 122-мм пушки образца 1931 года (А-19) были прекращены в 1940 году.,0.02606650967962985,В каком году были прекращены эксперименты со стрельбой нарезными снарядами из 122-мм пушки образца 1931 года (А-19)?
"Кого называл «сыном Зевса» Анаксарх в анекдоте, приведённом Плутархом?",Анаксарх называл Александра Македонского «сыном Зевса».,0.0004712402855766769,"Кого называл «сыном Зевса» Анаксарх в анекдоте, приведённом Плутархом?"
Кому был передан замок Бруэм в 1322 году после казни Роджера Клиффорда?,Замок Бруэм был передан королю Эдуарду II после казни Роджера Клиффорда в 1322 году.,0.015259022535941838,Кому был передан замок Бруэм в 1322 году после казни Роджера Клиффорда?
Какой срок наказания был назначен Сергею Александровичу Помазуну в апреле 2005 года за угон автомобилей?,В апреле 2005 года Сергею Александровичу Помазуну было назначено наказание в виде лишения свободы на срок 1 год и 6 месяцев за угон автомобилей.,0.007954786928306702,Какой срок наказания был назначен Сергею Александровичу Помазуну в апреле 2005 года за угон автомобилей?
Кто в 1227 году отлучил императора Священной Римской империи Фридриха II от церкви?,"В 1227 году папа римский Григорий IX отлучил императора Священной Римской империи Фридриха II от церкви за то, что тот не выполнил свои обеты по крестовому походу.",0.0052305884998911836,Кто в 1227 году отлучил императора Священной Римской империи Фридриха II от церкви?
"Какой доход в год от таможенных поступлений на Карибских островах достиг к моменту смерти Джеймса Хэя, 1-го графа Карлайла?","К моменту смерти Джеймса Хэя, 1-го графа Карлайла, доходы от таможенных поступлений на Карибских островах достигли примерно 200 тысяч фунтов стерлингов в год.",0.4045173473569114,"Какой доход в год от таможенных поступлений на Карибских островах достиг к моменту смерти Джеймса Хэя, 1-го графа Карлайла?"
"С кем вступила во второй брак Елена, дочь Петра Аркадьевича Столыпина?",Елена Петровна Столыпина (в девичестве Трубецкая) вышла замуж за князя Дмитрия Дмитриевича Оболенского в 1906 году.,0.889932685693949,"С кем вступила во второй брак Елена, дочь Петра Аркадьевича Столыпина?"
Какой цвет кожи у Вишну в индуистской иконографии?,В индуистской иконографии бог Вишну изображается с кожей синего цвета. Этот цвет символизирует его божественную природу и связь с космическими силами.,0.0006208411192788543,Какой цвет кожи у Вишну в индуистской иконографии?
Какой фермент катализирует превращение глюкозо-6-фосфата в 6-фосфоглюконо-δ-лактон на окислительном этапе пентозофосфатного пути?,"Фермент, который катализирует превращение глюкозо-6-фосфата в 6-фосфоглюконо-δ-лактон на окислительном этапе пентозофосфатного пути, называется глюкозо-6-фосфатдегидрогеназа (G6PD). Этот фермент играет ключевую роль в окислительном этапе пентозофосфатного пути, обеспечивая образование НАДФН и рибозо-5-фосфата из глюкозы-6-фосфата.",0.018239771198478628,Какой фермент катализирует превращение глюкозо-6-фосфата в 6-фосфоглюконо-δ-лактон на окислительном этапе пентозофосфатного пути?
В каком году Билефельдский университет приобрёл литературное наследие Никласа Лумана?,Билефельдский университет приобрёл литературное наследие Никласа Лумана в 2015 году.,0.024276084405156523,В каком году Билефельдский университет приобрёл литературное наследие Никласа Лумана?
"Какая разновидность ненецкого языка, бывшая в ходу на Новой Земле, вымерла в 1950-х годах?","Ненецкий язык, бывший в ходу на Новой Земле и вымерший в 1950-х годах, называется **новоземельский ненецкий язык**.",0.782907920136533,"Какая разновидность ненецкого языка, бывшая в ходу на Новой Земле, вымерла в 1950-х годах?"
"В каком городе, прославившемся медициной и переливанием крови, разворачивается действие игры «Bloodborne»?",Действие игры «Bloodborne» разворачивается в вымышленном городе Ярнам. Этот город стал знаменитым благодаря своей медицине и исследованиям в области переливания крови.,0.0400733679808643,"В каком городе, прославившемся медициной и переливанием крови, разворачивается действие игры «Bloodborne»?"
Кто в феврале 1347 года был послан королём Эдуардом III в Шотландию для участия в суде над графами Ментейта и Файфа?,"В феврале 1347 года король Англии Эдуард III отправил в Шотландию своего представителя — Уильяма Монтегю, графа Солсбери, чтобы он участвовал в суде над шотландскими графами Уильямом Дугласом, 6-м графом Атоллом, и Джоном Стюартом, 2-м графом Файфом.",0.14486845805146245,Кто в феврале 1347 года был послан королём Эдуардом III в Шотландию для участия в суде над графами Ментейта и Файфа?
"Кем является философ, чья концепция «Бог или Природа» относится к пантеизму как течению относительного метафизического атеизма?","Философом, чьё понятие «Бог или природа» связано с пантеизмом и относится к течению относительно метафизического атеизма, является Бенедикт Спиноза.",0.14744491398168483,"Кем является философ, чья концепция «Бог или Природа» относится к пантеизму как течению относительного метафизического атеизма?"
Кем был Лоренс Олифант командирован в Торонто зимой 1873 года?,Лоренс Олифант был командирован в Торонто зимой 1873 года как представитель британской короны и дипломатический посланник. Он был назначен на эту должность королевой Викторией.,0.9982607090268885,Кем был Лоренс Олифант командирован в Торонто зимой 1873 года?
"Кто из участников Британской экспедиции на Джомолунгму 1922 года дал ответ «потому, что она есть» на вопрос о желании покорить вершину?","Ответ «потому, что она есть» на вопрос о желании покорить вершину дал Джордж Мэллори в ходе Британской экспедиции на Джомолунгму 1922 года.",0.9571070057361587,"Кто из участников Британской экспедиции на Джомолунгму 1922 года дал ответ «потому, что она есть» на вопрос о желании покорить вершину?"
"Кто в 1929 году в письме Виланду Майру утверждал, что алкоголь не играл никакой роли в творчестве Эрика Сати?","В письме Виланду Майру в 1929 году утверждал, что алкоголь не играл никакой роли в творчестве Эрика Сати, французский композитор и пианист **Жак-Ибер**.",0.47784660386975875,"Кто в 1929 году в письме Виланду Майру утверждал, что алкоголь не играл никакой роли в творчестве Эрика Сати?"
"Как называлась первая музыкальная группа Варга Викернеса, созданная в 1988 или 1989 году?","Первая музыкальная группа Варга Викернеса, созданная в 1988 или 1989 году, называлась **""Kalashnikovs""**.",0.010794080040912195,"Как называлась первая музыкальная группа Варга Викернеса, созданная в 1988 или 1989 году?"
Кем был руководим проект Дворца культуры Минского тракторного завода в Тракторозаводском посёлке?,Проект Дворца культуры Минского тракторного завода в Тракторозаводском посёлке был разработан архитектором Александром Александровичем Гецелем.,0.9996038260367691,Кем был руководим проект Дворца культуры Минского тракторного завода в Тракторозаводском посёлке?
Какое прозвище дала школьная учительница Юнатану в некрологе за спасение брата из пожара в книге Астрид Линдгрен «Братья Львиное сердце»?,В книге Астрид Линдгрен «Братья Львиное сердце» учительница назвала Юнатана «Львиным сердцем».,0.9896171607912239,Какое прозвище дала школьная учительница Юнатану в некрологе за спасение брата из пожара в книге Астрид Линдгрен «Братья Львиное сердце»?
"Кем стала одна из дочерей Гамилькара Барка, ставшая прототипом главной героини романа Гюстава Флобера «Саламбо»?","Одна из дочерей Гамилькара Барка, которая стала прототипом главной героини романа Гюстава Флобера «Саламбо», была по имени Саламбо.",0.9291780932910512,"Кем стала одна из дочерей Гамилькара Барка, ставшая прототипом главной героини романа Гюстава Флобера «Саламбо»?"
"Кто стал первой в истории женщиной на посту комиссара профессиональной спортивной лиги, заняв эту должность в World Team Tennis в 1984 году?",Первой женщиной на посту комиссара профессиональной спортивной лиги стала **Энн МакКормак** (Anne McCormack). Она заняла эту должность в World Team Tennis в 1984 году.,0.9940530182602039,"Кто стал первой в истории женщиной на посту комиссара профессиональной спортивной лиги, заняв эту должность в World Team Tennis в 1984 году?"
Какое здание было подожжено белыми активистами во время беспорядков в Уилмингтоне в ноябре 1898 года?,"Во время беспорядков в Уилмингтоне в ноябре 1898 года белые активисты подожгли здание местной газеты ""Wilmington Daily Record"". Это событие стало одним из самых известных актов насилия против афроамериканцев и прессы на юге США в конце XIX века.",0.09866682745350686,Какое здание было подожжено белыми активистами во время беспорядков в Уилмингтоне в ноябре 1898 года?
В каком году Владимир Высоцкий написал пародийную «цыганскую» песню «На степи молдаванские // Пролился свет костров…» для студенческого спектакля во время учёбы в Школе-студии МХАТ?,Владимир Высоцкий написал пародийную «цыганскую» песню «На степи молдаванские // Пролился свет костров…» в 1957 году для студенческого спектакля во время учёбы в Школе-студии МХАТ.,0.08780363849115222,В каком году Владимир Высоцкий написал пародийную «цыганскую» песню «На степи молдаванские // Пролился свет костров…» для студенческого спектакля во время учёбы в Школе-студии МХАТ?
Из чего состоит геном вирофага Замилон?,"Геном вирофага Замилон представляет собой кольцевую молекулу ДНК, которая содержит информацию для синтеза белков и РНК, необходимых для размножения вируса внутри клетки-хозяина.",0.7232005067898356,Из чего состоит геном вирофага Замилон?
В каком году альбом Headhunters джазового пианиста Херби Хэнкока сделал инструмент хиндеху широко известным в западной музыке?,"Альбом ""Headhunters"" джазового пианиста Херби Хэнкока был выпущен в 1973 году и стал одним из самых известных альбомов в жанре джаз-фьюжн. Он включал в себя такие композиции, как ""Chameleon"", ""Watermelon Man"" и ""Seen You 'Round"". Альбом получил признание критиков и коммерческий успех, а также помог популяризировать использование синтезаторов и других электронных инструментов в джазовой музыке.",0.0037780029410241505,В каком году альбом Headhunters джазового пианиста Херби Хэнкока сделал инструмент хиндеху широко известным в западной музыке?
"Кто в середине X века рассказал о славянских племенах Рашки, Дукли, Травунии, Захумья, Пагании и Боснии?","В середине X века византийский император Константин VII Багрянородный написал трактат «Об управлении империей», где подробно описал различные народы и племена Балканского полуострова, включая славянские племена Рашки, Дукли, Травунию, Захумья, Пагании и Боснию.",0.006169884101384642,"Кто в середине X века рассказал о славянских племенах Рашки, Дукли, Травунии, Захумья, Пагании и Боснии?"
"Какая организация включила огненногрудую петроику в список видов, близких к уязвимому положению?","Огненно-грудая петроика была включена в список видов, близких к уязвимому положению, организацией BirdLife International.",0.2782825458772309,"Какая организация включила огненногрудую петроику в список видов, близких к уязвимому положению?"
Какого цвета споровый порошок у всех видов рода Энтолома?,Споровый порошок у всех видов рода Entoloma имеет розовый цвет.,0.0020072541630358413,Какого цвета споровый порошок у всех видов рода Энтолома?
Кто из премьер-министров Швеции оставался в неведении о присутствии шпиона Стига Веннерстрёма в шведской разведке вплоть до его ареста?,Премьер-министр Швеции Улоф Пальме оставался в неведении о присутствии шпиона Стига Веннерстрёма в шведской разведке вплоть до его ареста.,0.058082057710743075,Кто из премьер-министров Швеции оставался в неведении о присутствии шпиона Стига Веннерстрёма в шведской разведке вплоть до его ареста?
"Кто, по мнению искусоведа Ольги Лясковской, послужил прототипом для ряда женских фигур в картине Карла Брюллова «Последний день Помпеи»?","По мнению искусоведа Ольги Лясковской, в качестве прототипов для ряда женских фигур в картине Карла Брюллова «Последний день Помпеи» послужили его современницы — художница Елена Павловна и актриса Мария Николаевна Ермолова.",0.9982141175390694,"Кто, по мнению искусоведа Ольги Лясковской, послужил прототипом для ряда женских фигур в картине Карла Брюллова «Последний день Помпеи»?"
В каком году Маргарита Йоркская вышла замуж за Карла Смелого?,Маргарита Йоркская вышла замуж за Карла Смелого в 1468 году.,0.005735842356923923,В каком году Маргарита Йоркская вышла замуж за Карла Смелого?
Кто в апреле 1082 года принял командование армией в Отранто для подавления феодального мятежа в Апулии?,В апреле 1082 года командование армией в Отранто для подавления феодального мятежа в Апулии принял Роберт Гвискар.,0.19134882501334213,Кто в апреле 1082 года принял командование армией в Отранто для подавления феодального мятежа в Апулии?
"Против кого Джон Макинрой играл в финале Открытого чемпионата Франции в 1984 году, где он упустил свой самый реальный шанс выиграть этот турнир?",В финале Открытого чемпионата Франции по теннису 1984 года Джон Макинрой проиграл Ивану Лендлу.,0.02671559596891383,"Против кого Джон Макинрой играл в финале Открытого чемпионата Франции в 1984 году, где он упустил свой самый реальный шанс выиграть этот турнир?"
Кто разработал язык Tcl?,"Язык Tcl (Tool Command Language) был разработан Джоном Оустерхаутом в 1988 году. Он изначально создавался как инструмент для автоматизации задач и написания скриптов, но со временем превратился в полноценный язык программирования с широким спектром применений.",0.0022416635584752466,Кто разработал язык Tcl?
Кто позировал художнику для фигуры невесты в картине «Сватовство майора»?,Позировала художнику для фигуры невесты в картине «Сватовство майора» Софья Николаевна Шереметева.,0.996993211779347,Кто позировал художнику для фигуры невесты в картине «Сватовство майора»?
"В каком году в Россию впервые попал спирт, привезённый генуэзским посольством под названием «аква вита»?","Спирт, привезённый генуэзским посольством под названием «аква вита», впервые попал в Россию в 1386 году.",0.011433400034523155,"В каком году в Россию впервые попал спирт, привезённый генуэзским посольством под названием «аква вита»?"
В честь кого в 1919 году была переименована Дубровинская улица в Екатеринбурге?,В 1919 году Дубровинская улица в Екатеринбурге была переименована в улицу имени Якова Михайловича Свердлова.,0.6038239470735463,В честь кого в 1919 году была переименована Дубровинская улица в Екатеринбурге?
В каком году впервые была поставлена последняя большая работа Эфуа Теодора Сазерленда «The Marriage of Anansewa»?,Последняя крупная работа Эфуа Теодора Сазерленда «The Marriage of Anansewa» была впервые поставлена в 1968 году.,0.21293111140940704,В каком году впервые была поставлена последняя большая работа Эфуа Теодора Сазерленда «The Marriage of Anansewa»?
В какой части города Барнаула концентрация промышленных предприятий приводит к превышению предельно допустимой концентрации выбросов кадмия в 10 раз?,"Концентрация промышленных предприятий, приводящая к превышению предельно допустимой концентрации выбросов кадмия в 10 раз, находится в районе завода «Барнаульский завод цветных металлов» и прилегающих к нему территорий.",0.9960145713527097,В какой части города Барнаула концентрация промышленных предприятий приводит к превышению предельно допустимой концентрации выбросов кадмия в 10 раз?
Какое морское сражение 394 года стало местом первого предполагаемого подвига Ификрата?,"Морское сражение в 394 году до н. э., которое считается местом первого предполагаемого подвига Ификрата, — это битва при Кизике.",0.08091392459029446,Какое морское сражение 394 года стало местом первого предполагаемого подвига Ификрата?
С кем в паре Мартина Навратилова выиграла Открытый чемпионат США в смешанном парном разряде в сезоне 2006 года?,Мартина Навратилова в паре с Бобом Брайаном выиграла Открытый чемпионат США по теннису в смешанном парном разряле в сезоне 2006 года.,0.12175150139043278,С кем в паре Мартина Навратилова выиграла Открытый чемпионат США в смешанном парном разряде в сезоне 2006 года?
Какая религия является доминирующей среди минахасцев?,"Минахасцы исповедуют ислам, который является доминирующей религией в этом регионе.",0.001630739164961412,Какая религия является доминирующей среди минахасцев?
Сколько евреев погибло в ходе погрома в Хевроне?,"Погромы в Хевроне происходили неоднократно на протяжении истории. Один из самых известных и трагических событий произошел в 1929 году, когда арабские жители города напали на еврейскую общину, убив десятки людей и разрушив синагоги и дома. В результате этого погрома погибли около 67 евреев.",0.0979378598140286,Сколько евреев погибло в ходе погрома в Хевроне?
Кто стал новым командиром Ольстерских добровольческих сил после ареста и приговора Спенса?,"После ареста и вынесения приговора Уильяму Спенсу, который был первым командующим Ольстерскими добровольческими силами (UVF), новым командиром этой организации стал Билли Хант.",0.7205450432627252,Кто стал новым командиром Ольстерских добровольческих сил после ареста и приговора Спенса?
"В каком году, по мнению турецкого историка Сакаоглу, родилась Безмиалем-султан?","По мнению турецкого историка Сакаоглу, Безмиалем-султан родилась в 1520 году.",0.33965093924127526,"В каком году, по мнению турецкого историка Сакаоглу, родилась Безмиалем-султан?"
"Какой период времени, согласно современным оценкам, может рассматриваться как длительность Геноцида армян?","Согласно современным оценкам, Геноцид армян начался 24 апреля 1915 года и продолжался до 1923 года.",0.017863230468328536,"Какой период времени, согласно современным оценкам, может рассматриваться как длительность Геноцида армян?"
"С кем из персонажей «Калевалы» часто сравнивают Тома Бомбадила из «Властелина Колец» из-за того, что у обоих есть невесты, связанные с водой?","Тома Бомбадила часто сравнивают с Вяйнямёйненом из «Калевалы». Оба персонажа имеют жен, связанных с водой: у Тома Бомбадила — Золотая Леди, а у Вяйнямёйнена — дева моря Велламо.",0.9913397032580493,"С кем из персонажей «Калевалы» часто сравнивают Тома Бомбадила из «Властелина Колец» из-за того, что у обоих есть невесты, связанные с водой?"
В каком году был основан храм Фуктакчхи в Сингапуре?,Храм Фуктакчхи в Сингапуре был основан в 1824 году.,0.012602954635319217,В каком году был основан храм Фуктакчхи в Сингапуре?
Какой роман Фланнери О’Коннор послужил источником вдохновения для песни «Exit» группы U2?,"Роман Фланнери О'Коннор, который послужил источником вдохновения для песни ""Exit"" группы U2, называется ""Мудрые дети"".",0.24566061867946062,Какой роман Фланнери О’Коннор послужил источником вдохновения для песни «Exit» группы U2?
В каком коттедже в Уэльсе участники группы Led Zeppelin написали песни для альбома Led Zeppelin III?,"Участники группы Led Zeppelin написали песни для своего третьего студийного альбома ""Led Zeppelin III"" в коттедже Bron-Yr-Aur, который находится в графстве Кардиганшир, Уэльс. Этот коттедж был выбран по совету гитариста Джимми Пейджа и стал местом, где группа провела несколько недель, работая над новым материалом.",0.0047850087611898,В каком коттедже в Уэльсе участники группы Led Zeppelin написали песни для альбома Led Zeppelin III?
В каком созвездии Зевс поместил образ Диоскуров в награду за искреннюю братскую любовь Полидевка?,Зевс поместил образ Диоскуров в созвездие Близнецов как награду за их искреннюю братскую любовь и верность друг другу.,0.03736405601729946,В каком созвездии Зевс поместил образ Диоскуров в награду за искреннюю братскую любовь Полидевка?
"Кто сказал, что «забвение или, лучше сказать, историческое заблуждение является одним из главных факторов создания нации»?","Эта фраза принадлежит французскому философу Эрнесту Ренану. Он утверждал, что забвение и исторические заблуждения играют важную роль в формировании национальной идентичности.",0.23115574586297596,"Кто сказал, что «забвение или, лучше сказать, историческое заблуждение является одним из главных факторов создания нации»?"
"Как называется режим в игре «Spirit Camera: The Cursed Memoir», в котором игрок делает фотографию себя или других людей, а затем сражается против призрака с лицом с этой фотографии?","Режим, о котором вы спрашиваете, называется **«Фотография»**. В этом режиме игрок фотографирует себя или других людей, и на основе этих фотографий появляются призраки, которых нужно победить.",0.9995862179837404,"Как называется режим в игре «Spirit Camera: The Cursed Memoir», в котором игрок делает фотографию себя или других людей, а затем сражается против призрака с лицом с этой фотографии?"
"В каком городе скончался генерал Фредерик Мод, фигурирующий на картине Джона Сингера Сарджента «Генералы Первой мировой войны»?","Генерал Фредерик Мод скончался в городе Лозанна, Швейцария.",0.999824672210919,"В каком городе скончался генерал Фредерик Мод, фигурирующий на картине Джона Сингера Сарджента «Генералы Первой мировой войны»?"
"Кто был назначен лейтенант-губернатором Северо-Западных территорий в 1869 году, что вызвало недовольство местных франкоговорящих метисов?","В 1869 году на должность лейтен-губернатора Северо-Западных территорий был назначен Уильям Маккензи-Кинг. Его назначение вызвало недовольство среди местных франкоговорящих метисов, так как он не говорил по-французски и не проявлял интереса к их культуре и языку. Это привело к напряженности между франкоязычным населением и новым правительством.",0.2591681386969065,"Кто был назначен лейтенант-губернатором Северо-Западных территорий в 1869 году, что вызвало недовольство местных франкоговорящих метисов?"
В каком году Беренгария передала свои территории Кастроверде и Саламанка своему старшему сыну Фернандо?,Беренгария Наваррская передала свои территории Кастровере и Саламанку своему старшему сыну Фернандо в 1037 году.,0.01333628294155352,В каком году Беренгария передала свои территории Кастроверде и Саламанка своему старшему сыну Фернандо?
Какую роль сыграл Дэвид Боуи в биографическом фильме 1996 года «Баския»?,"В биографическом фильме 1996 года «Баския», посвящённом жизни и творчеству художника Жана-Мишеля Баскии, Дэвид Боуи исполнил одну из главных ролей — Энди Уорхола. В этом фильме он сыграл культового американского художника и основателя поп-арта, который был наставником и другом Баскии. Роль Дэвида Боуи была высоко оценена критиками и зрителями, а его актёрское мастерство помогло создать убедительный образ одного из самых влиятельных художников XX века.",0.05778194932195365,Какую роль сыграл Дэвид Боуи в биографическом фильме 1996 года «Баския»?
"Кто командовал англичанами, занявшими и подожгли Вашингтон в ходе англо-американской войны в августе 1814 года?",В августе 1814 года город Вашингтон был захвачен и сожжен британскими войсками во время Англо-американской войны. Командующим британской армией был генерал-майор Роберт Росс.,0.007883532162589399,"Кто командовал англичанами, занявшими и подожгли Вашингтон в ходе англо-американской войны в августе 1814 года?"
"Кто сыграл главную роль в американском порнофильме «Глубокая глотка», вышедшем в 1972 году?",Главная роль в американском порнофильме «Глубокая глотка» была сыграна Линдой Лавлейс.,0.017905324875743048,"Кто сыграл главную роль в американском порнофильме «Глубокая глотка», вышедшем в 1972 году?"
"Как переводится на русский язык слово «ками», обозначающее объект поклонения в синтоизме?","Слово «ками» в синтоизме означает объект поклонения или божество. В русском языке это можно перевести как «божество», «дух» или «священное существо».",0.012083895870639363,"Как переводится на русский язык слово «ками», обозначающее объект поклонения в синтоизме?"
"Кем была жена Кена, военачальника Александра Македонского, вышедшая за него замуж в конце 335 года до н. э.?","Жена Кена, военачальника Александра Македонского, вышла за него замуж в конце 335 года до н. э. Ее имя было Роксалана.",0.20828374602125627,"Кем была жена Кена, военачальника Александра Македонского, вышедшая за него замуж в конце 335 года до н. э.?"
Кто был назначен комендантом крепости Антверпен 8 сентября на смену генералу Дюфуру?,На смену генералу Дюфуру комендантом крепости Антверпен был назначен генерал-лейтенант де Вимпфен.,0.9973751169454735,Кто был назначен комендантом крепости Антверпен 8 сентября на смену генералу Дюфуру?
"Какой злодей, являющийся дьяволом, заключил сделку с Человеком-пауком в сюжетной арке «Spider-Man: One More Day»?","В сюжетной арке комиксов «Spider-Man: One More Day», которая была опубликована издательством Marvel Comics в 2007 году, главным антагонистом является Мефисто, могущественный демон и один из самых известных злодеев вселенной Marvel. Он известен как Дьявол или Сатана в мире комиксов.

Мефисто предложил Питеру Паркеру (Человеку-пауку) сделку: он заберёт у него память о его браке с Мэри Джейн Уотсон, но взамен спасёт жизнь его тёти Мэй Паркер от смертельной болезни. Питер согласился на эту сделку, что привело к стиранию памяти о его браке с Мэри Джейн из всех воспоминаний людей, включая его самого.

Таким образом, в этой сюжетной арке заключением сделки с Человеком-пауком занимался именно Мефисто, который представлен как дьявольская фигура.",0.6969028603496211,"Какой злодей, являющийся дьяволом, заключил сделку с Человеком-пауком в сюжетной арке «Spider-Man: One More Day»?"
"В каком году в Национальной академии наук США состоялась дискуссия, впоследствии получившая название «Большой спор»?","Дискуссия, известная как «Большой спор», состоялась в 1920 году в Национальной академии наук США.",0.49029022990357607,"В каком году в Национальной академии наук США состоялась дискуссия, впоследствии получившая название «Большой спор»?"
"Какие семена обыкновенный поползень запасает впрок, пряча их по отдельности в щелях ствола дерева и маскируя лишайником или кусочком коры?","Обыкновенный поползень (Sitta europaea) — это небольшая птица из семейства поползневых, которая известна своей способностью делать запасы пищи на зиму. Эти птицы часто прячут семена различных растений, чтобы обеспечить себя едой в холодное время года, когда найти пищу становится сложнее.

Семена, которые поползни обычно запасают, включают:

1. **Семена хвойных деревьев**: например, сосны, ели, пихты. Поползни могут прятать шишки и семена этих деревьев, используя свои сильные клювы для раскалывания скорлупы.
2. **Семена лиственных деревьев**: такие как дубы, берёзы, осины. Они также могут запасать орехи и другие семена.
3. **Семена трав и кустарников**: некоторые виды семян, которые встречаются в природе, также могут быть спрятаны поползнями.

Поползни используют различные укрытия для своих запасов, включая щели в стволах деревьев, дупла и другие естественные углубления. Они часто маскируют свои тайники, покрывая их корой, мхом или лишайниками, что помогает защитить запасы от других животных и птиц.

Таким образом, обыкновение поползня запасать семена в",0.000730957968730961,"Какие семена обыкновенный поползень запасает впрок, пряча их по отдельности в щелях ствола дерева и маскируя лишайником или кусочком коры?"
"Кем был Птолемей, казнённый императором Калигулой около 40 года?","Птолемей был царём Мавритании, который правил с 24 по 40 год нашей эры. Он был сыном Юбы II и Клеопатры Селены II, внучки знаменитой Клеопатры VII. Птолемей был последним независимым правителем Мавритании, так как после его казни Римская империя аннексировала эту территорию.",0.02117135429800354,"Кем был Птолемей, казнённый императором Калигулой около 40 года?"
По чьему проекту в 1829 году был построен Спасо-Преображенский собор в Санкт-Петербурге?,Спасо-Преображенский собор в Санкт-Петербурге был построен по проекту архитектора Андрея Ивановича Штакеншнейдера.,0.44995394852642734,По чьему проекту в 1829 году был построен Спасо-Преображенский собор в Санкт-Петербурге?
Какова дата выхода демонстрационной версии игры Crysis?,"Демо-версия игры ""Crysis"" была выпущена 13 ноября 2007 года.",0.003129720329490127,Какова дата выхода демонстрационной версии игры Crysis?
Кто в 238 году был избран римским императором вместе с Пупиеном после гибели Гордианов I и II?,"В 238 году, после гибели Гордианов I и II, римский сенат избрал двух новых императоров — Пупиена и Бальбина.",0.019210169640963868,Кто в 238 году был избран римским императором вместе с Пупиеном после гибели Гордианов I и II?
Кто принял командование у раненого бригадного генерала Чарльза О’Хары во время сражения при Гилфорд-Кортхауз?,Во время сражения при Гилфорд-Кортхауз раненый бригадный генерал Чарльз О'Хара передал командование полковнику Гарри Ли.,0.9476907416529299,Кто принял командование у раненого бригадного генерала Чарльза О’Хары во время сражения при Гилфорд-Кортхауз?
"Кто, согласно трактату Марка Туллия Цицерона «Брут», был красноречивым оратором эпохи Катона Цензора, хотя Квинт Муций Сцевола Понтифик в трактате «Об ораторе» утверждал, что Тиберий Семпроний Гракх (консул 177 года до н. э.) был совсем не красноречив?","Согласно трактату Марка Туллия Цицерона «Брут», Катон Цензор был красноречивым оратором эпохи.",0.022051800747864284,"Кто, согласно трактату Марка Туллия Цицерона «Брут», был красноречивым оратором эпохи Катона Цензора, хотя Квинт Муций Сцевола Понтифик в трактате «Об ораторе» утверждал, что Тиберий Семпроний Гракх (консул 177 года до н. э.) был совсем не красноречив?"
Какой балл из 10 присвоил игре NHL 17 обозреватель Гленн Вигмор из IGN?,Обозреватель Гленн Вигмор из IGN поставил игре NHL 17 оценку **8.5 баллов** из 10.,0.07303124462413207,Какой балл из 10 присвоил игре NHL 17 обозреватель Гленн Вигмор из IGN?
В какой цвет гяру в большинстве случаев красят волосы?,"Гяру — это субкультура, зародившаяся в Японии и известная своим ярким и эксцентричным стилем. Одним из самых узнаваемых элементов стиля гяру является их прическа, особенно цвет волос. В большинстве случаев гяру красят свои волосы в яркий блонд или платиновый оттенок. Это подчеркивает их образ, который часто ассоциируется с молодостью, энергией и модой.",0.3792918665723481,В какой цвет гяру в большинстве случаев красят волосы?
"Какие простые нитевидные образования, похожие на перья синозавроптерикса, покрывали кожу синокаллиоптерикса?","Синокаллиоптерикс был покрыт простыми нитевидными образованиями, похожими на перья синозавроптерикса.",0.3518245865524278,"Какие простые нитевидные образования, похожие на перья синозавроптерикса, покрывали кожу синокаллиоптерикса?"
Кто был матерью судьи Томаса Молтона?,"Судья Томас Молтон не является реальным историческим персонажем, поэтому у него нет матери в реальном мире.",0.7340005481895462,Кто был матерью судьи Томаса Молтона?
Какое название Викентий Хвойка дал культуре по селу Триполье Киевского уезда?,Викентий Хвойка назвал культуру по селу Триполье Киевского уезда «Трипольской культурой».,0.0018469199374899642,Какое название Викентий Хвойка дал культуре по селу Триполье Киевского уезда?
Какой биолог в XVIII веке с помощью экспериментов с лягушками открыл связь между электричеством и нервной системой?,"В XVIII веке итальянский врач и физиолог Луиджи Гальвани провел серию экспериментов с лягушками, которые привели к открытию связи между электричеством и нервной системой. Его работы заложили основу для изучения электрофизиологии и стимулировали дальнейшие исследования в этой области.",0.2521728494567724,Какой биолог в XVIII веке с помощью экспериментов с лягушками открыл связь между электричеством и нервной системой?
"Кто является единственным хищником, способным представлять опасность для кашалота?","Единственным хищником, который может представлять реальную угрозу для взрослого кашалота, является косатка (Orcinus orca). Косатки — это крупные морские млекопитающие из семейства дельфиновых, которые являются высшими хищниками в океане и охотятся на самых разных морских животных, включая других китов и дельфинов. Взрослые самцы кашалотов могут достигать длины до 20 метров и веса более 40 тонн, что делает их одними из крупнейших существ на планете. Однако даже такие огромные животные могут стать добычей для группы косаток, особенно если они ослаблены или ранены.",0.016130765135234492,"Кто является единственным хищником, способным представлять опасность для кашалота?"
В каком году Джон Леннон купил бунгало в Пуле для своей бабушки Мими Смит?,Джон Леннон купил бунгало в Пуле для своей бабушки Мими Смит в 1965 году.,0.0018831162869651337,В каком году Джон Леннон купил бунгало в Пуле для своей бабушки Мими Смит?
"Кем по профессии работала мать Артёма Ануфриева, одного из «Академовских маньяков»?","Мать Артёма Ануфриева, одного из участников дела об убийстве в Академгородке, работала врачом-психиатром.",0.9904948987478912,"Кем по профессии работала мать Артёма Ануфриева, одного из «Академовских маньяков»?"
"Кем, по утверждению Шемси Ахмед-паши в его труде Vikaye Tercümesi, является его предок, от которого он ведёт свою родословную?","По утверждению Шемси Ахмед-паши в его труде ""Vikaye Tercümesi"", его предок, от которого он ведёт свою родословную, является османским султаном Мехмедом II Завоевателем.",0.8568230753161482,"Кем, по утверждению Шемси Ахмед-паши в его труде Vikaye Tercümesi, является его предок, от которого он ведёт свою родословную?"
"Какое стандартное водоизмещение в английских тоннах у эсминца «Юбари», входящего в сравнительную таблицу крейсеров-суперэсминцев 1930-х годов?","Эсминец ""Юбари"" имел стандартное водоизмещение около 2500 тонн.",0.11080840910649696,"Какое стандартное водоизмещение в английских тоннах у эсминца «Юбари», входящего в сравнительную таблицу крейсеров-суперэсминцев 1930-х годов?"
"Кем был открыт факт того, что река Деруэнт вытекает из озера Сент-Клэр?","Факт того, что река Деруэнт вытекает из озера Сент-Клэр, был открыт шотландским исследователем и картографом Александром Ходжсоном в 1820-х годах. Он провел исследования и составил карты этого региона, на которых указал источник реки Деруэнт как озеро Сент-Клэр.",0.9741293731144058,"Кем был открыт факт того, что река Деруэнт вытекает из озера Сент-Клэр?"
"В какой модификации игры Guilty Gear XX была проведена перебалансировка персонажей, после которой критики стали отмечать относительно равные силы всех героев?",Перебалансировка персонажей в игре Guilty Gear XX была проведена в версии **Guilty Gear XX #Reload**.,0.7659920144586607,"В какой модификации игры Guilty Gear XX была проведена перебалансировка персонажей, после которой критики стали отмечать относительно равные силы всех героев?"
Как чешский писатель Людвик Ашкенази характеризует автора приключений Майка Хаммера Микки Спиллейна в своей рецензии?,"Людвик Ашкенази характеризует Майка Хаммера как «невероятно сильного и жестокого человека», который является воплощением американской мечты. Он также отмечает, что Майк Хаммер — это типичный герой американских боевиков, который всегда побеждает своих врагов и достигает своих целей любой ценой.",0.9755514213725461,Как чешский писатель Людвик Ашкенази характеризует автора приключений Майка Хаммера Микки Спиллейна в своей рецензии?
Кто был режиссёром мультфильма «Клуб Винкс: Тайна затерянного королевства»?,Режиссёром мультфильма «Клуб Винкс: Тайна затерянного королевства» является Иджинио Страффи.,0.2462048644861207,Кто был режиссёром мультфильма «Клуб Винкс: Тайна затерянного королевства»?
"Какую реку использовал акведук, построенный в Константинополе в царствование Юстиниана, для доставки воды в город?","Акведук, построенный в Константинополе в царствование императора Юстиниана I, использовал реку Марицу для доставки воды в город.",0.4117270208156559,"Какую реку использовал акведук, построенный в Константинополе в царствование Юстиниана, для доставки воды в город?"
"В каком десятилетии возникло Мужское движение, постулировавшее, что обратный сексизм является реальной социальной и культурной проблемой?","Мужское движение, которое утверждает, что обратная дискриминация мужчин — это реальная социальная и культурная проблема, возникло в 1970-х годах.",0.011555411938701786,"В каком десятилетии возникло Мужское движение, постулировавшее, что обратный сексизм является реальной социальной и культурной проблемой?"
"В каком году Standard Chartered PLC была образована в результате слияния Chartered Bank of India, Australia and China и Standard Bank of British South Africa?","Standard Chartered PLC была образована в 1969 году в результате слияния Chartered Bank of India, Australia and China и Standard Bank of British South Africa.",0.0064636339464949205,"В каком году Standard Chartered PLC была образована в результате слияния Chartered Bank of India, Australia and China и Standard Bank of British South Africa?"
Какая компания выпустила в Южной Корее приставку Sega Mark III под названием «Gam*Boy» в апреле 1989 года?,В апреле 1989 года в Южной Корее была выпущена игровая приставка Sega Mark III под названием «Gam*Boy». Эта приставка была разработана компанией Sega.,0.00458587021545809,Какая компания выпустила в Южной Корее приставку Sega Mark III под названием «Gam*Boy» в апреле 1989 года?
Какой документ стал ответом на деградацию государственного аппарата Речи Посполитой в конце XVIII века?,"Ответом на деградацию государственного аппарата Речи Посполитой в конце XVIII века стала Конституция 3 мая 1791 года. Этот документ был принят Сеймом Королевства Польского и Великого княжества Литовского и стал первой современной конституцией в Европе. Она была разработана с целью реформирования государства и укрепления его власти, а также для предотвращения дальнейшего распада и усиления влияния внешних сил.",0.21011214965386307,Какой документ стал ответом на деградацию государственного аппарата Речи Посполитой в конце XVIII века?
"Какую статью завершил Жан-Франсуа Шампольон в марте 1821 года, основываясь на текстах «Книги мёртвых»?","В марте 1821 года Жан-Франсуа Шампольон завершил свою первую научную работу — статью под названием «О египетском языке», основанную на изучении текстов «Книги мёртвых». В этой статье он впервые смог расшифровать иероглифы, что стало прорывом в египтологии и позволило понять древнеегипетскую письменность.",0.017921093873640714,"Какую статью завершил Жан-Франсуа Шампольон в марте 1821 года, основываясь на текстах «Книги мёртвых»?"
Какая студия портировала игру Half-Life на PlayStation 2 в 2001 году?,"Студия Valve Software разработала и выпустила оригинальную версию игры Half-Life для ПК. Однако, когда речь идет о портировании этой игры на консоль PlayStation 2, то здесь стоит отметить, что Valve не занималась этим процессом напрямую. Вместо этого они передали разработку порта другой компании.

Портированием игры Half-Life на платформу PlayStation 2 занималась компания Gearbox Software. Они взяли за основу исходный код игры от Valve и адаптировали его для работы на новой платформе. Это было важным шагом, так как оно позволило игрокам, которые предпочитали играть на консолях, также насладиться этой культовой игрой.

Таким образом, можно сделать вывод, что компания Gearbox Software была ответственна за перенос Half-Life на PlayStation 2.",0.7962862347109565,Какая студия портировала игру Half-Life на PlayStation 2 в 2001 году?
В каком году был выпущен дебютный студийный альбом американской рок-группы The Strokes «Is This It»?,Дебютный студийный альбом американской рок-группы The Strokes под названием «Is This It» был выпущен в 2001 году.,3.371083812334109e-05,В каком году был выпущен дебютный студийный альбом американской рок-группы The Strokes «Is This It»?
Сколько режимов игры существует в Hearthstone?,"В игре Hearthstone существует несколько режимов игры, включая:

1. **Стандартный режим** — основной режим игры, где игроки собирают колоды из карт и сражаются друг с другом.
2. **Классический режим** — более старый режим игры, который был заменен на стандартный, но все еще доступен для игроков.
3. **Режим приключений** — специальные наборы карт, которые можно разблокировать путем прохождения определенных квестов или покупки наборов карт.
4. **Режим испытаний** — режим, где игроки могут соревноваться друг с другом за награды и улучшения.
5. **Режим казуальной игры** — менее формальный режим, где игроки могут играть без необходимости собирать сильные колоды или следовать строгих правил.
6. **Режим профессионального турнира** — официальный турнирный режим, где игроки соревнуются за призы и звания.
7. **Режим тренировочной комнаты** — режим, где игроки могут тренироваться и улучшать свои навыки игры без риска проигрыша.
8. **Режим кооперативной игры** — режим, где игроки могут объединяться в команды и вместе проходить различные испытания.
9. **Режим одиночной кампании** — режим, где игрок может пройти через серию миссий и заданий, чтобы получить новые карты и улучшения",0.9963204865300728,Сколько режимов игры существует в Hearthstone?
Кто приказал казнить евнуха Потина за попытку отравления и организацию военного мятежа против него в ходе войны в Египте?,Евнух Потин был казнен по приказу Александра Македонского.,0.25929341707245784,Кто приказал казнить евнуха Потина за попытку отравления и организацию военного мятежа против него в ходе войны в Египте?
"Кто, согласно биографии, написанной Винченцо Вивиани, сбрасывал одновременно тела разной массы с вершины Пизанской башни?","Согласно биографии, написанной Винченцо Вивиани, Галилео Галилей сбрасывал одновременно тела разной массы с вершины Пизанской башни.",0.022915584659164687,"Кто, согласно биографии, написанной Винченцо Вивиани, сбрасывал одновременно тела разной массы с вершины Пизанской башни?"
"В какой стране при прокате фильма «Бесславные ублюдки» логотип был изменён, свастики на плакатах убраны или заменены на дырки от пуль, а сама версия фильма стала длиннее других на 50 секунд?","Фильм «Бесславные ублюдки» был выпущен в Германии с некоторыми изменениями для соответствия местным законам и культурным особенностям. В этой версии были удалены некоторые сцены насилия, а также изменены или удалены изображения свастик на плакатах. Кроме того, эта версия фильма была немного длиннее остальных из-за добавления дополнительных сцен.",0.9657740409569152,"В какой стране при прокате фильма «Бесславные ублюдки» логотип был изменён, свастики на плакатах убраны или заменены на дырки от пуль, а сама версия фильма стала длиннее других на 50 секунд?"
В каком году на выставке Electronic Entertainment Expo было официально анонсировано дополнение The Frozen Wilds к игре Horizon Zero Dawn?,Дополнение The Frozen Wilds к игре Horizon Zero Dawn было официально анонсировано на выставке Electronic Entertainment Expo в 2019 году.,0.09294364855745259,В каком году на выставке Electronic Entertainment Expo было официально анонсировано дополнение The Frozen Wilds к игре Horizon Zero Dawn?
"Сколько минут в среднем птицы остаются в плохо освещённых колониях дольше, чем в хорошо освещённых?","Для ответа на этот вопрос необходимо проанализировать данные о времени пребывания птиц в различных условиях освещения. Обычно такие исследования проводятся с использованием меток или других методов отслеживания поведения птиц. 

Предположим, что у нас есть следующие данные:

1. В плохо освещённых колониях птицы проводят в среднем $T_{плох}$ минут.
2. В хорошо освещённых колониях птицы проводят в среднем $T_{хорош}$ минут.

Чтобы найти, насколько дольше птицы остаются в плохо освещённых колониях по сравнению с хорошо освещёнными, нужно вычислить разность между этими двумя значениями:

$$ \Delta T = T_{\text{плох}} - T_{\text{хорош}} $$

Если известно, что $T_{\text{плох}} = 30$ минут и $T_{\text{хорош}} = 20$ минут, то:

$$ \Delta T = 30 - 20 = 10 \text{ минут} $$",0.9711695848204991,"Сколько минут в среднем птицы остаются в плохо освещённых колониях дольше, чем в хорошо освещённых?"
"Кем из современных приверженцев мальтузианства больше акцентируется внимание на ухудшении состояния окружающей среды и катастрофическом голоде, чем на бедности?","Современные сторонники мальтузианства, которые делают акцент на ухудшении состояния окружающей среды и катастрофическом голоде, а не на бедности, включают в себя таких ученых и активистов, как Пол Эрлих, Джеймс Лавлок и другие экологи и биологи. Они утверждают, что перенаселение планеты ведет к истощению ресурсов, загрязнению окружающей среды и голоду, и призывают к мерам по ограничению роста населения и сохранению природных ресурсов.",0.6609363351381561,"Кем из современных приверженцев мальтузианства больше акцентируется внимание на ухудшении состояния окружающей среды и катастрофическом голоде, чем на бедности?"
"Какой журнал сообщил о первоначальной силе землетрясения в Амбато 1949 года в 7,5 баллов по шкале Рихтера?","Первоначальная сила землетрясения в Амбато 1949 года была сообщена в журнале ""Geophysical Research Letters"" в статье ""Earthquake magnitude determination"".",0.8774884979756011,"Какой журнал сообщил о первоначальной силе землетрясения в Амбато 1949 года в 7,5 баллов по шкале Рихтера?"
В каком году Марк Нопфлер официально объявил о роспуске группы Dire Straits?,Марк Нопфлер официально объявил о роспуске группы Dire Straits в 1995 году.,2.741052330633267e-05,В каком году Марк Нопфлер официально объявил о роспуске группы Dire Straits?
"В каком году был заключён Никиев мир, в котором Плистоанакт сыграл важную роль?","Никиев мир был заключён в 421 году до н. э., во время Пелопоннесской войны между Афинами и Спартой.",0.002077049483789058,"В каком году был заключён Никиев мир, в котором Плистоанакт сыграл важную роль?"
В каком году в Риме от рук диких животных погиб святой Игнатий Богоносец?,"Святой Игнатий Богоносец был епископом Антиохии и одним из первых учеников апостола Петра. Он известен своими письмами, которые он написал по пути на мученическую смерть в Рим. Согласно преданию, Игнатий был доставлен в Рим для казни, где его бросили диким зверям в Колизее. Это произошло примерно в 107 году нашей эры.",0.05509251224066849,В каком году в Риме от рук диких животных погиб святой Игнатий Богоносец?
В каком году в Государственном мемориальном музее обороны и блокады Ленинграда была проведена выставка «Нева-2»?,Выставка «Нева-2» в Государственном мемориальном музее обороны и блокады Ленинграда прошла в 1975 году.,0.859439062270892,В каком году в Государственном мемориальном музее обороны и блокады Ленинграда была проведена выставка «Нева-2»?
Почему вождь Воронья Стопа отказался проводить переговоры о Договоре № 7 в форте Маклауд в августе 1877 года?,"Вождь Воронья Стопа отказался проводить переговоры о Договоре № 7 в форте Маклауд в августе 1877 года по нескольким причинам:

1. **Политическая нестабильность**: В то время как индейцы были готовы к переговорам, они опасались, что их представители могут быть арестed или убитted. Это было связано с тем, что некоторые из них уже были заключены в тюрьму за участие в других конфликтах.

2. **Отсутствие доверия**: Индейцы не доверяли правительству США и боялись, что любые соглашения будут нарушены после того, как они покинут форт Маклауд. Они считали, что правительство не сдержит своих обещаний.

3. **Экономические интересы**: Некоторые племена имели экономические interests в том, чтобы продолжать использовать свои lands для hunting и gathering, а также для торговли с европейцами. Они хотели сохранить эти rights и не хотели соглашаться на условия, которые могли бы ограничить их доступ к этим ресурсам.

4. **Культурные различия**: Индейцы имели свою собственную культуру и традиции, которые отличались от тех, которых ожидало правительство США. Они чувствовали, что их образ жизни будет под угрозой если они согласятся на условия договора.

",0.9988905773750864,Почему вождь Воронья Стопа отказался проводить переговоры о Договоре № 7 в форте Маклауд в августе 1877 года?
В каком году фамилия В. А. Тимирязева впервые появилась в гонорарных ведомостях журнала «Отечественные записки»?,Фамилия В. А. Тимирязева впервые появилась в гонорарных ведомостях журнала «Отечественные записки» в 1846 году.,0.33452295436242135,В каком году фамилия В. А. Тимирязева впервые появилась в гонорарных ведомостях журнала «Отечественные записки»?
"Кто в ходе Давосских дебатов 1929 года между Эрнстом Кассирером и Мартином Хайдеггером утверждал, что его концепция Dasein несовместима с философией Кассирера и непереводима на её терминологию?","В ходе Давосских дебатов 1929 года Мартин Хайдеггер утверждал, что его концепция Dasein несовместима с философией Эрнста Кассирера и непереводима на её терминологию.",0.0025838509957292156,"Кто в ходе Давосских дебатов 1929 года между Эрнстом Кассирером и Мартином Хайдеггером утверждал, что его концепция Dasein несовместима с философией Кассирера и непереводима на её терминологию?"
"На что Иван Алексеевич Новиков направил гонорар в размере 100 000 рублей, полученный за пушкинские вечера на Урале?","Иван Алексеевич Новиков, известный уральский писатель и общественный деятель, получил гонорар в размере 100 000 рублей за организацию и проведение пушкинских вечеров на Урале. Этот гонорар он решил направить на благотворительные цели, а именно на помощь нуждающимся семьям. Таким образом, Новиков использовал свои средства для поддержки тех, кто нуждался в помощи, проявляя заботу о благополучии других людей.",0.9351257494907078,"На что Иван Алексеевич Новиков направил гонорар в размере 100 000 рублей, полученный за пушкинские вечера на Урале?"
С кем из двоюродных сестёр Елизавета Гессен-Дармштадтская (1895—1903) отправлялась на долгие прогулки и пикники в лесу в охотничьем домике в Скерневице?,Елизавета Гессен-Дармштадтская (1895—1903) часто отправлялась на долгие прогулки и пикники в лесу вместе со своей двоюродной сестрой Ириной Михайловной Романовой (1895—1970).,0.2160336502065791,С кем из двоюродных сестёр Елизавета Гессен-Дармштадтская (1895—1903) отправлялась на долгие прогулки и пикники в лесу в охотничьем домике в Скерневице?
Кем был возглавляемый родосец отряд критян в армии Антиоха?,Отряд критян под руководством Родосца входил в армию Антиоха III Великого и состоял из 10 тысяч человек.,0.49895705554605646,Кем был возглавляемый родосец отряд критян в армии Антиоха?
Какая ошибка в оценке момента прохождения через перигелий для самого раннего появления кометы Галлея была допущена Кауэллом и Кроммелином?,"Ошибка в оценке момента прохождения через перигелий для самого раннего появления кометы Галлея была допущена Эдмундом Кауэллом и Джорджем Кроммелином. Они ошибочно предположили, что комета Галлея появится на небе раньше, чем это было подтверждено наблюдениями.",0.9865078882346727,Какая ошибка в оценке момента прохождения через перигелий для самого раннего появления кометы Галлея была допущена Кауэллом и Кроммелином?
В каком году группа Roxy Music была включена в Зал славы рок-н-ролла?,Группа Roxy Music была включена в Зал славы рок-н-ролла в 2019 году.,0.00028538763030979227,В каком году группа Roxy Music была включена в Зал славы рок-н-ролла?
Какую роль сыграла Урсула Андресс в фильме «Доктор Ноу» (1962)?,"Урсула Андресс сыграла роль Хани Райдер в первом фильме о Джеймсе Бонде — «Доктор Ноу». Она стала первой женщиной, появившейся на экране в роли девушки Бонда, и её появление стало одним из самых запоминающихся моментов фильма. Её образ стал культовым и оказал большое влияние на культуру поп-культуры того времени.",0.03331874860906929,Какую роль сыграла Урсула Андресс в фильме «Доктор Ноу» (1962)?
Где в марте 1991 года открылась вторая выставка работ художника Франко Маньяни в Италии?,Вторая выставка работы итальянского художника Франко Маньяни в Италии состоялась в марте 1991 года в галерее «Galleria d'Arte Moderna» в городе Милан.,0.9982302826593434,Где в марте 1991 года открылась вторая выставка работ художника Франко Маньяни в Италии?
Сколько раз хоккейный клуб «Оттава Сенаторз» выигрывал Кубок Стэнли в период с 1903 по 1927 год?,Хоккейный клуб «Оттава Сенаторз» выиграл Кубок Стэнли три раза в период с 1903 по 1927 год.,0.0049869219315771185,Сколько раз хоккейный клуб «Оттава Сенаторз» выигрывал Кубок Стэнли в период с 1903 по 1927 год?
В каком году Google представила тематический «дудл» в честь 30-летия игры Pac-Man?,Google представила тематический дудл в честь 30-летия игры Pac-Man в 2010 году.,0.005247708532073816,В каком году Google представила тематический «дудл» в честь 30-летия игры Pac-Man?
К какой портативной консоли была разработана видеоигра Sonic Advance?,Видеоигру **Sonic Advance** разработала компания **Sega** для портативной игровой системы **Game Boy Advance**.,0.016059061325061654,К какой портативной консоли была разработана видеоигра Sonic Advance?
От чьей фамилии происходит название геометрической фигуры «треугольник Рёло»?,"Название геометрической фигуры «треугольник Рёло» происходит от фамилии немецкого инженера Франца Рёло (Franz Reuleaux). Он жил в XIX веке и внес значительный вклад в разработку различных механизмов, включая те, которые используют треугольники Рёло для обеспечения равномерного вращения.",0.14948036880587945,От чьей фамилии происходит название геометрической фигуры «треугольник Рёло»?
Кто организовал провинцию Месопотамия в 198 году?,В 198 году провинции Месопотамии были организованы римским императором Септимием Севером.,0.005461075847410635,Кто организовал провинцию Месопотамия в 198 году?
"Кто был отцом Генри Стаффорда, 2-го герцога Бекингема?","Отец Генри Стаффорда, 2-го герцога Бекингема, был Ричардом Стаффордом, 1-м герцогом Бекингемом.",0.003341515516374159,"Кто был отцом Генри Стаффорда, 2-го герцога Бекингема?"
"В каком году вступил в силу «Свод законов Российской империи», опубликованный при Николае I и ставший основой для последующего законодательства?",«Свод законов Российской империи» был опубликован в 1832 году при императоре Николае I. Однако он вступил в силу только с 1 января 1835 года.,0.04409695697295609,"В каком году вступил в силу «Свод законов Российской империи», опубликованный при Николае I и ставший основой для последующего законодательства?"
"В каком году на доме в Санкт-Петербурге по адресу улица Кирочная, 23, в котором жил Владимир Андреевич Оппель, была установлена мраморная мемориальная доска?",Мемориальная доска Владимиру Андреевичу Оппелю была установлена на доме № 23 по улице Кирочной в Санкт-Петербурге в 1974 году.,0.0010958341671134053,"В каком году на доме в Санкт-Петербурге по адресу улица Кирочная, 23, в котором жил Владимир Андреевич Оппель, была установлена мраморная мемориальная доска?"
Сколько томов было в библиотеке д’Эсте в Ферраре согласно первому сохранившемуся инвентарю 1436 года?,"Согласно первому сохранившемуся инвентарю библиотеки д’Эсте в Ферраре от 1436 года, в ней было **250 томов**.",0.04454789784376215,Сколько томов было в библиотеке д’Эсте в Ферраре согласно первому сохранившемуся инвентарю 1436 года?
В какое время по московскому времени 2 января 2012 года на Первом канале в России состоялась трансляция эпизода «Скандал в Белгравии» телесериала «Шерлок»?,Эпизод «Скандал в Белгравии» телесериала «Шерлок» был показан на Первом канале в России 2 января 2012 года в 23:55 по московскому времени.,0.012391019974015231,В какое время по московскому времени 2 января 2012 года на Первом канале в России состоялась трансляция эпизода «Скандал в Белгравии» телесериала «Шерлок»?
"Кто в 1908 году стал одним из учредителей пароходного товарищества на вере «Русь» вместе с Дмитрием Сироткиным, Иосифом Старцевым и Тимофеем Канавиным?","В 1908 году одним из учредителей пароходного товарищества на вере «Русь», наряду с Дмитрием Сироткиным, Иосифом Старцевым и Тимофеем Канавиным, был Александр Дмитриевич Протопопов.",0.9915389043137743,"Кто в 1908 году стал одним из учредителей пароходного товарищества на вере «Русь» вместе с Дмитрием Сироткиным, Иосифом Старцевым и Тимофеем Канавиным?"
Кто стал победителем финала Чемпионата мира по футболу 2012 среди девушек до 17 лет?,Победителем финала Чемпионата мира по футболу среди девушек до 17 лет в 2012 году стала сборная Германии.,0.0494988541048902,Кто стал победителем финала Чемпионата мира по футболу 2012 среди девушек до 17 лет?
В каком году вышла книга И. В. Макарова «Очерки истории Реформации в Финляндии»?,Книга Ивана Васильевича Макарова «Очерки истории Реформации в Финляндии» была издана в 1903 году.,0.2015806930905128,В каком году вышла книга И. В. Макарова «Очерки истории Реформации в Финляндии»?
В каком году вступил в состав флота первый американский броненосный крейсер «Мэн»?,Первый американский броненосный крейсер «Мэн» вступил в состав флота США в 1895 году.,0.004521221426751515,В каком году вступил в состав флота первый американский броненосный крейсер «Мэн»?
"В каком фильме песня «Дорога» группы «АукцЫон» была использована в саундтреке, что сделало её широко известной?",Песня «Дорога» группы «АукцЫон» стала широко известна благодаря использованию её в саундтреке к фильму «Брат 2».,0.05883612526121864,"В каком фильме песня «Дорога» группы «АукцЫон» была использована в саундтреке, что сделало её широко известной?"
"Сколько евреев, живших в Эстонии до войны, погибли в республике в период Холокоста?",В период Холокоста на территории Эстонии погибло около 950 евреев.,0.10055754754592101,"Сколько евреев, живших в Эстонии до войны, погибли в республике в период Холокоста?"
В каком году в Японии была показана серия аниме «Покемон» под названием «Электронный воин Поригон»?,Аниме-сериал «Покемон» впервые был показан в Японии 1 апреля 1997 года. Серия под названием «Электронный воин Поригон» (яп. ポケモン電脳戦士ポリゴン Покэмон дэнно сэнси Поригон) является первой серией первого сезона и вышла именно в этом году.,0.3743355101587824,В каком году в Японии была показана серия аниме «Покемон» под названием «Электронный воин Поригон»?
"От какого женского имени образовано слово «параша», обозначающее помойное ведро или ёмкость для нечистот в тюремной камере?",Слово «параша» происходит от женского имени Параскева.,0.0379656543862481,"От какого женского имени образовано слово «параша», обозначающее помойное ведро или ёмкость для нечистот в тюремной камере?"
Какое прозвище получил император Антонин за усилия по обожествлению своего предшественника Адриана?,Император Антонин Пий получил прозвище «Пий» («Благочестивый») за свои усилия по обожествлению своего предшественника Адриана.,0.004618508897591058,Какое прозвище получил император Антонин за усилия по обожествлению своего предшественника Адриана?
Какой год указан в заголовке книги Б. Ф. Инфантьева «Русский язык в национальной школе Латвии: исторический очерк»?,В заглавии книги Б. Ф. Инфантьева «Русский язык в национальной школе Латвии: исторический очерк» не указан конкретный год издания.,0.6297875962639841,Какой год указан в заголовке книги Б. Ф. Инфантьева «Русский язык в национальной школе Латвии: исторический очерк»?
"Какой степени бакалавра в области психологии добилась Натали Портман, окончив Гарвард в июне 2003 года?","Натали Портман получила степень бакалавра в области психологии, окончив Гарвардский университет в июне 2003 года.",0.00462378726426523,"Какой степени бакалавра в области психологии добилась Натали Портман, окончив Гарвард в июне 2003 года?"
"Кто использовал автомобиль, раскрашенный в бело-зеленые цвета сибирского флага, в период существования Сибирской республики?","Автомобиль, раскрашенный в бело-зеленые цвета сибирского флага, использовался в период существования Сибирской республики в качестве символа и средства передвижения для представителей сибирских властей и лидеров движения за независимость Сибири.",0.9809659683397233,"Кто использовал автомобиль, раскрашенный в бело-зеленые цвета сибирского флага, в период существования Сибирской республики?"
"Какое слово, означающее «хлеб» во фригийском языке, было первым произнесено младенцами в «лингвистическом эксперименте» фараона Псамметиха I?","В «лингвистическом эксперименте» фараона Псамметиха I, который был описан Геродотом, младенцы произнесли слово «bekos», что означает «хлеб» на фригийском языке.",0.9357022689954799,"Какое слово, означающее «хлеб» во фригийском языке, было первым произнесено младенцами в «лингвистическом эксперименте» фараона Псамметиха I?"
Кто из лордов-апеллянтов удалился в свои имения после 1392 года?,"После 1392 года в свои владения удалились следующие лорды-апеллянты:

1. Ричард II — он был свергнут с престола и умер в заключении в 1400 году.
2. Генри Болингброк — он стал королём Генрихом IV и правил до своей смерти в 1413 году.
3. Томас Моубрей — он был одним из главных участников восстания против Ричарда II и позже участвовал в восстании против Генриха IV. Он был казнён в 1400 году.
4. Эдмунд Мортимер — он также был участником восстания против Ричарда II и позже против Генриха IV. Он умер в 1425 году.

Эти лорды были ключевыми фигурами в политической борьбе за власть в Англии в конце XIV и начале XV веков.",0.04735238918842792,Кто из лордов-апеллянтов удалился в свои имения после 1392 года?
"Кто, согласно Диодору Сицилийскому, отобрал у Кратесиполиды Сикион и Коринф во время отсутствия Полиперхона?","Согласно Диодору Сицилийскому, Антигон Одноглазый отобрал у Кратесиполиды Сикион и Коринф во время отсутствия Полиперхона.",0.06315213091785943,"Кто, согласно Диодору Сицилийскому, отобрал у Кратесиполиды Сикион и Коринф во время отсутствия Полиперхона?"
В каком журнале впервые был опубликован рассказ Говарда Филлипса Лавкрафта «Цвет из иных миров»?,Рассказ Говарда Филлипса Лавкрафта «Цвет из иных миров» («The Colour Out of Space») впервые был опубликован в журнале Weird Tales в 1927 году.,0.00011121574698183978,В каком журнале впервые был опубликован рассказ Говарда Филлипса Лавкрафта «Цвет из иных миров»?
В каком году вышел первый самостоятельный сборник стихов Лены Шагирзян под названием «Мөлдерәмә күңел»?,Первый самостоятельный сборник стихов Лены Шагирзян под названием «Мөлдерәмә күңел» был опубликован в 2015 году.,0.012426225244415137,В каком году вышел первый самостоятельный сборник стихов Лены Шагирзян под названием «Мөлдерәмә күңел»?
Кто возглавил церемонию открытия Соловецкого камня в Москве в 1990 году?,Церемонию открытия Соловецкого камня в Москве в 1990 году возглавил Борис Николаевич Ельцин — первый Президент Российской Федерации.,0.11045171685438783,Кто возглавил церемонию открытия Соловецкого камня в Москве в 1990 году?
Сколько членов в Законодательном собрании Нунавута?,В Законодательном собрании Нунавута 19 членов.,0.014759975440452287,Сколько членов в Законодательном собрании Нунавута?
Какой народ использовал сходство фламинго с фениксом для торговли их кожами?,"Для ответа на этот вопрос необходимо рассмотреть исторический контекст и культурные особенности народов, которые могли бы использовать символику феникса в своих торговых практиках. Феникс — мифическая птица, символизирующая возрождение и бессмертие, часто ассоциируется с восточными культурами, такими как китайская и японская. Однако, учитывая географическое положение и торговые пути, можно предположить, что речь идет о народах, проживающих в регионах, где пересекались различные культуры и торговые маршруты.

Одним из таких народов могут быть монголы или другие кочевые племена Центральной Азии, которые активно участвовали в торговле по Великому шелковому пути. Они были известны своими торговыми связями с различными регионами, включая Китай, Индию и Ближний Восток. В их культуре также присутствовали элементы мифологии и символизма, которые могли включать образы птиц, подобных фениксу.

Таким образом, можно предположить, что именно монголы использовали сходство фламинго с фениксом для торговли их кожами, так как они имели широкие торговые связи и могли интегрировать такие символы в свои торговые практики.",0.3854052875293033,Какой народ использовал сходство фламинго с фениксом для торговли их кожами?
Кто опубликовал полную библиографию работ Карла Шварцшильда в 1917 году?,Полная библиография работ Карла Шварцшильда была опубликована в 1917 году немецким астрономом и физиком Максом Вольфом.,0.18871350705589326,Кто опубликовал полную библиографию работ Карла Шварцшильда в 1917 году?
Кто возглавлял оборону Иотапаты во время осады Веспасианом в 67 году?,"Во время осады Иотапаты римским полководцем Веспасианом в 67 году нашей эры обороной города руководил Иосиф бен Матитьяху, известный также как Иосиф Флавий. Он был еврейским священником и историком, который впоследствии стал известен благодаря своим трудам о еврейской истории и восстании против Рима.",0.026773806247404743,Кто возглавлял оборону Иотапаты во время осады Веспасианом в 67 году?
"Какой фильм, снятый во второй половине 1960-х годов, стал для Владимира Высоцкого ролями танкиста?","Фильм, в котором Владимир Высоцкий сыграл роль танкиста, называется «Я — сын партии».",0.990615848676158,"Какой фильм, снятый во второй половине 1960-х годов, стал для Владимира Высоцкого ролями танкиста?"
Сколько uORF содержится в 5'-нетранслируемой области мРНК гена YAP2 дрожжей S. cerevisiae?,В 5'-нетранслируемой области (5'-UTR) мРНК гена YAP2 у дрожжей Saccharomyces cerevisiae содержится один uORF (untranslated open reading frame).,0.08883565560846353,Сколько uORF содержится в 5'-нетранслируемой области мРНК гена YAP2 дрожжей S. cerevisiae?
Какая частота вспышек новых звёзд в галактике M 32 оценивается астрономами?,"## Частота вспышек новых звёзд в галактике M 32

### Общая информация о галактике M 32

Галактика **M 32** — это карликовая эллиптическая галактика, расположенная рядом с нашей Галактикой Млечный Путь. Она является спутником галактики Андромеды и известна своей компактной структурой и высокой плотностью звездного населения. 

### Оценка частоты вспышек новых звёзд

Астрономы оценивают частоту вспышек новых звёзд в галактике M 32 на уровне примерно **одна новая звезда каждые несколько тысяч лет**. Это значительно ниже, чем в более активных спиральных галактиках, таких как наша собственная или галактика Андромеды, где новые звезды могут появляться чаще из-за наличия большого количества межзвездного газа и пыли, которые способствуют формированию новых звёзд.

### Причины низкой частоты вспышек новых звёзд в M 32

1. **Низкая плотность звёзд**: В отличие от спиральных галактик, где звёзды распределены неравномерно и часто взаимодействуют друг с другом, в M 32 звёзды расположены гораздо плотнее, что снижает вероятность столкновений и формирования новых звёзд.
   
2. **Отсутствие межзвёздного газа и пыли**:",0.06675519875628527,Какая частота вспышек новых звёзд в галактике M 32 оценивается астрономами?
"Кто, согласно античной традиции, был первым изобретателем осадных орудий, использовавшихся афинянами во время Самосской войны?","Согласно античной традиции, первым изобретателем осадных орудий, использовавшихся афинянами во время Самосской войны, был Архимед.",0.07627180699728757,"Кто, согласно античной традиции, был первым изобретателем осадных орудий, использовавшихся афинянами во время Самосской войны?"
Когда производство модели Atari 1200XL было прекращено?,Производство модели Atari 1200XL было прекращено в 1983 году.,0.0004899330336071884,Когда производство модели Atari 1200XL было прекращено?
В каком году был опубликован основополагающий теологический текст шейкеризма «Общий обзор церкви тысячелетия»?,Основополагающий теологический текст шейкеризма «Общий обзор церкви тысячелетия» («An Abstract of the Church of the True Holy Trinity») был опубликован в 1782 году.,0.5668805135548904,В каком году был опубликован основополагающий теологический текст шейкеризма «Общий обзор церкви тысячелетия»?
Какой фермент дефицитен при болезни Тея — Сакса?,"Болезнь Тея-Сакса — это наследственное заболевание, которое связано с дефицитом фермента гексоаминидазы А (также известного как гексоаминогидролаза). Этот фермент играет важную роль в метаболизме липидов и необходим для расщепления определенного типа жирового вещества, называемого ганглиозидом GM2. При отсутствии или недостатке этого фермента происходит накопление ганглиозида GM2 в нервных клетках мозга, что приводит к их повреждению и развитию симптомов заболевания.",0.37594952489911226,Какой фермент дефицитен при болезни Тея — Сакса?
В честь кого Карл Линней дал видовое название растению Кортуза Маттиоли?,Карл Линней дал видовое название растению Кортуза Маттиоли в честь итальянского ботаника и врача Пьетро Андреа Маттиоли (1682–1739).,0.12834253854968444,В честь кого Карл Линней дал видовое название растению Кортуза Маттиоли?
"Какова длина интрона, разделяющего группу из пяти сегментов Jκ и экзон Cκ в генах лёгких цепей типа κ?",Длина интрона между группой из пяти сегментов Jκ и экзоном Cκ в генах легких цепей типа κ составляет примерно 100 нуклеотидов.,0.0011616629167457634,"Какова длина интрона, разделяющего группу из пяти сегментов Jκ и экзон Cκ в генах лёгких цепей типа κ?"
Кем в 1912 году была запрещена в России книга «На горах Кавказа»?,В 1912 году книга «На горах Кавказа» была запрещена в России решением Синода Русской православной церкви.,0.8887304334168151,Кем в 1912 году была запрещена в России книга «На горах Кавказа»?
"Кто, по мнению научного сотрудника Эрмитажа Дмитрия Гусева, является автором картины «Портрет юродивой Ксении Петровой»?","Дмитрий Гусев, научный сотрудник Государственного Эрмитажа, считает, что автором картины «Портрет юродивой Ксении Петровой» является художник Алексей Саврасов.",0.9740062177883251,"Кто, по мнению научного сотрудника Эрмитажа Дмитрия Гусева, является автором картины «Портрет юродивой Ксении Петровой»?"
Кому в 1987 году Кирилл Кузьмин направил 20-страничное письмо «О мерах по строительству гидроэлектростанций в СССР»?,В 1987 году Кирилл Кузьмин направил 20-страничное письмо «О мерах по строительству гидроэлектростанций в СССР» Генеральному секретарю ЦК КПСС Михаилу Сергеевичу Горбачёву.,0.06081066459670691,Кому в 1987 году Кирилл Кузьмин направил 20-страничное письмо «О мерах по строительству гидроэлектростанций в СССР»?
Кто взорвал пороховой склад в битве на горе Чегар 31 мая?,"В битве на горе Чегар 31 мая 1879 года произошёл взрыв порохового склада, который привёл к значительным потерям среди британских войск. Взрыв был вызван случайным возгоранием пороха, что привело к катастрофическим последствиям для британской армии.",0.9984796618262155,Кто взорвал пороховой склад в битве на горе Чегар 31 мая?
"В какой год вышла книга Томаса Мура и Джона Линдли «Папоротники Великобритании и Ирландии», иллюстрации из которой приведены в описании семейства Ужовниковые?",Книга Томаса Мура и Джона Линдли «Папоротники Великобритании и Ирландии» была опубликована в 1856 году.,0.008153896518772824,"В какой год вышла книга Томаса Мура и Джона Линдли «Папоротники Великобритании и Ирландии», иллюстрации из которой приведены в описании семейства Ужовниковые?"
"Кто исполнил песню «A Cruel Angel's Thesis», использованную во вступительной музыкальной теме эпизода «Seele, трон для души»?",Песню «A Cruel Angel's Thesis» исполнила группа Yoko Takahashi.,0.044361856453834655,"Кто исполнил песню «A Cruel Angel's Thesis», использованную во вступительной музыкальной теме эпизода «Seele, трон для души»?"
Какую оценку патриарх Фотий дал в своей «Библиотеке» произведению «Христианская топография» Козьмы Индикоплова?,"В своём труде «Библиотека» патриарх Фотий дал негативную оценку произведению «Христианская топография», написанному византийским купцом и путешественником Козьмой Индикоплевом. Фотий охарактеризовал это произведение как «глупое и невежественное». Он отметил, что автор книги был невеждой в вопросах географии и астрономии, а также проявил полное незнание Священного Писания. По мнению Фотия, книга была написана человеком, который не имел никакого представления о том, что он пишет, и поэтому её содержание было лишено всякой ценности.",0.27559977643088307,Какую оценку патриарх Фотий дал в своей «Библиотеке» произведению «Христианская топография» Козьмы Индикоплова?
Какое главное отличие Смауга из «Хоббита» от Глаурунга заключается в степени его свободы действий?,"Главное отличие между Смаугом и Глаурунгом заключается в том, что Смауг обладает большей степенью свободы действий по сравнению с Глаурунгом.",0.9733551075951058,Какое главное отличие Смауга из «Хоббита» от Глаурунга заключается в степени его свободы действий?
Кто стал организатором пятого турнира «Король Железного Кулака» в игре Tekken 5?,Организатором пятого турнира «Король Железного Кулака» в игре Tekken 5 является Мисима Дзюн.,0.9616124705038694,Кто стал организатором пятого турнира «Король Железного Кулака» в игре Tekken 5?
Кто заменил Мэтта Смита в роли Доктора в сериале «Доктор Кто»?,"Мэтт Смит стал 11-м по счету актёром, исполнявшим роль Доктора в британском научно-фантастическом телесериале «Доктор Кто». Он занял эту должность после Дэвида Теннанта и до Питера Капальди.",0.07605949619977688,Кто заменил Мэтта Смита в роли Доктора в сериале «Доктор Кто»?
Какой головной убор стал основным в подразделениях британских коммандос на Ближнем Востоке?,"В 1940 году британские коммандос носили кепи с эмблемой «Котелок» и чёрным козырьком. Однако после того, как в 1942 году подразделения коммандос были выведены из состава Королевской морской пехоты, они получили право носить головные уборы, которые использовали другие части британской армии. В результате для подразделений коммандос был введён новый тип головного убора — берет. Береты стали основным головным убором британских коммандос на Ближнем Востоке.",0.9994866090713449,Какой головной убор стал основным в подразделениях британских коммандос на Ближнем Востоке?
Кто командовал силами бригады «Гивати» при атаке на деревню Хулейкат в ночь с 19 на 20 октября в ходе операции «Йоав»?,Командующим бригадой «Гивати» во время атаки на деревню Хулейкат в ночь с 19 на 20 октября в рамках операции «Йоав» был полковник Илан Мандельблат.,0.8694992536539795,Кто командовал силами бригады «Гивати» при атаке на деревню Хулейкат в ночь с 19 на 20 октября в ходе операции «Йоав»?
"Какой богине Дионисий, царь Гераклеи, воздвиг статую в честь смерти Александра?",Дионисий воздвиг статую в честь смерти Александра Македонского богине Афродите.,0.08873157399533664,"Какой богине Дионисий, царь Гераклеи, воздвиг статую в честь смерти Александра?"
Кого король Виктор Эммануил III назначил премьер-министром Италии после отказа подписать акт об объявлении чрезвычайного положения в октябре 1922 года?,"После того как король Виктор Эммануил III отказался подписать указ о введении чрезвычайного положения в октябре 1922 года, он назначил Бенито Муссолини на пост премьер-министра Италии.",0.0026709177158023645,Кого король Виктор Эммануил III назначил премьер-министром Италии после отказа подписать акт об объявлении чрезвычайного положения в октябре 1922 года?
Какую технологию освещения использовала команда Sonic Team в игре Sonic Unleashed для повышения реалистичности картинки?,"Команда Sonic Team использовала технологию глобального освещения (Global Illumination) в игре Sonic Unleashed для повышения реалистичности картинки. Эта технология позволяет свету отражаться от поверхностей и создавать более естественные тени и освещение, что делает игровой мир более живым и реалистичным.",0.3486704415199249,Какую технологию освещения использовала команда Sonic Team в игре Sonic Unleashed для повышения реалистичности картинки?
На какой реке экспедиция Франклина 26 сентября 1821 года оказалась в безвыходном положении из-за отсутствия лодки и быстрого течения?,"Экспедиция сэра Джона Франклина столкнулась с трудностями на реке Коппермайн, когда их лодка была повреждена, а течение оказалось слишком быстрым для безопасного плавания.",0.9337877206065407,На какой реке экспедиция Франклина 26 сентября 1821 года оказалась в безвыходном положении из-за отсутствия лодки и быстрого течения?
"Какой инструмент, приобретённый продюсером Тони Висконти, способствовал достижению инновационного звучания альбома Дэвида Боуи Low?","Инструмент, который приобрел продюсер Тони Висконти и который способствовал достижению инновационного звучания альбома Дэвида Боуи ""Low"", — это синтезатор Roland Jupiter 8. Этот синтезатор был одним из первых полифонических аналоговых синтезаторов, выпущенных компанией Roland в начале 1980-х годов. Он имел богатую палитру звуков и возможность создания сложных тембров, что позволило Висконти экспериментировать с новыми звуками и текстурами на альбоме ""Low"". Использование этого инструмента помогло создать уникальное звучание, которое стало характерным для альбома и оказало значительное влияние на развитие электронной музыки.",0.028751266767808543,"Какой инструмент, приобретённый продюсером Тони Висконти, способствовал достижению инновационного звучания альбома Дэвида Боуи Low?"
Кого рецензент Миллер называл великим мастером человеческой инженерии в романе «История будущего» Роберта Хайнлайна?,В романе Роберта Хайнлайна «История будущего» рецензент Миллер называет великого мастера человеческой инженерии **Роберта Нортона Фогеля**.,0.9978278524280818,Кого рецензент Миллер называл великим мастером человеческой инженерии в романе «История будущего» Роберта Хайнлайна?
"Кто создал дизайн 20-долларовой монеты, изображающей Свободу, которую чеканили с 1850 по 1907 год?","Дизайн 20-долларовой монеты, изображающей Свободу, был создан Джеймсом Бартоном Лонгакром.",0.003927187922008681,"Кто создал дизайн 20-долларовой монеты, изображающей Свободу, которую чеканили с 1850 по 1907 год?"
Кто был крестным отцом принцессы Беатрисы Великобритании при её крещении 16 июня 1857 года?,Крестными родителями принцессы Беатрисы Великобритании при её крещении 16 июня 1857 года были принц Альберт Саксен-Кобург-Готский и принцесса Луиза Прусская.,0.15367398640800195,Кто был крестным отцом принцессы Беатрисы Великобритании при её крещении 16 июня 1857 года?
Кто дал показания перед большим жюри в Бостоне 16 июня 2011 года в рамках дела «Соединённые Штаты против Шварца»?,В деле «Соединённые Штаты против Шварца» показания перед большим жюри давал бывший сотрудник ФБР Роберт Хансен.,0.997659580205428,Кто дал показания перед большим жюри в Бостоне 16 июня 2011 года в рамках дела «Соединённые Штаты против Шварца»?
Из скольких сросшихся позвонков состоял крестец патагозавра?,Крестец патагозавра состоял из 5 сросшихся позвонков.,0.055167098337348966,Из скольких сросшихся позвонков состоял крестец патагозавра?
"Какой австрийский артист стал единственным представителем жанра австропоп, добившимся крупного успеха за пределами Австрии?","Австрийский певец и автор песен Фалько является единственным представителем жанра «австропоп», который добился значительного успеха за пределами своей страны. Его песня «Rock Me Amadeus» стала международным хитом в 1985 году, достигнув первого места в чартах многих стран, включая США.",0.031656804550883336,"Какой австрийский артист стал единственным представителем жанра австропоп, добившимся крупного успеха за пределами Австрии?"
Кто был объявлен султаном Месудом I в мае 1155 года в присутствии эмиров после прохождения церемонии джюлюс?,"В мае 1155 года султаном Месуда I был объявлен его сын, Кылыч-Арслан II.",0.09706568152457476,Кто был объявлен султаном Месудом I в мае 1155 года в присутствии эмиров после прохождения церемонии джюлюс?
Каков диаметр медали «За отличие в охране общественного порядка»?,Диаметр медали «За отличие в охране общественного порядка» составляет 32 мм.,0.006479154048061017,Каков диаметр медали «За отличие в охране общественного порядка»?
Какой механизм наследования характерен для восковидных липофусцинозов нейронов?,"## Механизм наследования восковидных липофусцинозов нейронов

Восковидные липофусцинозы нейронов — это группа заболеваний, характеризующихся накоплением липофусцина в клетках нервной системы. Эти состояния могут быть обусловлены различными генетическими факторами и имеют разные механизмы наследования.

### Основные типы наследования

1. **Аутосомно-рецессивный тип**
   - Наиболее распространённый механизм наследования для большинства форм восковидной липофусциноза нейронов. Это означает, что заболевание проявляется у лиц, унаследовавших дефектный ген от обоих родителей. Родители обычно являются носителями одного мутантного гена и не проявляют симптомов заболевания.

2. **Аутосомно-доминантный тип**
   - В некоторых случаях восковидная липофусциноза может передаваться по аутосомно-доминантному типу. При этом заболевании достаточно одной копии мутантного гена для проявления патологии. Родитель с заболеванием имеет 50% вероятность передать его потомству.

3. **Х-сцепленный тип**
   - Редко встречающийся механизм наследования, при котором мутация находится на Х-хромосоме. Этот тип чаще встречается у мужчин, так как они имеют только одну",0.10603998400177171,Какой механизм наследования характерен для восковидных липофусцинозов нейронов?
У кого Георгий Гапон узнал конспиративный адрес Рутенберга в Москве перед визитом 6 февраля 1906 года?,Георгий Гапон узнал конспиративный адрес Павла Рутенберга в Москве от своего знакомого по имени Михаил Иванович.,0.9977725430288518,У кого Георгий Гапон узнал конспиративный адрес Рутенберга в Москве перед визитом 6 февраля 1906 года?
Кого сиракузяне взяли живым в плен во время Осады Сиракуз (311—309 до н. э.)?,"Во время осады Сиракузы (311–309 гг. до н. э.) карфагеняне захватили в плен живым одного из самых выдающихся полководцев древности — Аполлодора Дамасского. Он был командующим войсками Деметрия Полиоркета и попал в плен после того, как его армия была разгромлена карфагенянами под стенами города.",0.24355414855760843,Кого сиракузяне взяли живым в плен во время Осады Сиракуз (311—309 до н. э.)?
В каком году был реабилитирован лингвист Рихард Рихардович Фасмер?,Рихард Рихардович Фасмер был реабилитирован в 1956 году.,0.0023121154240805025,В каком году был реабилитирован лингвист Рихард Рихардович Фасмер?
"Куда Дороти Арнольд сообщила своей матери, что отправляется 12 декабря 1910 года?","Дороти Арнольд сообщила своей матери, что собирается отправиться в путешествие по Европе на следующий день после Рождества, то есть 25 декабря 1910 года.",0.9899745239158383,"Куда Дороти Арнольд сообщила своей матери, что отправляется 12 декабря 1910 года?"
"Какие устройства, построенные на квантовой механике, используются в качестве источников света для отправки сообщений по оптоволоконным кабелям во всемирной сети?","В качестве источников света для отправки сообщений по оптоволоконным кабелям во всемирной сети используются лазеры, построенные на основе квантовой механики. Лазеры работают на принципе вынужденного излучения, когда возбужденные атомы или молекулы излучают фотоны при переходе из более высокого энергетического состояния в более низкое. Это позволяет создавать мощные и стабильные световые импульсы, которые могут передаваться по оптоволокну на большие расстояния с минимальными потерями сигнала.",0.05388225182011995,"Какие устройства, построенные на квантовой механике, используются в качестве источников света для отправки сообщений по оптоволоконным кабелям во всемирной сети?"
"В каком городе, названном в референсном тексте столицей рок-н-ролла, происходит действие фильма Джима Джармуша «Таинственный поезд» (1989)?","Действие фильма Джима Джармуша «Таинственный поезд» (1989) происходит в Мемфисе, штат Теннесси, США. Этот город был назван столицей рок-н-ролла из-за его значимости в истории музыки и рождения жанра.",0.4042953489219348,"В каком городе, названном в референсном тексте столицей рок-н-ролла, происходит действие фильма Джима Джармуша «Таинственный поезд» (1989)?"
"В каком году был открыт бальнеологический, грязевой и климатический курорт Горячинск (Туркинские минеральные воды)?","Бальнеологический, грязевой и климатический курорт Горячинск (Туркинские минеральные воды) был открыт в 1738 году.",0.02002800875176545,"В каком году был открыт бальнеологический, грязевой и климатический курорт Горячинск (Туркинские минеральные воды)?"
Какие три фамилии являются самыми распространёнными в Корее?,"Самыми распространёнными фамилиями в Южной Корее являются Ким, Ли и Пак.",0.0006087338783644747,Какие три фамилии являются самыми распространёнными в Корее?
Куда капитан U-20 Швигер направил свою субмарину в 14:25 после покидания места бедствия «Лузитании»?,"Капитан U-20 Вальтер Швигер направился к месту крушения лайнера ""Лузитания"" и атаковал его торпедой примерно в 14:25 по Гринвичу. После атаки он покинул место происшествия и продолжил свой путь на север.",0.9593572364016096,Куда капитан U-20 Швигер направил свою субмарину в 14:25 после покидания места бедствия «Лузитании»?
В каком году игра Mortal Kombat (2011) вышла на платформах Xbox 360 и PlayStation 3?,"Игра ""Mortal Kombat"" для платформ Xbox 360 и PlayStation 3 была выпущена в 2011 году.",0.0007101794477562976,В каком году игра Mortal Kombat (2011) вышла на платформах Xbox 360 и PlayStation 3?
В каком сезоне Дуайт Йорк стал лучшим бомбардиром английской Премьер-лиги?,Дуайт Йорк стал лучшим бомбардиром английской Премьер-лиги в сезоне 1998/1999 годов. В том сезоне он забил 24 гола за Манчестер Юнайтед и помог команде выиграть чемпионат Англии.,0.02377097159499028,В каком сезоне Дуайт Йорк стал лучшим бомбардиром английской Премьер-лиги?
Какие две полностраничные миниатюры располагаются на развороте друг напротив друга в Гигантском кодексе?,"На развороте Гигантского кодекса расположены две полностраничные миниатюры, изображающие архангела Михаила и архангела Гавриила.",0.9980096954653631,Какие две полностраничные миниатюры располагаются на развороте друг напротив друга в Гигантском кодексе?
В каком фильме 2014 года Иэн Макшейн сыграл роль Уинстона Скотта?,"Иэн Макшейн исполнил роль Уинстона Скотта в фильме «Джон Уик» («John Wick»), который вышел в 2014 году.",0.26536422745838567,В каком фильме 2014 года Иэн Макшейн сыграл роль Уинстона Скотта?
В каком году ван Свитен умер?,Франц Йозеф фон Ван Свитен скончался 28 мая 1803 года.,0.0076001647387137035,В каком году ван Свитен умер?
"В каком году, согласно Плинию Старшему, впервые были выпущены древнеримские монеты квинарии?","Согласно Плинию Старшему, первые древнеримские монеты квинарии были выпущены в 269 году до н. э.",0.006512213803412611,"В каком году, согласно Плинию Старшему, впервые были выпущены древнеримские монеты квинарии?"
"В каком жанре, согласно официальным данным лейбла YG, записаны обе песни сингл-альбома «Lalisa»?","Согласно официальным данным лейбла YG, обе песни сингл-альбома «Lalisa» записаны в жанре **K-pop**.",0.8829602878524145,"В каком жанре, согласно официальным данным лейбла YG, записаны обе песни сингл-альбома «Lalisa»?"
"Какой вирусный элемент, локализованный в 3′-нетранслируемой области, связывает факторы трансляции и комплементарно взаимодействует с 5′-концом для доставки их к месту начала трансляции у многих вирусов растений?","Вирусные элементы, которые связывают факторы трансляции и комплементарно взаимодействуют с 5'-концом мРНК для доставки их к месту начала трансляции у многих вирусов растений, называются **IRES** (Internal Ribosome Entry Site). IRES - это последовательность внутри мРНК, которая позволяет рибосоме начать трансляцию без участия факторов инициации трансляции, таких как eIF4E и eIF4G. Это особенно важно для вирусов растений, так как они часто используют альтернативные механизмы инициации трансляции из-за особенностей своей РНК генома.",0.9503119708772453,"Какой вирусный элемент, локализованный в 3′-нетранслируемой области, связывает факторы трансляции и комплементарно взаимодействует с 5′-концом для доставки их к месту начала трансляции у многих вирусов растений?"
Под каким регистрационным номером стоянка Каменка 1 зарегистрирована в едином государственном реестре объектов культурного наследия народов Российской Федерации?,"### Информация о регистрации объекта «Каменка 1» в Едином государственном реестре объектов культурного наследия

Объект «Каменка 1», расположенный на территории России, зарегистрирован в Едином государственном реестре объектов культурного наследия народов Российской Федерации под следующим регистрационным номером:

**2610159000**

Этот номер подтверждает статус объекта как памятника истории и культуры регионального значения.",0.7565262643341725,Под каким регистрационным номером стоянка Каменка 1 зарегистрирована в едином государственном реестре объектов культурного наследия народов Российской Федерации?
"Кто выступает в роли финального босса в третьем эпизоде игры Wolfenstein 3D под названием Die, Fuhrer, Die!","В третьем эпизоде игры ""Wolfenstein 3D"" под названием ""Die, Fuhrer, Die!"" финальным боссом является Адольф Гитлер.",0.0009983682905548156,"Кто выступает в роли финального босса в третьем эпизоде игры Wolfenstein 3D под названием Die, Fuhrer, Die!"
Какова была максимальная устойчивая скорость ветра урагана «Билл» (2009) в момент достижения им четвёртой категории по шкале Саффира — Симпсона?,"Максимальная устойчивая скорость ветра урагана «Билл», достигшего четвёртой категории по шкале Саффира — Симпсона, составляла примерно 135 миль в час (около 217 км/ч).",0.00764867919622715,Какова была максимальная устойчивая скорость ветра урагана «Билл» (2009) в момент достижения им четвёртой категории по шкале Саффира — Симпсона?
В каком году был издан труд Маршалла Маклюэна «The Gutenberg Galaxy: The Making of Typographic Man»?,Труд Маршалла Маклюэна «The Gutenberg Galaxy: The Making of Typographic Man» был издан в 1962 году.,0.0360526280238816,В каком году был издан труд Маршалла Маклюэна «The Gutenberg Galaxy: The Making of Typographic Man»?
Какова высота высшей точки Тулвинской возвышенности в Пермском крае?,Высшая точка Тулвинской возвышенности находится на горе Сыпва и имеет высоту 718 метров над уровнем моря.,0.9265320517586897,Какова высота высшей точки Тулвинской возвышенности в Пермском крае?
"Какой шведский дуэт, состоящий из Мари Фредрикссон и Пера Гессле, выпустил песню «Neverending Love» в 1986 году?","Шведский музыкальный дуэт Roxette, состоящий из Мари Фредрикссон и Пера Гессле, выпустил песню «Neverending Love» в 1986 году.",0.005133636840300124,"Какой шведский дуэт, состоящий из Мари Фредрикссон и Пера Гессле, выпустил песню «Neverending Love» в 1986 году?"
Какой принцип организации материала использовал Лиланд в своих трудах вместо алфавитного или рубричного?,Лиланд использовал принцип хронологической организации материала в своих трудах.,0.8785105237561804,Какой принцип организации материала использовал Лиланд в своих трудах вместо алфавитного или рубричного?
"В каком году крейсер «Альмиранте Грау» (бывший «Де Рёйтер») был списан, став последним в мире лёгким крейсером?","Крейсер «Альмиранте Грау», бывший «Де Рёйтер», был списан в 1975 году, что сделало его последним в мире лёгким крейсером.",0.04887048023901531,"В каком году крейсер «Альмиранте Грау» (бывший «Де Рёйтер») был списан, став последним в мире лёгким крейсером?"
Кто был первым командиром линейного корабля «Азов» (1826)?,"Первым командиром линейного корабля «Азов», спущенного на воду в 1826 году, был **капитан 1-го ранга Михаил Петрович Лазарев**.",0.3830928734573403,Кто был первым командиром линейного корабля «Азов» (1826)?
В каком году Барбара Мак-Клинток получила Нобелевскую премию по физиологии и медицине?,Барбара Мак-Клинток получила Нобелевскую премию по физиологии и медицине в 1983 году.,0.0004093769580255286,В каком году Барбара Мак-Клинток получила Нобелевскую премию по физиологии и медицине?
Какой кратер был целью первой поездки на лунном ровере экипажа миссии «Аполлон-16»?,Кратер Слейтон был целью первой поездки на лунном ровере экипажа миссии «Аполлон-16».,0.0022442911420219253,Какой кратер был целью первой поездки на лунном ровере экипажа миссии «Аполлон-16»?
Какое шоссе символизирует скошение поля на гербе города Красногорск?,"Шоссе, которое символизирует скошенное поле на гербе города Красногорска, — это Волоколамское шоссе.",0.060324975574056604,Какое шоссе символизирует скошение поля на гербе города Красногорск?
"Кем был возглавляемый Вириатом народ, с которым воевал консул Квинт Фабий Максим Эмилиан в Дальней Испании в 145 году до н. э.?","Вириат был вождем племени лузитанов, которое проживало на территории современной Португалии и частично Испании. Лузитаны были одним из многих племен, населявших Иберийский полуостров во времена Римской империи. Они вели борьбу против римлян, которые стремились установить контроль над этой территорией. В 145 году до н.э. консул Квинт Фабий Максим Эмилиан возглавил армию, которая сражалась с лузитанами под руководством Вирията.",0.06934662961801244,"Кем был возглавляемый Вириатом народ, с которым воевал консул Квинт Фабий Максим Эмилиан в Дальней Испании в 145 году до н. э.?"
Какую организацию возглавлял Мешади Азиз-бек оглы Азизбеков?,Мешади Азиз-бек оглы Азизбеков был председателем Бакинского комитета партии «Дашнакцутюн» в 1905 году.,0.6407301242896155,Какую организацию возглавлял Мешади Азиз-бек оглы Азизбеков?
"Как звали автора, написавшего новый текст для книги «Super Mario Bros: The Complete Strategy Guide», изданной в октябре 1985 года, но не получившего за это оплату?",Автором текста для книги «Super Mario Bros: The Complete Strategy Guide» является Том Холл.,0.9983928728464986,"Как звали автора, написавшего новый текст для книги «Super Mario Bros: The Complete Strategy Guide», изданной в октябре 1985 года, но не получившего за это оплату?"
"Как называется спутник Урана, на поверхности которого «Вояджером-2» были обнаружены три венца: Арден, Эльсинор и Инвернесс?","Спутник Урана, на котором «Вояджер-2» обнаружил три венца — это спутник Миранда.",0.06372579701859073,"Как называется спутник Урана, на поверхности которого «Вояджером-2» были обнаружены три венца: Арден, Эльсинор и Инвернесс?"
Кем был избран Уильям де Сент-Барб 14 марта 1143 года?,Уильям де Сент-Барб был избран епископом в 1143 году.,0.990819212874649,Кем был избран Уильям де Сент-Барб 14 марта 1143 года?
Какую книгу Джорджа Оруэлла Патрик Кроскери сравнил с политической тематикой альбома «Animals» Роджера Уотерса?,Патрик Кроскери сравнил политическую тематику альбома «Animals» Роджера Уотерса с книгой Джорджа Оруэлла «Скотный двор».,0.18207927913417374,Какую книгу Джорджа Оруэлла Патрик Кроскери сравнил с политической тематикой альбома «Animals» Роджера Уотерса?
"В каком году состоялся выпуск альбома Дайаны Росс, на обложке которого она изображена в розовом платье с меховой накидкой?","Альбом Дайаны Росс под названием ""Touch Me in the Morning"" был выпущен в 1973 году. На его обложке действительно изображена певица в розовом платье с меховой накидкой.",0.0005662648945693599,"В каком году состоялся выпуск альбома Дайаны Росс, на обложке которого она изображена в розовом платье с меховой накидкой?"
Какая звезда является крупнейшей в пределах десяти световых лет от Солнца?,Крупнейшей звездой в пределах десяти световых лет от Солнца является красный гигант Бетельгейзе.,0.0018891076881726993,Какая звезда является крупнейшей в пределах десяти световых лет от Солнца?
Какое количество баллов из 100 получила первая часть франшизы «Обитель зла» на сайте Metacritic по состоянию на октябрь 2013 года?,По состоянию на октябрь 2013 года первая часть франшизы «Обитель зла» получила 68 баллов из 100 на сайте Metacritic.,0.028847438656235982,Какое количество баллов из 100 получила первая часть франшизы «Обитель зла» на сайте Metacritic по состоянию на октябрь 2013 года?
Кто из рецензентов журнала Paste назвал события вступительной части игры Final Fantasy VII в городе Мидгар самой запоминающейся частью игры?,Рецензент журнала Paste назвал события вступительной части игры Final Fantasy VII в городе Мидгар самой запоминающейся частью игры.,0.9281860983421372,Кто из рецензентов журнала Paste назвал события вступительной части игры Final Fantasy VII в городе Мидгар самой запоминающейся частью игры?
Какой максимальный размах крыльев у странствующего и южного королевского альбатросов?,"Странствующий альбатрос имеет самый большой размах крыльев среди всех птиц — до 3,7 метра. Южный королевский альбатрос также обладает очень большим размахом крыльев, который может достигать 3,2 метра.",0.015671896659717938,Какой максимальный размах крыльев у странствующего и южного королевского альбатросов?
Какой композитор был выбран для создания музыкального сопровождения к фильму «История игрушек»?,"Композитором, который создал музыкальное сопровождение к мультфильму «История игрушек», является Рэнди Ньюман.",0.006326582432880889,Какой композитор был выбран для создания музыкального сопровождения к фильму «История игрушек»?
В мультиплеере игры TimeSplitters 2 сколько всего доступно режимов игры?,"В игре ""TimeSplitters 2"" доступны следующие режимы игры в мультиплеере:

1. **Deathmatch** - классический режим, где игроки сражаются друг с другом до тех пор, пока не закончатся жизни или время.

2. **Team Deathmatch** - аналогично Deathmatch, но команды игроков соревнуются друг с другом.

3. **Capture the Flag** - игроки должны захватить флаг противника и доставить его на свою базу.

4. **Bombing Run** - один игрок становится террористом, а остальные - спецназом. Террорист должен установить бомбу, а спецназ - обезвредить её.

5. **Freeze Tag** - один игрок становится ""замораживателем"", который может заморозить других игроков. Замороженные игроки могут быть разморожены другими игроками.

6. **Race** - игроки должны пройти через определённую трассу как можно быстрее.

7. **Last Man Standing** - игроки сражаются друг с другом, пока не останется только один выживший.

8. **Hunter** - один игрок становится охотником, а остальные становятся добычей. Охотник должен поймать всех остальных игроков.

9. **Survival** - игроки должны выжить как можно дольше",0.7499550803990144,В мультиплеере игры TimeSplitters 2 сколько всего доступно режимов игры?
Сколько дней длились военные действия на Сремском фронте во время Второй мировой войны?,"Военные действия на Сремском фронте во время Второй мировой войны продолжались с 20 апреля по 15 мая 1945 года. Таким образом, они длились около 3 недель.",0.46423988941423255,Сколько дней длились военные действия на Сремском фронте во время Второй мировой войны?
"В каком году Бутан стал одним из последних государств, введших женское избирательное право?",Бутан ввел женское избирательное право в 2008 году.,0.018657922646364133,"В каком году Бутан стал одним из последних государств, введших женское избирательное право?"
"Кем был О. О. Родзевич, с которым у Ксаверия Корбута возник конфликт в музыкальной школе Р. А. Гуммерта в Казани?",О. О. Родзевич был преподавателем музыки и руководителем хора в музыкальной школе Р. А. Гуммерта в Казани.,0.9902569214293944,"Кем был О. О. Родзевич, с которым у Ксаверия Корбута возник конфликт в музыкальной школе Р. А. Гуммерта в Казани?"
На какое место в списке «500 величайших альбомов всех времён» журнала Rolling Stone поднялся альбом «(What's the Story) Morning Glory?» в обновлённом рейтинге 2020 года?,"Альбом Oasis ""What's the Story) Morning Glory?"" занял 189-е место в обновлённом рейтинге ""500 величайших альбомов всех времён"" журнала Rolling Stone в 2020 году.",0.08417864941274714,На какое место в списке «500 величайших альбомов всех времён» журнала Rolling Stone поднялся альбом «(What's the Story) Morning Glory?» в обновлённом рейтинге 2020 года?
"Кто является персонажем романа «Братья Карамазовы», пытавшимся выманить капитал у помещицы Хохлаковой и в суде объяснившим убийство Фёдора Карамазова влиянием среды?","Персонаж романа ""Братья Карамазовы"", который пытался выманить капитал у помещицы Хохлаковой и в суде объяснил убийство Фёдора Карамазова влиянием среды, — это Дмитрий Фёдорович Карамазов.",0.3556400042009855,"Кто является персонажем романа «Братья Карамазовы», пытавшимся выманить капитал у помещицы Хохлаковой и в суде объяснившим убийство Фёдора Карамазова влиянием среды?"
Кем и в какой дате был вручен рядовому Владимиру Каманцеву орден Мужества за бои под Шатоем?,Орден Мужества рядовому Владимиру Каманцеву был вручён 20 августа 1995 года.,0.8197378618958339,Кем и в какой дате был вручен рядовому Владимиру Каманцеву орден Мужества за бои под Шатоем?
Кто выкупил Федона из Элиды из рабства по просьбе Сократа?,"Федон был философом и учеником Сократа. После смерти своего учителя он бежал в город Элиду, где его схватили и продали в рабство. Однако Сократ попросил одного из своих друзей, Критона, выкупить Федона из рабства. Критон выполнил просьбу Сократа и выкупил Федона, после которого тот вернулся в Афины и продолжил свою философскую деятельность.",0.010516090405916506,Кто выкупил Федона из Элиды из рабства по просьбе Сократа?
"В каком году палеонтологи обнаружили экземпляр эдмонтозавра, получивший прозвище «Дакота»?","Палеонтологи обнаружили экземпляр эдмонтозавра, получивший прозвище «Дакота», в 2004 году.",0.037895583621578625,"В каком году палеонтологи обнаружили экземпляр эдмонтозавра, получивший прозвище «Дакота»?"
В каком возрасте Тревор Линден был назначен капитаном клуба «Ванкувер Кэнакс»?,Тревор Линден был назначен капитаном клуба «Ванкувер Кэнакс» в 1997 году.,0.0010973143128774122,В каком возрасте Тревор Линден был назначен капитаном клуба «Ванкувер Кэнакс»?
Какой уникальный для моллюсков аппарат для измельчения пищи находится в глотке большинства видов?,"Уникальный аппарат для измельчения пищи у моллюсков называется **радула** (radula). Радула представляет собой хитиновую ленту с многочисленными мелкими зубчиками, расположенными на внутренней поверхности ротовой полости. Этот орган используется большинством моллюсков для соскабливания и измельчения пищи перед её проглатыванием.",0.014693917795090498,Какой уникальный для моллюсков аппарат для измельчения пищи находится в глотке большинства видов?
"Где, согласно Страбону и Каллину, окончил свою жизнь Калхант?","Согласно Страбону и Каллину, Калхант умер в Дельфах.",0.3685041801249847,"Где, согласно Страбону и Каллину, окончил свою жизнь Калхант?"
В каком году Л. С. Берг обосновал выделение акантодов в отдельный класс рыб?,Л. С. Берг обосновал выделение акантодов в отдельный класс рыб в 1940 году.,0.02783805774343979,В каком году Л. С. Берг обосновал выделение акантодов в отдельный класс рыб?
Кто отказался утвердить план отступления войск УГА в регион между Днестром и Карпатскими горами во время Польско-украинской войны?,"Во время Польско-украинской войны 1918–1919 годов, когда войска Украинской Галицкой Армии (УГА) вели боевые действия против поляков, генерал-хорунжий Евген Петрушевич, глава правительства УГА, принял решение о переходе к обороне на линии реки Збруч. Однако, после того как польские войска начали наступление, Петрушевич решил отказаться от плана отступления и предложил перейти к активным действиям для защиты территории.",0.9932302948957996,Кто отказался утвердить план отступления войск УГА в регион между Днестром и Карпатскими горами во время Польско-украинской войны?
Какой швейцарский композитор основал Оркестр итальянской Швейцарии в 1933 году?,Швейцарский композитор и дирижёр Поль Хиндемит основал Оркестр итальянской Швейцарии в 1933 году.,0.8220634357238291,Какой швейцарский композитор основал Оркестр итальянской Швейцарии в 1933 году?
Как звали Беллерофонта при рождении согласно современным источникам?,"Согласно современным источникам, Беллерофонт при рождении носил имя Гиппоной.",0.0016933966887242669,Как звали Беллерофонта при рождении согласно современным источникам?
Как называли выходцев из Персии среди малабарских христиан в сиро-малабарской католической церкви?,Выходцы из Персии среди малабарских христиан в сиро-малабарской католической церкви назывались **сирийцами**.,0.0851855480660731,Как называли выходцев из Персии среди малабарских христиан в сиро-малабарской католической церкви?
"Какие химические элементы в ионизированном и нейтральном виде (Ca II, Fe I, Fe II, Cr II, Ti II) видны в спектрах звёзд класса F?","В спектрах звёзд класса F можно увидеть следующие химические элементы в ионизированном и нейтральном виде:

1. **Ca II** - Ионизированный кальций. В спектрах звёзд класса F часто наблюдаются линии ионизации кальция, такие как линия Ca II K (3968 Å). Это связано с высокой температурой поверхности этих звёзд, которая способствует ионизации атомов кальция.

2. **Fe I** - Нейтральный железо. Линии нейтрального железа также могут быть обнаружены в спектрах звёзд класса F, хотя они менее выражены по сравнению с линиями ионов железа.

3. **Fe II** - Ионизованный железо. Линии ионизованного железа, такие как линия Fe II 4405 Å, являются характерными для спектров звёзд класса F. Эти линии возникают при более высоких энергиях ионизации железа, что соответствует температуре поверхности таких звёзд.

4. **Cr II** - Ионизованный хром. Линии ионизированного хрома также присутствуют в спектрах звёзд класса F, но их интенсивность может варьироваться в зависимости от конкретных условий на поверхности звезды.

5. **Ti II** - Ионизованный титан. Линии ионизованного титана, например",0.15196250214956253,"Какие химические элементы в ионизированном и нейтральном виде (Ca II, Fe I, Fe II, Cr II, Ti II) видны в спектрах звёзд класса F?"
"Кто в 1945 году изобрёл устройство, которое причисляют к первым предшественникам RFID-технологии?","В 1945 году Лев Термен, советский физик и изобретатель, создал устройство, которое считается одним из первых предшественников технологии радиочастотной идентификации (RFID). Это устройство называлось «Токамак» и представляло собой пассивный радиомаяк, который мог быть активирован с помощью радиосигнала.",0.5109062172153765,"Кто в 1945 году изобрёл устройство, которое причисляют к первым предшественникам RFID-технологии?"
Кто произнёс пламенную проповодь в лагере Иль-Гази перед битвой на Кровавом поле?,Пламенную речь в лагере Иль-Гази перед битвой на Кровавом поле произнёс предводитель монголов и татар Хубилай-хан.,0.9924989551003076,Кто произнёс пламенную проповодь в лагере Иль-Гази перед битвой на Кровавом поле?
Каким цветом чернил обладает героиня Лилия Романова в комиксе «Книгочеи»?,В комиксе «Книгочеи» у Лилии Романовой волосы и глаза имеют фиолетовый цвет.,0.9990760605545216,Каким цветом чернил обладает героиня Лилия Романова в комиксе «Книгочеи»?
Сколько профессиональных убийц наняла Чёрная Маска в игре Batman: Arkham Origins?,"В игре ""Batman: Arkham Origins"" Чёрная Маска нанял восемь профессиональных убийц для устранения Бэтмена.",0.00448454408955619,Сколько профессиональных убийц наняла Чёрная Маска в игре Batman: Arkham Origins?
Кто был застрелен из винтовки Barrett в 1997 году в ходе последнего убийства британского солдата в Северной Ирландии?,В 1997 году в ходе последнего убийства британского солдата в Северной Ирландии был застрелен Патрик Линн Маккормак (Patrick Lynn McCormack).,0.9967727848705631,Кто был застрелен из винтовки Barrett в 1997 году в ходе последнего убийства британского солдата в Северной Ирландии?
На каком лейбле в 2019 году был выпущен сольный альбом Уильяма Дюваля «One Alone»?,Сольный альбом Уильяма Дюваля «One Alone» был выпущен на лейбле **Verve Records** в 2019 году.,0.8860784415109773,На каком лейбле в 2019 году был выпущен сольный альбом Уильяма Дюваля «One Alone»?
Кто убил Агамемнона в бане по возвращении из Троянского похода?,Агамемнон был убит своей женой Клитемнестрой и её любовником Эгисфом в бане.,0.0012457118180289057,Кто убил Агамемнона в бане по возвращении из Троянского похода?
"Кто возглавлял группу хорватских полицейских, которая через 4,5 часа после катастрофы Boeing CT-43A у Дубровника добралась до места крушения?","В катастрофе Boeing CT-43A у Дубровника в 1992 году погибло 7 человек, включая президента Хорватии Франьо Туджмана и его жену. Группа хорватских полицейских под руководством генерала Анте Готовина прибыла на место крушения спустя 4,5 часа после катастрофы.",0.9998679443491548,"Кто возглавлял группу хорватских полицейских, которая через 4,5 часа после катастрофы Boeing CT-43A у Дубровника добралась до места крушения?"
"В каком фильме взят диалог, используемый в середине песни «Cockroaches» с альбома «Point Blank» группы Nailbomb?","Диалог из фильма ""Бегущий по лезвию"" (""Blade Runner"") используется в песне ""Cockroaches"" с альбома ""Point Blank"" группы Nailbomb.",0.8262009378315558,"В каком фильме взят диалог, используемый в середине песни «Cockroaches» с альбома «Point Blank» группы Nailbomb?"
Как назывался готский Серебряный кодекс из Остготского королевства?,Готский Серебряный кодекс назывался **Codex Argenteus**.,0.014896976028706162,Как назывался готский Серебряный кодекс из Остготского королевства?
"Какое условное название сохранилось в литературе за храмом бога Иммаршиа в Эребуни, построенным царём Аргишти I?","В литературе за храмом бога Иммаршиа в Эребуни, построенным царём Аргишти I, сохранилось условное название «Храм солнца».",0.968353248037689,"Какое условное название сохранилось в литературе за храмом бога Иммаршиа в Эребуни, построенным царём Аргишти I?"
За что редактор газеты «Вятская речь» Владимир Тимофеевич Франжоли и его сотрудники были арестованы 13 августа 1909 года?,"Редактор газеты ""Вятская речь"" Владимир Тимофеевич Франжоли и его сотрудники были арестованы за публикацию статьи о событиях в Китае.",0.9893059399051615,За что редактор газеты «Вятская речь» Владимир Тимофеевич Франжоли и его сотрудники были арестованы 13 августа 1909 года?
"Какой член команды Фернана Магеллана первым дал описание Магеллановых Облаков и предположил, что они состоят из отдельных звёзд?","Первым членом команды Фернана Магеллана, который дал описание Магеллановых Облаков и предположил, что они состоят из отдельных звёзд, был Антонио Пигафетта. Он вёл дневник путешествия и подробно описал эти объекты в своих записях.",0.029827397876381632,"Какой член команды Фернана Магеллана первым дал описание Магеллановых Облаков и предположил, что они состоят из отдельных звёзд?"
"Кто присутствовал на теннисном матче Дон Бадж — Готфрид фон Крамм (Кубок Дэвиса, 1937) в качестве посла нацистской Германии?",На теннисном матче между Доном Баджем и Готфридом фон Краммом в рамках Кубка Дэвиса 1937 года в качестве посла нацистской Германии присутствовал Герман Геринг.,0.04096013315465244,"Кто присутствовал на теннисном матче Дон Бадж — Готфрид фон Крамм (Кубок Дэвиса, 1937) в качестве посла нацистской Германии?"
Какой маршрут в Колорадо Линн Хилл первой прошла свободным лазанием в 1979 году?,"Линн Хилл впервые прошла маршрут ""El Capitan"" свободным лазанием в 1979 году.",0.9832211436780484,Какой маршрут в Колорадо Линн Хилл первой прошла свободным лазанием в 1979 году?
Какой балл из 40 возможных дал журналу Famitsu игре Chrono Cross?,Журнал Famitsu оценил игру Chrono Cross в 36 баллов из 40 возможных.,0.004953870945212541,Какой балл из 40 возможных дал журналу Famitsu игре Chrono Cross?
"Кем по своей сути является Чёрный Нуар, раскрывший свою тайну Бутчеру в финальной схватке в Овальном кабинете?","Чёрный Нуар — это псевдоним главного героя романа «Нуар» американского писателя Джеймса Эллроя. В романе он выступает как частный детектив, расследующий серию жестоких убийств в Лос-Анджелесе в 1950-х годах. Его настоящее имя — Джек Винсент Макгвайр.",0.9895890255239224,"Кем по своей сути является Чёрный Нуар, раскрывший свою тайну Бутчеру в финальной схватке в Овальном кабинете?"
В комедиях какого древнегреческого драматурга Херефонт представлен действующим персонажем в пьесах «Облака» и «Осы»?,Херефонта представляет Аристофан в своих комедиях «Облака» и «Осы».,0.09589588666613039,В комедиях какого древнегреческого драматурга Херефонт представлен действующим персонажем в пьесах «Облака» и «Осы»?
Какое событие стало первой яджной и заложило жертвенные правила согласно древнеиндийской традиции?,"Согласно древнеиндийской традиции, первым событием, которое стало первой яджной и заложило жертвенные правила, является принесение в жертву первочеловека Пуруши. Это событие описывается в Ригведе, где говорится о том, как боги принесли в жертву Пурушу, разделив его на различные части, из которых возникли мироздание и социальные структуры.",0.33609076063537846,Какое событие стало первой яджной и заложило жертвенные правила согласно древнеиндийской традиции?
Кто лично получил от австрийского императора предложение о свободе вероисповедания и освобождении от налогов для сербов в ходе Великого переселения сербов в 1690 году?,"Великая Сербская Миграция из Герцеговины в Австрийскую монархию произошла после поражения турок в битве на Косовом поле в 1689 году. В результате этого события многие сербы бежали из своих земель, спасаясь от турецкого гнета. Они искали убежища в соседних странах, включая Австрию.

Австрийский император Леопольд I предложил сербам свободу вероисповедания и освобождение от налогов, если они согласятся переехать в Австрийские земли. Это предложение было сделано лично сербскому духовенству во главе с епископом Арсением III Чарноевичем. Епископ Арсений был одним из лидеров Великой Сербской Миграции и сыграл важную роль в организации переезда сербов в Австрию.

Таким образом, епископ Арсений III Чарноевич был тем, кто лично получил от австрийского императора предложение о свободе вероисповедания и освобождении от налогов для сербов в ходе Великого переселения сербов в 1690 году.",0.9977811220143913,Кто лично получил от австрийского императора предложение о свободе вероисповедания и освобождении от налогов для сербов в ходе Великого переселения сербов в 1690 году?
"Какая система вышла из строя у экипажа рейса 1862 в катастрофе Boeing 747 в Амстердаме, вызвав неуправляемый крен самолёта?",В катастрофе рейса 1862 авиакомпании KLM в Амстердаме 4 октября 1992 года причиной неуправляемого крена самолета Boeing 747 послужила отказ системы управления полетом. В результате отказа этой системы экипаж потерял контроль над самолетом и не смог стабилизировать его положение в воздухе.,0.8653043458560875,"Какая система вышла из строя у экипажа рейса 1862 в катастрофе Boeing 747 в Амстердаме, вызвав неуправляемый крен самолёта?"
"Какая компания выпустила в марте 2010 года фигурки Фредди Крюгера, основанные на актёре Джеки Эрле Хейли, для фильма «Кошмар на улице Вязов» (2010)?","Компания NECA (National Entertainment Collectibles Association) выпустила в марте 2010 года фигурки Фредди Крюгера, основанные на актёре Джеки Эрле Хейли, для фильма «Кошмар на улице Вязов» (2010).",0.0018182858181970069,"Какая компания выпустила в марте 2010 года фигурки Фредди Крюгера, основанные на актёре Джеки Эрле Хейли, для фильма «Кошмар на улице Вязов» (2010)?"
За что Иван Ильич Захаров был произведён в чин действительного статского советника?,Иван Ильич Захаров был произведён в чин действительного статского советника за выслугу лет и успешную службу на государственной службе Российской империи.,0.009602002268312875,За что Иван Ильич Захаров был произведён в чин действительного статского советника?
Кто был назначен начальником артиллерии Красной армии 19 июля 1941 года?,Начальником артиллерии Красной Армии 19 июля 1941 года был назначен генерал-лейтенант артиллерии Николай Николаевич Воронов.,0.10523280220928243,Кто был назначен начальником артиллерии Красной армии 19 июля 1941 года?
Кто открыл Фофановский могильник в 1926 году?,Фофановский могильник был открыт в 1926 году археологом и этнографом Николаем Николаевичем Виноградовым.,0.42662627080596965,Кто открыл Фофановский могильник в 1926 году?
Где была похоронена Алиса Баттенберг?,"Алиса Баттенберг, также известная как принцесса Алиса Греческая и Датская, была похоронена в Иерусалиме на территории монастыря Святой Марии Магдалины в Гефсимании.",0.004261314836868646,Где была похоронена Алиса Баттенберг?
О ком написана песня «Venice Queen» с альбома «By the Way»?,Песня «Venice Queen» группы Red Hot Chili Peppers посвящена Венеции и её королеве.,0.9958831046583835,О ком написана песня «Venice Queen» с альбома «By the Way»?
"Кто из известных владельцев использовал пару револьверов Webley R.I.C. во всех сражениях, включая битву при Литтл-Бигхорн 1876 года, в которой был убит?","Владельцем пары револьверов Webley R.I.C., которые использовались во многих сражениях, включая битву при Литтл-Бигхорн в 1876 году, был Джордж Армстронг Кастер.",0.27720704640802646,"Кто из известных владельцев использовал пару револьверов Webley R.I.C. во всех сражениях, включая битву при Литтл-Бигхорн 1876 года, в которой был убит?"
"Какое архитектурное бюро спроектировало здание Центрального правительственного офиса Гонконга, расположенное рядом с парком Тамар?",Здание Центрального правительственного офиса Гонконга было спроектировано архитектурным бюро **RSP Architects Planners & Engineers**.,0.9940758465782726,"Какое архитектурное бюро спроектировало здание Центрального правительственного офиса Гонконга, расположенное рядом с парком Тамар?"
Какое предупреждающее значение имеют ярко-оранжевые пятна на личинках и взрослых особях Battus philenor?,"Ярко-оранжевые пятна на личинках и взрослых особях бабочки Battus philenor служат предупреждающим сигналом для потенциальных хищators. Эти яркие цвета являются примером апосематической окраски, которая предупреждает о наличии у насекомого защитных механизмов, таких как токсины или неприятный вкус. Таким образом, эти оранжевые пятна сигнализируют другим животным, что эта бабочка может быть опасной или неприятной для употребления в пищу.",0.4994968815454684,Какое предупреждающее значение имеют ярко-оранжевые пятна на личинках и взрослых особях Battus philenor?
Какова оценочная длина белых акул при рождении согласно данным о найденных эмбрионах и пойманных новорожденных?,"Оценочная длина белых акул при рождении составляет примерно 1,2 метра.",0.05901585982126386,Какова оценочная длина белых акул при рождении согласно данным о найденных эмбрионах и пойманных новорожденных?
"Какой фильм Джиллиан Армстронга стал самым дорогостоящим фильмом Великобритании на момент производства, но провалился в прокате, собрав на родине всего 3 миллиона долларов?","Фильм «Гамлет» (Hamlet), снятый Джиллианом Армстронгом, стал самым дорогим британским фильмом на момент его создания и провалился в прокате, собрав лишь 3 миллиона долларов в Великобритании.",0.9727102119313107,"Какой фильм Джиллиан Армстронга стал самым дорогостоящим фильмом Великобритании на момент производства, но провалился в прокате, собрав на родине всего 3 миллиона долларов?"
"Кто возглавлял промоутерскую компанию Golden Boy Promotions, с которой Виктор Ортис подписал контракт 4 сентября 2008 года?","Промоутерской компанией, с которой Виктор Ортис подписал контракт 4 сентября 2008 года, была Golden Boy Promotions. Её возглавлял Оскар Де Ла Хойя.",0.01297664340242521,"Кто возглавлял промоутерскую компанию Golden Boy Promotions, с которой Виктор Ортис подписал контракт 4 сентября 2008 года?"
В каком году были восстановлены дипломатические отношения между Индонезией и Китаем?,Дипломатические отношения между Индонезией и Китаем были восстановлены в 1949 году.,0.015464390327727055,В каком году были восстановлены дипломатические отношения между Индонезией и Китаем?
"Какое кодовое название получила операция по высадке союзных сил в Сицилии, разработанная в феврале 1943 года?","Операция по высадке союзных сил в Сицилии, разработанная в феврале 1943 года, получила кодовое название ""Хаски"" (Husky).",0.0064283089706318386,"Какое кодовое название получила операция по высадке союзных сил в Сицилии, разработанная в феврале 1943 года?"
В каком году Алкивиад был избран стратегом-автократором после возвращения в Афины?,"Алкивиад был избран стратегом-автократором в 407 году до н. э., после своего возвращения в Афины из изгнания.",0.0001711892259560793,В каком году Алкивиад был избран стратегом-автократором после возвращения в Афины?
Сколько голов забила Кристин Синклер в сезоне 2017 года за клуб «Портленд Торнс»?,Кристин Синклер забила 34 гола за клуб «Портленд Торнс» в сезоне 2017 года.,0.1253884433903523,Сколько голов забила Кристин Синклер в сезоне 2017 года за клуб «Портленд Торнс»?
"Кто, по мнению французских исследователей Л. Геллера и М. Нике, был, пожалуй, первым в русской литературе изобретателем утопического языка?","По мнению французских исследователей Луи Геллера и Мишеля Нике, одним из первых в русской литературе изобретателей утопического языка является Михаил Салтыков-Щедрин.",0.17349073448188157,"Кто, по мнению французских исследователей Л. Геллера и М. Нике, был, пожалуй, первым в русской литературе изобретателем утопического языка?"
Какую актрису Фонтана выделил как лучшую среди исполнителей главных ролей в фильме «Пост Мортем»?,В фильме «Пост Мортем» главную роль исполнила актриса София Бутелла.,0.9891743735566898,Какую актрису Фонтана выделил как лучшую среди исполнителей главных ролей в фильме «Пост Мортем»?
"Сколько выступлений перед зрителями, по признанию Владимира Высоцкого, необходимо для появления «настоящей песни»?","По признанию Владимира Высоцкого, настоящая песня появляется после 10–15 выступлений перед зрителями.",0.3866506332581173,"Сколько выступлений перед зрителями, по признанию Владимира Высоцкого, необходимо для появления «настоящей песни»?"
Когда состоялся релиз сиквела игры Final Fantasy VII Remake под названием Final Fantasy VII Rebirth?,Релиз игры **Final Fantasy VII Rebirth** состоялся 29 февраля 2024 года.,0.024915798254734643,Когда состоялся релиз сиквела игры Final Fantasy VII Remake под названием Final Fantasy VII Rebirth?
"С кем, по утверждению Лидделла, Джордж Пикингилл провёл большую часть первых лет жизни?","По утверждению Лидделла, Джордж Пикингилл провёл большую часть первых лет своей жизни с матерью и её семьёй в деревне Блайтигл.",0.9986988747433813,"С кем, по утверждению Лидделла, Джордж Пикингилл провёл большую часть первых лет жизни?"
"Согласно росписи от 9 августа 1613 года, сколько башен насчитывалось в Чебоксарском кремле?",В Чебоксарском кремле по росписи от 9 августа 1613 года было 8 башен.,0.21188021884037506,"Согласно росписи от 9 августа 1613 года, сколько башен насчитывалось в Чебоксарском кремле?"
У какого хордового животного не из класса позвоночных был обнаружен белок UBTF?,"Белок UBTF (Upstream Binding Transcription Factor) впервые был обнаружен у хордовых животных, которые не относятся к классу позвоночных. Это животное — ланцетник (Amphioxus).",0.9761470204502745,У какого хордового животного не из класса позвоночных был обнаружен белок UBTF?
В каком полнометражном аниме «Sonic the Hedgehog: The Movie» Метал Соник играет ключевую роль в истории?,Метал Соник играет ключевую роль в истории полнометражного аниме «Sonic the Hedgehog: The Movie».,0.6532248790137899,В каком полнометражном аниме «Sonic the Hedgehog: The Movie» Метал Соник играет ключевую роль в истории?
"Кто в последней четверти XIX века создал теорию множеств, ставшую новым языком математики?","В последней четверти XIX века немецкий математик Георг Кантор создал теорию множеств, которая стала новым языком математики.",0.005231629946462672,"Кто в последней четверти XIX века создал теорию множеств, ставшую новым языком математики?"
В каком году группа «Кино» записала саундтрек к фильму «Игла»?,Группа «Кино» записала саундтрек к фильму «Игла» в 1987 году.,0.00949675096399418,В каком году группа «Кино» записала саундтрек к фильму «Игла»?
Сколько времени занимает полное восстановление родопсина у человека?,"## Сколько времени занимает полное восстановление родопсина у человека?

Родопсин — это зрительный пигмент, содержащийся в палочках сетчатки глаза и отвечающий за сумеречное зрение. Его восстановление после активации светом является важным процессом для поддержания нормального зрения при изменении освещённости.

### Процесс восстановления родопсина

1. **Активация родопсина**: При попадании света на фоторецепторы происходит активация родопсина, что приводит к его расщеплению на опсин и всеотрансретинал.
2. **Восстановление**: После этого начинается процесс восстановления родопсина, который включает обратное превращение всехотрансретиналя обратно в 11-цис-ретиналь и его связывание с опсином.
3. **Время восстановления**: Полное восстановление родопсина занимает примерно от 30 до 45 минут. Этот период может варьироваться в зависимости от индивидуальных особенностей организма и условий окружающей среды.

Таким образом, полное восстановление родопсина у человека занимает около 30–45 минут.",0.8500732153886015,Сколько времени занимает полное восстановление родопсина у человека?
"Кто объявил победителем в номинации «лучший зарубежный фильм» Национального совета кинокритиков США в 1934 году среди номинантов, включая фильм «Мадам Бовари» (1933)?",Победителем в номинации «Лучший зарубежный фильм» Национального совета кинокритиков США в 1934 году стал фильм **«Мадам Бовари»** (1933).,0.21864047573771878,"Кто объявил победителем в номинации «лучший зарубежный фильм» Национального совета кинокритиков США в 1934 году среди номинантов, включая фильм «Мадам Бовари» (1933)?"
"Как Владимир Стасов характеризовал картину И.Е. Репина «Не ждали» в статье «Наши художественные дела», опубликованной в издании «Новости и Биржевая газета» в марте 1884 года?","Владимир Васильевич Стасов, известный русский критик и публицист, охарактеризовал картину Ильи Ефимовича Репина «Не ждали» в своей статье «Наши художественные дела», опубликованной в газете «Новости и Биржевая газета» в марте 1884 года. В этой статье Стасов высоко оценил произведение Репина, отметив его реалистичность, эмоциональную глубину и мастерство художника. Он подчеркнул, что картина является ярким примером русской живописи XIX века и отражает дух времени, когда в России происходили значительные социальные и политические изменения.",0.6416989309529538,"Как Владимир Стасов характеризовал картину И.Е. Репина «Не ждали» в статье «Наши художественные дела», опубликованной в издании «Новости и Биржевая газета» в марте 1884 года?"
Сколько километров составил рекордный безостановочный пробег поезда Burlington Zephyr 26 мая 1934 года?,"Рекордный безостановочный пробег поезда Burlington Zephyr состоялся 26 мая 1934 года и составил **1075 миль**, что примерно равно **1730 километров**.",0.014005923082535014,Сколько километров составил рекордный безостановочный пробег поезда Burlington Zephyr 26 мая 1934 года?
В каком году Михаил Погребецкий стал организатором Украинской школы инструкторов альпинизма в Приэльбрусье?,Михаил Погребецкий стал организатором Украинской школы инструкторов альпинизма в Приэльбрусье в 1987 году.,0.003020436852147835,В каком году Михаил Погребецкий стал организатором Украинской школы инструкторов альпинизма в Приэльбрусье?
Кем в ранневизантийской историографии было написано житие Антония Великого?,Житие Антония Великого было написано святым Афанасием Александрийским.,0.0015288632021871198,Кем в ранневизантийской историографии было написано житие Антония Великого?
"Сколько немецких населённых пунктов было в перечне, составленном исследователем Л. А. Бургарт на основании Энциклопедического словаря «Немцы России. Населённые пункты и места поселения»?","На основании Энциклопедического словаря «Немцы России. Населённые пункты и места поселения», исследователь Л. А. Бургарт составил перечень, включающий 1048 немецких населённых пункта.",0.9551660170804808,"Сколько немецких населённых пунктов было в перечне, составленном исследователем Л. А. Бургарт на основании Энциклопедического словаря «Немцы России. Населённые пункты и места поселения»?"
Какова была энергетическая ценность стандартного дневного рациона команды Руаля Амундсена во время Норвежской антарктической экспедиции 1910—1912 годов?,Энергетическая ценность стандартного дневного рациона команды Руаля Амундсена во время Норвежской антарктической экспедиции 1910—1912 годов составляла примерно **4500 ккал** на человека в день. Этот рацион включ в себя большое количество жиров и белков для обеспечения необходимой энергии в условиях сурового климата Антарктиды.,0.12019006267310421,Какова была энергетическая ценность стандартного дневного рациона команды Руаля Амундсена во время Норвежской антарктической экспедиции 1910—1912 годов?
"Каков период обращения вокруг общего центра масс у двойной звезды Сириус, состоящей из Сириуса A и белого карлика Сириуса B?",Период обращения вокруг общего центра масс у двойной звезды Сириус составляет примерно 50 лет.,0.0008397626543101271,"Каков период обращения вокруг общего центра масс у двойной звезды Сириус, состоящей из Сириуса A и белого карлика Сириуса B?"
В какой статье сметы расходов немцы учитывали вращающуюся броню башен корабля SMS Von der Tann?,"В Германии в 1904 году была принята новая система классификации кораблей и судов, которая включала в себя несколько статей расходов. Одна из этих статей называлась ""Броня"" и включала в себя расходы на бронирование корпуса и башен корабля. В этой статье учитывались расходы на вращающуюся броню башен корабля SMS Von der Tann.",0.9952396154692529,В какой статье сметы расходов немцы учитывали вращающуюся броню башен корабля SMS Von der Tann?
В каком десятилетии Я. Б. Зельдович предложил объяснение механизма образования оксидов азота (NOx) при горении?,Яков Борисович Зельдович предложил объяснение механизма образования оксидов азота (NOx) при горении в 1940-х годах.,0.0007733273934086556,В каком десятилетии Я. Б. Зельдович предложил объяснение механизма образования оксидов азота (NOx) при горении?
Какое необычное для Исаака Левитана действие он совершил после завершения написания картины «Владимирка»?,"После завершения работы над картиной «Владимирка» Исаак Ильич Левитан отправился в путешествие по Волге на пароходе. Он посетил такие города, как Нижний Новгород, Казань и Самара, где наблюдал за жизнью людей и природой этих мест. Это путешествие вдохновило его на создание новых произведений искусства, включая серию пейзажей с видами Волги.",0.965602800300366,Какое необычное для Исаака Левитана действие он совершил после завершения написания картины «Владимирка»?
"Как называли здание на Чистопрудном бульваре, где в фильме «Подкидыш» жила семья Наташи?",В фильме «Подкидыш» семья Наташи живёт в доме № 10 по Чистопрудному бульвару. Этот дом был построен в 1935 году и является памятником архитектуры. В настоящее время в этом здании находится Московский государственный университет культуры и искусств.,0.9910600610028806,"Как называли здание на Чистопрудном бульваре, где в фильме «Подкидыш» жила семья Наташи?"
В каком году Нисефор Ньепс и Луи Дагер заключили нотариальный договор о совместной работе?,Нисефор Ньепс и Луи Дагер заключили нотариальный договор о совместной работе в 1829 году.,0.0030603808187246156,В каком году Нисефор Ньепс и Луи Дагер заключили нотариальный договор о совместной работе?
В каком году Макс Планк подобрал правильную формулу для описания излучения черного тела?,Макс Планк подобрал правильную формулу для описания излучения черного тела в 1900 году.,0.001861360439528883,В каком году Макс Планк подобрал правильную формулу для описания излучения черного тела?
Какой монашеский орден на Западе воспринимал Иоанна Крестителя как соединительное звено между ветхозаветной аскезой Илии и христианским созерцательным монашеством?,"Монашеский орден, который воспринимал Иоанна Крестителя как соединительное звено между ветхозаветной аскезой Илии и христианским созерцательным монашеством, — это **орден кармелитов**.",0.41858704665730906,Какой монашеский орден на Западе воспринимал Иоанна Крестителя как соединительное звено между ветхозаветной аскезой Илии и христианским созерцательным монашеством?
В каком году компания Steepler наняла певца Олега Газманова и его сына Родиона для продолжения рекламы приставки Dendy?,Компания Steepler наняла певца Олега Газманова и его сына Родиона для продолжения рекламы приставки Dendy в 1995 году.,0.0024380129446851836,В каком году компания Steepler наняла певца Олега Газманова и его сына Родиона для продолжения рекламы приставки Dendy?
Какой босс является финальным и самым сложным в игре Terraria?,"В игре Terraria финальным боссом является **Лунный Владыка**. Он считается одним из самых сложных боссов в игре, так как требует от игрока высокого уровня подготовки, хорошей экипировки и стратегического подхода к бою. Лунный Владыка обладает мощными атаками и способностями, которые могут нанести значительный урон игроку, поэтому перед сражением с ним рекомендуется иметь лучшую броню, оружие и аксессуары.",0.30952440717526447,Какой босс является финальным и самым сложным в игре Terraria?
Какую сладость использовали для имитации фекалий при съёмках фильма «Зелёный слоник»?,Для имитации фекалий в фильме «Зелёный слоник» использовалась смесь из шоколадного соуса и взбитых сливок.,0.9987856939524458,Какую сладость использовали для имитации фекалий при съёмках фильма «Зелёный слоник»?
"Сколько камней одного цвета необходимо построить в непрерывный ряд в игре Рэндзю, чтобы победить?","В классической версии игры Рэндзю требуется построить пять камней одного цвета в непрерывный ряд на горизонтали, вертикали или диагонали для победы.",0.34199577315172563,"Сколько камней одного цвета необходимо построить в непрерывный ряд в игре Рэндзю, чтобы победить?"
"В каком году, согласно «Хронике Мелроза», Кеннет I стал королём пиктов?","Согласно «Хронике Мелроза» (Chronicon Melritese), Кеннет I стал королём пиктов в 841 году.",0.02892024071708599,"В каком году, согласно «Хронике Мелроза», Кеннет I стал королём пиктов?"
На каком кладбище похоронен министр иностранных дел СССР Андрей Андреевич Громыко?,Министр иностранных дел СССР Андрей Андреевич Громыко похоронен на Новодевичьем кладбище в Москве.,0.0007869776002588226,На каком кладбище похоронен министр иностранных дел СССР Андрей Андреевич Громыко?
Сколько миллиардов долларов инвестиций привлек Telegram на разработку блокчейн-платформы TON с криптовалютой Gram в 2018 году?,"В 2018 году Telegram привлек $1,7 млрд инвестиций для разработки блокчейн-платформы TON и криптовалюты Gram.",0.05030751583356352,Сколько миллиардов долларов инвестиций привлек Telegram на разработку блокчейн-платформы TON с криптовалютой Gram в 2018 году?
Какой учёный первым опубликовал грузинские исторические источники в оригинале с французским переводом?,"Первым учёным, опубликовавшим грузинские исторические источники в оригинале с французским переводом, был французский востоковед и путешественник **Александр Дюма** (Alexandre Dumas). В 1840-х годах он издал несколько томов исторических документов Грузии, включая переводы на французский язык и оригинальные тексты на грузинском языке.",0.09912171772940134,Какой учёный первым опубликовал грузинские исторические источники в оригинале с французским переводом?
"В каком году была изложена концепция Роя Харрода, вошедшая в состав модели Харрода — Домара?","Концепция Роя Харрода, которая вошла в состав модели Харрода — Домара, была изложена в 1939 году.",0.0264583526660997,"В каком году была изложена концепция Роя Харрода, вошедшая в состав модели Харрода — Домара?"
Кто 19 января 1916 года отбыл из Индии в Месопотамию для назначения командующим Месопотамской армией?,"19 января 1916 года из Индии в Месопотамию отбыл генерал Чарльз Джонсон, который был назначен командующим Месопотамской армией.",0.16455162232000553,Кто 19 января 1916 года отбыл из Индии в Месопотамию для назначения командующим Месопотамской армией?
"Кто возглавлял Центральный консультативный совет, учреждённый японской оккупационной администрацией в Индонезии в октябре 1943 года?","Центральный консультативный совет был создан японской оккупационной администрацией в Индонезии в октябре 1943 года. Этот орган был предназначен для консультаций с индонезийскими лидерами и содействия управлению страной под японским контролем. 

Главой Центрального консультативного совета стал **Сукарно**, который был одним из ключевых лидеров движения за независимость Индонезии. Сукарно занимал эту должность до конца войны, когда Япония капитулировала в августе 1945 года.",0.042330628926755376,"Кто возглавлял Центральный консультативный совет, учреждённый японской оккупационной администрацией в Индонезии в октябре 1943 года?"
На какой высоте над уровнем моря встречаются ошейниковые американские стрижи в Андах?,Ошейниковые американские стрижи (Streptoprocne zonaris) обычно встречаются на высотах от 1500 до 3000 метров над уровнем моря в Андах.,0.007783152914595489,На какой высоте над уровнем моря встречаются ошейниковые американские стрижи в Андах?
"Какое заболевание, связанное с нарушением функционирования гематоэнцефалического барьера, приводит к увеличению количества амилоида β в мозге?","## Заболевание, связанное с нарушением функционирования гематоэнцефалического барьера и увеличением количества амилоида β в мозге

### Что такое гематоэнцефалический барьер?
Гематоэнцефалический барьер (ГЭБ) — это физиологический барьер между кровеносной системой и центральной нервной системой, который защищает мозг от вредных веществ и микроорганизмов. Он состоит из эндотелиальных клеток капилляров мозга, которые плотно соединены друг с другом, а также поддерживаются астроцитами и перицитами.

### Нарушение ГЭБ при болезни Альцгеймера
При болезни Альцгеймера наблюдается нарушение целостности гематоэнцефалического барьера. Это приводит к тому, что токсичные вещества, включая бета-амилоид, могут проникать в ткани мозга, вызывая воспаление и дальнейшее повреждение нейронов.

### Роль амилоида β в развитии болезни Альцгеймера
Амилоид β (Aβ) является одним из ключевых белков, участвующих в патогенезе болезни Альцгеймера. Его накопление в мозге приводит к образованию бляшек, которые нарушают нормальную работу нервных клеток и вызывают их гибель.

### Заключение
Таким образом, **болезнь Альцгеймера** является заболеванием, связанным с",0.08868163529385699,"Какое заболевание, связанное с нарушением функционирования гематоэнцефалического барьера, приводит к увеличению количества амилоида β в мозге?"
Какая компания выступила издателем игры Medieval: Total War в России?,"Издателем игры ""Medieval: Total War"" в России является компания ""1С"".",0.0042415079303488356,Какая компания выступила издателем игры Medieval: Total War в России?
Какую оценку из 10 поставил музыке в Sonic Rush критик Джон Линдеманн из Nintendo World Report?,Критик Джон Линдеманн из журнала Nintendo World Report оценил музыку в игре Sonic Rush на 9 баллов из 10.,0.01349349315677998,Какую оценку из 10 поставил музыке в Sonic Rush критик Джон Линдеманн из Nintendo World Report?
На базе шасси какого бронетранспортёра было разработано советское 120-мм самоходное орудие 2С23 «Нона-СВК»?,Советское 120-мм самоходное орудие 2С23 «Нона-СВК» было разработано на базе шасси БТР-80.,0.00029867433686820295,На базе шасси какого бронетранспортёра было разработано советское 120-мм самоходное орудие 2С23 «Нона-СВК»?
У каких морских птиц подклювье длиннее надклювья?,"Под клювом у некоторых морских птиц есть специальный вырост — так называемое «подклювье». Оно представляет собой костный выступ на нижней челюсти и служит для удержания добычи в момент захвата. У большинства видов морских птиц подклювье короче надклювья, но у некоторых видов оно может быть даже длиннее. Например, у пеликанов подклювье значительно длиннее надклювья, что позволяет им захватывать крупную рыбу или других животных.",0.9988037587510044,У каких морских птиц подклювье длиннее надклювья?
"Кого в упорной борьбе обошли Меган Дюамель и Эрик Рэдфорд, завоевав свой второй национальный титул в сезоне 2012/2013?","Меган Дюамель и Эрик Рэдфорд выиграли свой второй национальный титул в сезоне 2012/2013, обойдя канадских фигуристов Пайпер Гласс и Полой Мюллер.",0.9932419019367267,"Кого в упорной борьбе обошли Меган Дюамель и Эрик Рэдфорд, завоевав свой второй национальный титул в сезоне 2012/2013?"
В каком году Practical Восточная академия была окончена Евгением Дмитриевичем Поливановым?,Евгений Дмитриевич Поливанов окончил Практическую восточную академию в 1903 году.,0.6456746703995659,В каком году Practical Восточная академия была окончена Евгением Дмитриевичем Поливановым?
Как Хуан Альварес Мальдонадо назвал всю открытую им землю в ходе экспедиции 1567 года?,Хуан Альварес Мальдонадо назвал всю открытую им землю в ходе экспедиции 1567 года «Новой Андалусией».,0.2891409213034828,Как Хуан Альварес Мальдонадо назвал всю открытую им землю в ходе экспедиции 1567 года?
"Какую картину в 1978 году создал Шамиль Муртазович Шайдуллин, изобразив себя в единой композиции бытовых сцен?","В 1978 году Шамиль Муртазович Шайдуллин создал картину «Моя семья», на которой он изобразил себя вместе с членами своей семьи в едином бытовом пространстве.",0.9489725629105148,"Какую картину в 1978 году создал Шамиль Муртазович Шайдуллин, изобразив себя в единой композиции бытовых сцен?"
Какое количество пулемётов «Максим» образца 1910 года входило в вооружение броневика «Фиат-Ижорский»?,В вооружении броневика «Фиат-Ижорский» находилось два пулемёта системы Максима образца 1910 года.,0.044003036722461815,Какое количество пулемётов «Максим» образца 1910 года входило в вооружение броневика «Фиат-Ижорский»?
"Какой белок, содержащийся в ядрышке, является компонентом рибосомной субъединицы 40S и подавляет активность киназ Src?","Белок, который содержится в ядрышке и является компонентом рибосомной субъединицы 40S, а также подавляет активность киназ Src, называется **p23**.",0.3898025763611019,"Какой белок, содержащийся в ядрышке, является компонентом рибосомной субъединицы 40S и подавляет активность киназ Src?"
"В каком году славянские племена осадили Салоники, событие, изображённое на фреске в базилике Святого Димитрия?","Событие, изображенное на фреске в базилике Святого Димитрия, относится к осаде Салоник в 617 году.",0.054169130143972635,"В каком году славянские племена осадили Салоники, событие, изображённое на фреске в базилике Святого Димитрия?"
"Кто из исследователей предполагает, что семья князя Алексея княжества Феодоро могла быть черкесской?","Исследователь, который предполагает, что семья князя Алексея княжества Феодоро могла быть черкесской, — это историк и археолог Николай Николаевич Воронин.",0.9990936564621108,"Кто из исследователей предполагает, что семья князя Алексея княжества Феодоро могла быть черкесской?"
В каком году была выпущена компьютерная игра Plants vs. Zombies?,"Компьютерная игра ""Plants vs. Zombies"" была впервые выпущена в 2009 году.",0.00041095655377341767,В каком году была выпущена компьютерная игра Plants vs. Zombies?
Какой лейбл отказался подписать контракт с The Beatles в конце декабря 1961 года?,"В конце декабря 1961 года Брайан Эпштейн, менеджер группы The Beatles, посетил офис компании Decca Records в Лондоне, чтобы предложить им контракт на запись музыки группы. Однако представители Decca Records отказались подписывать контракт с группой, заявив, что ""гитарные группы были на грани вымирания"". Этот решение оказалось ошибочным, так как The Beatles стали одной из самых успешных и влиятельных музыкальных групп в истории.",0.04148674713495763,Какой лейбл отказался подписать контракт с The Beatles в конце декабря 1961 года?
"Какой титул защитили Мэдисон Чок и Эван Бейтс в произвольном танце, став первой парой танцев на льду, сделавшей это после Танит Белбин и Бенджамина Агосто?","Мэдисон Чок и Эван Бейтс защитили свой титул чемпионов мира в произвольном танце, став первой парой танцев на льду, сделавшей это после Танит Белбин и Бенджамина Агосто.",0.02549589795113899,"Какой титул защитили Мэдисон Чок и Эван Бейтс в произвольном танце, став первой парой танцев на льду, сделавшей это после Танит Белбин и Бенджамина Агосто?"
В каком году ракета AIM-120 AMRAAM была принята на вооружение ВВС США?,Ракета AIM-120 AMRAAM была принята на вооружение ВВС США в 1991 году.,0.0002773230345072947,В каком году ракета AIM-120 AMRAAM была принята на вооружение ВВС США?
"Кто был матерью-одиночкой, воспитавшей Деррика Карактера?",Мать Деррика Карактера — **Линда Карактер**.,0.9992301650988068,"Кто был матерью-одиночкой, воспитавшей Деррика Карактера?"
"Какой результат исследования «волосков шёрстки» Джефа, переданных Прайсом Варой, был получен?","В романе Стивена Кинга «Мистер Мерседес» детектив Билл Ходжес расследует серию убийств, совершённых с помощью автомобиля Mercedes-Benz. В ходе расследования он получает образцы волос из шерсти собаки подозреваемого по имени Джеффри Беннетт, который передал их детективу Прайсу Варе. Анализ этих образцов показывает, что они принадлежат не собаке, а человеку, что указывает на то, что подозреваемый может быть причастен к преступлениям.",0.9976786848007554,"Какой результат исследования «волосков шёрстки» Джефа, переданных Прайсом Варой, был получен?"
"Какое заболевание, развивающееся при недостатке тиамина, характеризуется расстройством функций нервной системы из-за невозможности нормального окисления пирувата?","Заболевание, которое развивается при недостатке тиамина и характеризуется расстройством функций нервной системы из-за невозможности нормального окисления пирувата, называется бери-бери.",0.7396006034900463,"Какое заболевание, развивающееся при недостатке тиамина, характеризуется расстройством функций нервной системы из-за невозможности нормального окисления пирувата?"
"В каком городе группа U2 исполнила песню «Sunday Bloody Sunday» в 1987 году, когда Боно осудил взрыв в Эннискиллене, произошедший в тот же день?","Группа U2 исполнила песню «Sunday Bloody Sunday» в 1987 году в городе Дублин, Ирландия. В этот день Боно осудил взрыв в Эннискиллене, который произошел в тот же день.",0.3552124342333631,"В каком городе группа U2 исполнила песню «Sunday Bloody Sunday» в 1987 году, когда Боно осудил взрыв в Эннискиллене, произошедший в тот же день?"
"В каком году «Сиэтл Маринерс» сыграл свой первый в истории совершенный матч, питчером в котором был Феликс Эрнандес?","«Сиэтл Маринерс» сыграли свой первый в истории совершенный матч 15 сентября 2012 года, когда их питчер Феликс Эрнандес сделал Perfect Game.",0.38220066655081764,"В каком году «Сиэтл Маринерс» сыграл свой первый в истории совершенный матч, питчером в котором был Феликс Эрнандес?"
Кто в 2001 году был играющим тренером белорусского клуба «Гомель»?,В 2001 году играющим тренером белорусского футбольного клуба «Гомель» был Александр Павлович Глеб.,0.9529763272698955,Кто в 2001 году был играющим тренером белорусского клуба «Гомель»?
На каком американском аниме-фестивале в 2002 году был продемонстрирован сериал «Хеллсинг»?,Сериал «Хеллсинг» был продемонстрирован на фестивале анимации Anime Expo в Лос-Анджелесе в 2002 году.,0.680922825492409,На каком американском аниме-фестивале в 2002 году был продемонстрирован сериал «Хеллсинг»?
В каком музыкальном видео Тимбаленда в апреле 2007 года появилась Марис Уэлле?,"Тимбаленд выпустил музыкальный клип на песню ""Work"" в апреле 2007 года, и в этом клипе снялась актриса Мариса Уэллс.",0.985064190109484,В каком музыкальном видео Тимбаленда в апреле 2007 года появилась Марис Уэлле?
Кто сменил Альдо Моро на посту лидера Федерации католических студентов после его мобилизации в 1942 году?,"После того как Альдо Моро был призван в армию в 1942 году, его пост лидера Федерации католических студентов занял **Джузеппе Пеллегрино**.",0.955953520627915,Кто сменил Альдо Моро на посту лидера Федерации католических студентов после его мобилизации в 1942 году?
"Как называются события на сервере Minecraft 2b2t, когда десятки игроков объединяются для временного контроля над зоной спавна?","Такие события в Minecraft 2b2t называются **""Захватом Спавна""** или просто **""Спавн-Кража""**.",0.9997809883172053,"Как называются события на сервере Minecraft 2b2t, когда десятки игроков объединяются для временного контроля над зоной спавна?"
В каком году была построена Новосибирская ГЭС?,Новосибирская ГЭС была построена в 1960 году.,0.0005885534079576383,В каком году была построена Новосибирская ГЭС?
Какой альбом группы The Fall стал переломным фактором в отношении к группе британской прессы?,"Альбом ""Hex Enduction Hours"" группы The Fall стал переломным фактором в отношении к группе британской прессы. Этот альбом был выпущен в 1992 году и получил признание критиков за его инновационный подход к музыке и текстам. Он помог The Fall утвердиться как одну из самых влиятельных групп пост-панка и альтернативного рока.",0.042967414163834,Какой альбом группы The Fall стал переломным фактором в отношении к группе британской прессы?
Кто открыл Туманность Ориона в 1610 году?,Туманность Ориона была открыта в 1610 году французским астрономом и математиком Ипполито Бальони (Ippolito de' Medici).,0.7905775073916079,Кто открыл Туманность Ориона в 1610 году?
Кто заменил Ёситаку Амано в роли дизайнера персонажей в игре Final Fantasy VII?,В качестве замены Ёситаки Амано на должности дизайнера персонажей в игре Final Fantasy VII выступил Тэцуя Номура.,0.5236529710987567,Кто заменил Ёситаку Амано в роли дизайнера персонажей в игре Final Fantasy VII?
"Кто написал статью, сопоставившую картину «Боярыня Морозова» Сурикова с произведением «Христос и грешница» Поленова на 15-й передвижной выставке?","Статья, в которой была проведена сопоставительная работа между картиной Василия Сурикова «Боярыня Морозова» и полотном Виктора Поленова «Христос и грешница», была написана художником Василием Кандинским.",0.12477218735354913,"Кто написал статью, сопоставившую картину «Боярыня Морозова» Сурикова с произведением «Христос и грешница» Поленова на 15-й передвижной выставке?"
Кем был отец Эвмена из Кардии согласно версии историка Дурида Самосского?,"Отец Эвмена из Кардии, согласно версии историка Дурида Самосского, был человеком по имени Мантикл.",0.9756475565628,Кем был отец Эвмена из Кардии согласно версии историка Дурида Самосского?
В каком году был предложен термин «протеомика»?,Термин «протеомика» был впервые предложен в 1997 году.,0.0030926111312742526,В каком году был предложен термин «протеомика»?
"Какое явление, описывающее дискретный набор значений угла наклона плоскости орбиты электрона в атоме водорода относительно полярной оси, было открыто Арнольдом Зоммерфельдом при рассмотрении системы с тремя степенями свободы?","Арнольд Зоммерфельд открыл квантование углового момента электрона в атоме водорода, что привело к появлению понятия ""квантовые числа"". В частности, он рассматривал систему с тремя степенями свободы и обнаружил, что угол наклона плоскости орбиты электрона может принимать только определенные дискретные значения. Это стало одним из первых примеров квантования физических вели",0.06636424686099358,"Какое явление, описывающее дискретный набор значений угла наклона плоскости орбиты электрона в атоме водорода относительно полярной оси, было открыто Арнольдом Зоммерфельдом при рассмотрении системы с тремя степенями свободы?"
Какое прозвище носил персонаж по имени Арчибальд «Арчи» Айвс в фильме «Большой побег»?,"В фильме ""Большой побег"" персонаж по имени Арчибальд ""Арчи"" Айвс носил прозвище ""Саксон"".",0.9992174745207251,Какое прозвище носил персонаж по имени Арчибальд «Арчи» Айвс в фильме «Большой побег»?
В каком году Джанет Джексон получила награду «Грэмми» за лучшую песню в стиле ритм-н-блюз за композицию «That's The Way Love Goes»?,Джанет Джексон получила премию «Грэмми» за лучшую песню в стиле ритм-н-блюз за композицию «That's The Way Love Goes» в 1994 году.,0.0024746808131995263,В каком году Джанет Джексон получила награду «Грэмми» за лучшую песню в стиле ритм-н-блюз за композицию «That's The Way Love Goes»?
Кто является разработчиком и издателем игры New Super Mario Bros. для консоли Nintendo DS?,"Разработчиком игры ""New Super Mario Bros."" для консоли Nintendo DS является компания Nintendo, а издателем также выступает компания Nintendo.",0.019878992367953475,Кто является разработчиком и издателем игры New Super Mario Bros. для консоли Nintendo DS?
"Сколько франков составляла ежегодная пенсия, присуждённая Луи Пастеру французским государством после 1882 года?","После того как Луи Пастер стал знаменитым благодаря своим открытиям в области вакцинации и пастеризации, французский государство решило вознаградить его за заслуги перед науцией. В 1882 году ему была назначена пожизненная ежегодная пенсия в размере 25 тысяч франков. Эта сумма была значительной для того времени и подчёркивала важность вклада Пастера в развитие науки и медицины.",0.05465042045070365,"Сколько франков составляла ежегодная пенсия, присуждённая Луи Пастеру французским государством после 1882 года?"
Кто возглавил правый фланг римской армии в битве при Метавре?,"В битве при Метавре, которая произошла 20 июля 207 года до н. э., командовал правым флангом римской армии консул Гай Клавдий Нерон.",0.06780555278889962,Кто возглавил правый фланг римской армии в битве при Метавре?
"Кто, согласно завещанию Лоренцо ди Креди, является душеприказчиком и вероятной моделью для портрета «Женский портрет (Джиневра ди Джованни ди Никколо?)», хранящегося в музее Метрополитен?","Согласно завещанию Лоренцо ди Креди, его душеприказчиком был Франческо дель Чосса. А вероятной моделью для портрета «Женский портрет» была Джиневра ди Джованни ди Никколо.",0.9252628714623284,"Кто, согласно завещанию Лоренцо ди Креди, является душеприказчиком и вероятной моделью для портрета «Женский портрет (Джиневра ди Джованни ди Никколо?)», хранящегося в музее Метрополитен?"
В честь кого посвящён роман Стивена Кинга «Мобильник»?,Роман Стивена Кинга «Мобильник» посвящён его другу и коллеге по жанру ужасов Питеру Страубу.,0.471274713495431,В честь кого посвящён роман Стивена Кинга «Мобильник»?
"Какой тип паровоза был указан в предварительном проекте мощного товарного паровоза, завершённом в конце апреля 1930 года на ТБ ОГПУ?","В предварительном проекте мощного товарного паровоза, завершённом в конце апреля 1930 года на ТБ ОГПУ, был указан тип паровоза **ФД** (Феликс Дзержинский).",0.1685099469486552,"Какой тип паровоза был указан в предварительном проекте мощного товарного паровоза, завершённом в конце апреля 1930 года на ТБ ОГПУ?"
"У кого из родителей Герард Терборх, вероятно, перенял навыки изображения материалов?","Герард Терборх, голландский художник XVII века, был сыном художника Питера Корнелиса Терборха. Вероятно, он унаследовал свои художественные навыки от своего отца, который также был художником и занимался живописью.",0.01646607695271154,"У кого из родителей Герард Терборх, вероятно, перенял навыки изображения материалов?"
Кем был подписан «Новый японо-корейский договор о сотрудничестве» 24 июля 1907 года?,«Новый японо-корейский договор о сотрудничестве» был подписан 24 июля 1907 года премьер-министром Японии Ито Хиробуми и корейским министром иностранных дел Ли Ван Ёном.,0.029137858656637615,Кем был подписан «Новый японо-корейский договор о сотрудничестве» 24 июля 1907 года?
Какое название была присвоена улице Маршала в Петрозаводске 1 декабря 1942 года оккупационным разведывательным отделом?,Улица Маршала в Петрозаводске была переименована в улицу Карла Маркса 1 декабря 1942 года оккупационными властями.,0.9918448220943893,Какое название была присвоена улице Маршала в Петрозаводске 1 декабря 1942 года оккупационным разведывательным отделом?
В каком году до н. э. родился Ганнибал?,Ганнибал Барка родился в 247 году до нашей эры.,0.00042758828365194895,В каком году до н. э. родился Ганнибал?
В каком году было первое упоминание о газете в Пекине в эпоху династии Мин?,Первое упоминание о газете в Пекине относится к эпохе династии Мин и датируется 1582 годом.,0.01716448424596222,В каком году было первое упоминание о газете в Пекине в эпоху династии Мин?
Где хранится авторская рукопись песни «Вечер на рейде»?,Авторская рукопись песни «Вечер на рейде» находится в Государственном архиве Российской Федерации (ГАРФ).,0.6349944392578615,Где хранится авторская рукопись песни «Вечер на рейде»?
Какая синхронная камера была разработана в СССР в 1933 году на основе американских прототипов?,"В 1933 году в СССР была разработана синхронная камера под названием ""КСМ"" (Кинематографическая Съемочная Машина). Она была создана на основе американских прототипов и стала первым отечественным серийным киносъемочным аппаратом с возможностью съемки нескольких кадров одновременно.",0.030737085338252465,Какая синхронная камера была разработана в СССР в 1933 году на основе американских прототипов?
Кем работала Франциска Шанцковская на заводе компании «AEG» в 1915 году?,"Франциска Шанцковская работала на заводе компании ""AEG"" в 1915 году как машинистка.",0.9766608011284093,Кем работала Франциска Шанцковская на заводе компании «AEG» в 1915 году?
"Кому в новогоднем обращении 31 декабря 1999 года Борис Ельцин попросил прощения за то, что оказался в чём-то «слишком наивным»?","В новогоднем обращении к гражданам России 31 декабря 1999 года Борис Ельцин попросил прощения у всех граждан страны за то, что оказался в чём-то «слишком наивным».",0.2812089462853746,"Кому в новогоднем обращении 31 декабря 1999 года Борис Ельцин попросил прощения за то, что оказался в чём-то «слишком наивным»?"
В каком возрасте умер Владимир Яковлевич Ворошилов?,Владимир Яковлевич Ворошилов скончался 26 декабря 1999 года в возрасте 78 лет.,0.6833969493602996,В каком возрасте умер Владимир Яковлевич Ворошилов?
"Кто, согласно тексту, привез историю древних Афин из Египта, которая упоминается в начале диалога Платона «Тимей»?","Согласно диалогу Платона «Тимей», историю древних Афин из Египта привез Солон, афинский мудрец и законодатель.",0.0038439884105777853,"Кто, согласно тексту, привез историю древних Афин из Египта, которая упоминается в начале диалога Платона «Тимей»?"
В каком году Карл Мэлоун был введён в Зал славы баскетбола?,Карл Мэлоун был введён в Зал баскетбольной славы в 2010 году.,4.256789883219548e-05,В каком году Карл Мэлоун был введён в Зал славы баскетбола?
"Как называется область вокруг горизонта событий чёрной дыры Керра, внутри которой телам невозможно покоиться относительно удалённых наблюдателей?","Область вокруг горизонта событий чёрной дыры Керра, внутри которой телам невозможно покоиться относительно удалённых наблюдателей, называется эргосферой.",0.42400436836238703,"Как называется область вокруг горизонта событий чёрной дыры Керра, внутри которой телам невозможно покоиться относительно удалённых наблюдателей?"
"Как называется первый успешный регтайм Скотта Джоплина, обложка нот которого показана в статье?","Первый успешный регтайм Скотта Джоплина называется ""Maple Leaf Rag"".",0.00876324508732505,"Как называется первый успешный регтайм Скотта Джоплина, обложка нот которого показана в статье?"
Кто лично утверждал списки персонажей для картины «Парад 6 октября 1831 года в Петербурге»?,"Списки персонажей для картины «Парад 6 октября 1831 года в Петербурге», написанной художником Францем Алексеевичем Рубо, утверждались лично императором Николаем I.",0.8797129327227874,Кто лично утверждал списки персонажей для картины «Парад 6 октября 1831 года в Петербурге»?
В каком году Даниэль получил растение с клубневидными корнями и «муфтой» у основания стебля в ходе своих 26-летних экспериментов по прививке топинамбура на подсолнечник?,Даниэль получил такое растение в 1975 году.,0.9500652386845446,В каком году Даниэль получил растение с клубневидными корнями и «муфтой» у основания стебля в ходе своих 26-летних экспериментов по прививке топинамбура на подсолнечник?
В каком году была выпущена игра Puzzle Quest: Galactrix?,Игра Puzzle Quest: Galactrix была выпущена в 2009 году.,0.00033764050508195835,В каком году была выпущена игра Puzzle Quest: Galactrix?
Какой статус присвоен австралийскому совиному козодою Международным союзом охраны природы?,Статус австралийского совиного козодоя (Podargus strigoides) по данным Международного союза охраны природы (МСОП) — «Наименее обеспокоенный» (Least Concern).,0.009197154612871088,Какой статус присвоен австралийскому совиному козодою Международным союзом охраны природы?
"В каком году выплаты и льготы, полученные населением СССР из общественных фондов потребления, выросли с 41,9 до 90,1 млрд рублей?","Выплаты и льготы населению СССР из общественных фондов потребления увеличились с 41,9 до 90,1 млрд рублей в 1975 году.",0.0028500213276947996,"В каком году выплаты и льготы, полученные населением СССР из общественных фондов потребления, выросли с 41,9 до 90,1 млрд рублей?"
Кто стал главным тренером футбольного клуба «Шериф» 30 апреля 2019 года?,Главным тренером футбольного клуба «Шериф» 30 апреля 2019 года был назначен Александр Спиридон.,0.9858688195691897,Кто стал главным тренером футбольного клуба «Шериф» 30 апреля 2019 года?
В каком издании и в каком году вышла статья киноведа Андрея Зоркого «Точное московское время» о фильме «Я шагаю по Москве»?,"Статья киноведа Андрея Зоркого «Точное московское время» о фильме «Я шагаю по Москве» была опубликована в журнале «Искусство кино» № 10, 1967 года.",0.20169533374481272,В каком издании и в каком году вышла статья киноведа Андрея Зоркого «Точное московское время» о фильме «Я шагаю по Москве»?
Кто убедил американские власти задержать вылет самолёта Ил-62М «Аэрофлота» в аэропорту имени Кеннеди 24 августа 1979 года?,"Задержка вылета самолета Ил-62М «Аэрофлота» в аэропорту имени Кеннеди 24 августа 1979 года была вызвана опасениями американских властей относительно возможной угрозы безопасности. В то время США и СССР находились в состоянии холодной войны, и любые действия или перемещения советских самолетов вызывали подозрения и опасения у американских спецслужб.",0.9512285288348614,Кто убедил американские власти задержать вылет самолёта Ил-62М «Аэрофлота» в аэропорту имени Кеннеди 24 августа 1979 года?
"Кто, согласно хронике Георгия Кедрина, явился ко двору императора Василия II с отрядом в 800 человек и отказался разоружиться?","Согласно «Хронике» Георгия Кедрина, ко двору императора Василия II явились норманны во главе с неким Аматом, которые отказались разоружиться.",0.9849919239212641,"Кто, согласно хронике Георгия Кедрина, явился ко двору императора Василия II с отрядом в 800 человек и отказался разоружиться?"
"Кто стали первой официально зарегистрированной однополой парой в Германии, заключившей гражданское партнёрство 1 августа 2001 года в Ганновере?","Первой официально зарегистрированной однополой парой в Германии, заключившей гражданское партнёрство 1 августа 2001 года в Ганновере, были Андреас и Томас.",0.9530001277625018,"Кто стали первой официально зарегистрированной однополой парой в Германии, заключившей гражданское партнёрство 1 августа 2001 года в Ганновере?"
В каком году родился Бобби Орр?,Бобби Орр родился 20 марта 1948 года в США.,0.0006911281145963835,В каком году родился Бобби Орр?
Как переводится подзаголовок игры Kinetic ★ Connection ② O Hanaba Take?,"Подзаголовок игры ""Kinetic ★ Connection ② O Hanaba Take"" переводится как ""Kinetic ★ Connection 2: О Ханаба Таке"".",0.99867338871385,Как переводится подзаголовок игры Kinetic ★ Connection ② O Hanaba Take?
Кого Гней Корнелий Сципион Кальв взял в плен вместе с царём илергетов Индебилом после битвы при Циссисе?,Гней Корнелий Сципион Кальв взял в плен вместе с царём илергетов Индебилом его брата Ката.,0.7833296037867866,Кого Гней Корнелий Сципион Кальв взял в плен вместе с царём илергетов Индебилом после битвы при Циссисе?
Кто из троих членов президиума Еврейского антифашистского комитета не был арестован на момент разгона комитета?,"На момент разгона Еврейского антифашистского комитета в 1948 году были арестованы все его члены, кроме одного — Соломон Михоэлс. Он был убит в январе 1948 года, и его смерть была использована как предлог для начала репрессий против членов комитета.",0.6565721850363421,Кто из троих членов президиума Еврейского антифашистского комитета не был арестован на момент разгона комитета?
"Какое название, данное по имени сына Чингисхана Чагатаю, использовалось для обозначения независимой Тартарии в Мавераннахре?",Название «Чагатайский улус» использовалось для обозначения независимой Тартарии в Мавераннахре.,0.008038760294321538,"Какое название, данное по имени сына Чингисхана Чагатаю, использовалось для обозначения независимой Тартарии в Мавераннахре?"
Кто сменил Роджерса Хорнсби на посту менеджера «Чикаго Кабс» 2 августа?,На пост менеджера «Чикаго Кабс» 2 августа 1947 года был назначен Лео Дрекселл.,0.6079635599607943,Кто сменил Роджерса Хорнсби на посту менеджера «Чикаго Кабс» 2 августа?
"Какой фермент впервые был описан у тропических злаков, играет важную роль в С4-фотосинтезе и участвует в глюконеогенезе у Acetobacter?","Фермент, который впервые был описан у тропических злаков, играет важную роль в С4-фотосинтезе и участвует в глюконеогенезе у Acetobacter, называется **фосфоенолпируваткарбоксикиназа** (PEP-карбоксилаза).",0.15219931272031215,"Какой фермент впервые был описан у тропических злаков, играет важную роль в С4-фотосинтезе и участвует в глюконеогенезе у Acetobacter?"
"Кто является сценаристами комикса «Метеора», издававшегося Bubble Comics с 2014 по 2018 год?",Сценаристом комикса «Метеора» от издательства Bubble Comics был Алексей Замский.,0.9903496373385795,"Кто является сценаристами комикса «Метеора», издававшегося Bubble Comics с 2014 по 2018 год?"
"Кто приказал рабу пронзить себя мечом после того, как был ранен стрелой в правую руку во время битвы при Каррах?","В битве при Каррах, которая произошла в 53 году до н. э., римский полководец Марк Лициний Красс столкнулся с парфянской армией под командованием Сурена. В ходе сражения Красс был ранен стрелой в правую руку и потерял сознание. Его приближённые решили, что он мёртв, и покинули поле боя. Однако Красс пришёл в себя и приказал своему рабу Публию, который также был ранен, пронзить его мечом, чтобы избежать позора плена или смерти на вражеской земле.",0.6863818092177256,"Кто приказал рабу пронзить себя мечом после того, как был ранен стрелой в правую руку во время битвы при Каррах?"
В каком городе назван индийский сорт бананов «Майсур»?,"Индийский сорт бананов «Майсур» назван в честь города Майсур (ныне Бангалор), который находится на юге Индии. Этот город был столицей княжества Майсур и известен своей богатой историей и культурой.",0.0015409285077078183,В каком городе назван индийский сорт бананов «Майсур»?
"Как называются картины Джузеппе Арчимбольдо, изображающие «составленные головы», которые он создал для императоров Максимилиана II и Рудольфа II?","Картины Джузеппе Арчимбольдо, изображающие «составленные головы», называются «Портреты составленных голов» или «Композиции из предметов».",0.9965171532923517,"Как называются картины Джузеппе Арчимбольдо, изображающие «составленные головы», которые он создал для императоров Максимилиана II и Рудольфа II?"
"Какие два вида животных составляли основную массу костей животных, обнаруженных на поселении Варварина Гора?",На поселении Варварина Гора основную массу костей животных составляли кости крупного рогатого скота и свиней.,0.34658676798977983,"Какие два вида животных составляли основную массу костей животных, обнаруженных на поселении Варварина Гора?"
Кто приказал переправиться через реку Тицин перед битвой при Тицине?,В битве при Тицине в 218 году до н. э. римский полководец Публий Корнелий Сципион приказывал переправляться через реку Тицин.,0.03496089738894803,Кто приказал переправиться через реку Тицин перед битвой при Тицине?
"В каком году впервые были отчеканены первые крейцеры — серебряные гроссо герцога Каринтии и Крайны, графа Тироля Мейнхарда II?",Первые крейцеры были отчеканены в 1278 году.,0.020410056725956995,"В каком году впервые были отчеканены первые крейцеры — серебряные гроссо герцога Каринтии и Крайны, графа Тироля Мейнхарда II?"
Сколько человек помиловал губернатор Техаса Лоуренс Салливан Росс за четыре года своего пребывания в должности?,Губернатор Техаса Лоуренс Салливан Росс помиловал 150 человек за время своего пребывания на посту губернатора с 1891 по 1895 год.,0.08549552391175293,Сколько человек помиловал губернатор Техаса Лоуренс Салливан Росс за четыре года своего пребывания в должности?
Кто в 1175 году возглавлял большую валлийскую делегацию на совете Генриха II в Глостере?,"В 1175 году большую валлийскую делегацию на совете Генриха II в Глостере возглавлял Грифид ап Рис, правитель Гвинеда.",0.13487158388516465,Кто в 1175 году возглавлял большую валлийскую делегацию на совете Генриха II в Глостере?
"Как называются объекты, зная период пульсаций которых, можно определить их светимость и использовать как стандартные свечи для измерения расстояния до галактик?","Объекты, которые используются в качестве стандартных свечей для измерения расстояний до галактик на основе периода их пульсаций, называются **цефеидами** или переменными звездами типа RR Lyrae.",0.1071082522344271,"Как называются объекты, зная период пульсаций которых, можно определить их светимость и использовать как стандартные свечи для измерения расстояния до галактик?"
В каком году Энн Бронте опубликовала роман «Незнакомка из Уайлдфелл-Холла»?,Роман «Незнакомка из Уайлдфелл-Холла» был опубликован в 1848 году.,0.0005099504748298417,В каком году Энн Бронте опубликовала роман «Незнакомка из Уайлдфелл-Холла»?
"Как называлась песня группы «Наутилус Помпилиус» на пластинке альбома «Князь тишины», которая первоначально называлась «Последнее письмо»?","Песня, которая изначально называлась «Последнее письмо», была выпущена в альбоме «Князь тишины». В этом альбоме она получила название «Я хочу быть как все».",0.943679285684765,"Как называлась песня группы «Наутилус Помпилиус» на пластинке альбома «Князь тишины», которая первоначально называлась «Последнее письмо»?"
Кто стал первым выпускником очной докторантуры Военного института радиоэлектроники?,"Первым выпускником очной докторантуры Военного института радиоэлектроники стал доктор технических наук, профессор Владимир Николаевич Гапонов.",0.9544186739957821,Кто стал первым выпускником очной докторантуры Военного института радиоэлектроники?
Кем был свергнут Ромул Август 4 сентября 476 года?,"Ромул Август был свергнут Одоакром, вождем германских наемников в Западной Римской империи.",0.0033085364574480737,Кем был свергнут Ромул Август 4 сентября 476 года?
Кто был назначен скульптором для создания Мемориала Королевской артиллерии в начале 1921 года?,В начале 1921 года скульптором для создания Мемориала Королевской артиллерии был назначен сэр Эдвард Джеймс Локе (Sir Edward James Larke).,0.5977746007100775,Кто был назначен скульптором для создания Мемориала Королевской артиллерии в начале 1921 года?
"Кто является автором пьесы «Весна в январе», на которой основан фильм «Андерграунд»?",Автором пьесы «Весна в январе» является сербский драматург и писатель Душан Ковачевич.,0.28562179740498145,"Кто является автором пьесы «Весна в январе», на которой основан фильм «Андерграунд»?"
Какой городской аэропорт был детально воссоздан в качестве достопримечательности в игре серии Midnight Club?,В игре серии Midnight Club в качестве одной из достопримечательностей был воссоздан аэропорт Лос-Анджелеса (LAX).,0.224232539279306,Какой городской аэропорт был детально воссоздан в качестве достопримечательности в игре серии Midnight Club?
"Куда высадился Шехзаде Яхья в 1639 году, узнав о заговоре своих греческих спутников?","В 1639 году Шехзаде Яхья высадился на острове Лесбос, чтобы избежать участия в заговоре своих греческих спутников.",0.9019506790743096,"Куда высадился Шехзаде Яхья в 1639 году, узнав о заговоре своих греческих спутников?"
В каком году состоялся выпуск переиздания альбома Майкла Джексона «Bad 25»?,Альбом Майкла Джексона «Bad 25» был выпущен в 2012 году.,0.01115777888224954,В каком году состоялся выпуск переиздания альбома Майкла Джексона «Bad 25»?
"Какой журнал назвал альбом Майкла Джексона «Dangerous» триумфальным, отметив, что он не скрывает страхов и противоречий жизни, проведённой в центре внимания?","Журнал Rolling Stone назвал альбом Майкла Джексона «Dangerous» триумфальным, отметив, что он не скрывает страхов и противоречий жизни, проведённой в центре внимания.",0.9221921847100824,"Какой журнал назвал альбом Майкла Джексона «Dangerous» триумфальным, отметив, что он не скрывает страхов и противоречий жизни, проведённой в центре внимания?"
С кем совместно Сэмюэл Абрахам Гаудсмит совершил открытие спина электрона?,Сэмюэл Абрахам Гаудсмит совместно с Джорджем Юджином Уленбеком совершили открытие спина электрона в 1925 году.,0.013050322153581727,С кем совместно Сэмюэл Абрахам Гаудсмит совершил открытие спина электрона?
Какой предельный радиус (расстояние до школы) в верстах принимался в плотно населённых губерниях центральной России при построении школьных сетей в рамках программы Земской школы?,"В рамках программы ""Земская школа"" в России был установлен предельный радиус (расстояние до школы) в 3 версты для плотно населённых губерний Центральной России.",0.8396880848286143,Какой предельный радиус (расстояние до школы) в верстах принимался в плотно населённых губерниях центральной России при построении школьных сетей в рамках программы Земской школы?
"Какое количество сантиметров составляла длина затылочно-теменной раны цесаревича Николая, полученной во время Инцидента в Оцу?","Длина затылочно-теменной раны цесаревича Николая, полученной во время инцидента в Оцу, составляла 10 см.",0.17091700130367063,"Какое количество сантиметров составляла длина затылочно-теменной раны цесаревича Николая, полученной во время Инцидента в Оцу?"
Какое пророчество получил Александр I Эпирский в храме Зевса в Додоне перед своим походом в Италию?,"Александр I Эпирский получил пророчество о том, что он станет царем Македонии и будет править долго и счастливо. Это пророчество было получено им в храме Зевса в Додоне перед его походом в Италию.",0.19291499212057192,Какое пророчество получил Александр I Эпирский в храме Зевса в Додоне перед своим походом в Италию?
В каком году состоялась свадьба дочери Генриха I Матильды и императора Священной Римской империи Генриха V?,Свадьба дочери английского короля Генриха I Матильды и императора Священной Римской империи Генриха V состоялась в 1114 году.,0.009329599066409212,В каком году состоялась свадьба дочери Генриха I Матильды и императора Священной Римской империи Генриха V?
Кто был первым самарским воеводой и основателем крепости Самара?,Первым самарским воеводой и основателем крепости Самара был князь Василий Андреевич Серкизов. Он был назначен на эту должность в 1586 году по указу царя Фёдора Иоанновича.,0.3698462604367351,Кто был первым самарским воеводой и основателем крепости Самара?
"Какого животного первым описал Пьер Белон, увидев его тушку на рынках Константинополя?","Пьер Белон первым описал животное, которое он увидел в виде тушки на рынках Константинополя. Это был **крокодил**.",0.9835154954394373,"Какого животного первым описал Пьер Белон, увидев его тушку на рынках Константинополя?"
Какая дата отмечается в настоящее время в Сукабуми как день основания города?,"В настоящее время в городе Сукабуми, Индонезия, отмечается 10 ноября как День основания города.",0.5420649480056584,Какая дата отмечается в настоящее время в Сукабуми как день основания города?
Кто написал саундтрек к мультфильму «Земля до начала времён»?,Саундтрек к мультфильму «Земля до начала времён» был написан композитором Джеймсом Хорнером.,0.003642688159553039,Кто написал саундтрек к мультфильму «Земля до начала времён»?
В какой стране Browning M1918 оставался на вооружении Национальной гвардии с 1930-х годов до победы Сандинистской революции летом 1979 года?,Browning M1918 оставался на вооружении Национальной гвардии Никарагуа с 1930-х годов до победы Сандинистской революции в июле 1979 года.,0.017106314873084096,В какой стране Browning M1918 оставался на вооружении Национальной гвардии с 1930-х годов до победы Сандинистской революции летом 1979 года?
Кто в 357 году до н. э. возглавил пятитысячную армию и без боя занял Сиракузы?,В 357 году до н. э. армия под командованием Дионисия Старшего заняла Сиракузы без боя.,0.13440352556533,Кто в 357 году до н. э. возглавил пятитысячную армию и без боя занял Сиракузы?
С кем из правителей Вифинии Митридат VI заключил альянс во время своей тайной поездки в 109—108 годах до н. э.?,Во время своего тайного путешествия в 109—108 годах до н. э. Митридат VI заключил союз с царём Каппадокии Ариаратом VI.,0.007910171416074863,С кем из правителей Вифинии Митридат VI заключил альянс во время своей тайной поездки в 109—108 годах до н. э.?
"Как называется змей в германо-скандинавской мифологии, который опоясывает Землю и укусил себя за хвост?","Змей в германо-скандинавской мифологии, который опоясывает Землю и кусает себя за хвост, называется Ёрмунганд или Мировой Змей. Он является одним из детей Локи и великанши Ангрбоды. Ёрмунганд был настолько огромен, что его невозможно было измерить, и он обвился вокруг Земли, держа её в своих объятиях. В конце концов, во время Рагнарёка (гибели богов), Ёрмунганд выйдет из моря и сразится с богом Тором, убив друг друга.",0.0029669718668197493,"Как называется змей в германо-скандинавской мифологии, который опоясывает Землю и укусил себя за хвост?"
В каком году был пущен первый гидроагрегат Ульбинской ГЭС?,Первый гидроагрегат Ульбинской ГЭС был пущен в 1960 году.,0.0008029052774637482,В каком году был пущен первый гидроагрегат Ульбинской ГЭС?
"Какой концептуальный текст Фрэнсиса Фукуямы редактор журнала Policy Review назвал «каноническим текстом» для молодых неоконсерваторов, повлиявшим на внешнеполитический курс Джорджа Буша-мл.?","Концептуальный текст Фрэнсиса Фукуямы, который редактор журнала Policy Review назвал «каноническим текстом» для молодых неоконсерваторов и который повлиял на внешнеполитический курс Джорджа Буша-младшего, называется «Конец истории».",0.012677171573697507,"Какой концептуальный текст Фрэнсиса Фукуямы редактор журнала Policy Review назвал «каноническим текстом» для молодых неоконсерваторов, повлиявшим на внешнеполитический курс Джорджа Буша-мл.?"
В каком году состоялся релиз альбома «Морская» группы «Мумий Тролль» в России?,Альбом «Морская» группы «Мумий Тролль» был выпущен в России в 1997 году.,0.003861259486980025,В каком году состоялся релиз альбома «Морская» группы «Мумий Тролль» в России?
Кто был назначен правительством Азербайджана генерал-губернатором Карабаха и Зангезура в январе 1919 года?,В январе 1919 года правительство Азербайджанской Демократической Республики назначило **Али Мамед беком Гулиевым** на должность генерал-губернатора Карабаха и Зангезура.,0.9456492774128719,Кто был назначен правительством Азербайджана генерал-губернатором Карабаха и Зангезура в январе 1919 года?
Кто был доставлен на собрание на кладбище Сент-Уан 26 февраля под угрозой разграбления дома и убийства семьи?,"На собрании в Сент-Уане 26 февраля 1793 года были доставлены члены королевской семьи: король Людовик XVI, его жена Мария-Антуанетта и их дети Луи-Шарль и Мария-Тереза.",0.9977572892941393,Кто был доставлен на собрание на кладбище Сент-Уан 26 февраля под угрозой разграбления дома и убийства семьи?
Сколько качественно различных слоёв реального бытия выделяет Николай Гартман?,"Николай Гартман в своей философии выделял четыре качественно различных слоя реального бытия:

1. **Физический слой** — это мир объектов и явлений, которые воспринимаются нашими органами чувств. В этом слое существуют физические объекты, такие как камни, деревья, животные и т.д.

2. **Психологический слой** — здесь находятся психические процессы и состояния человека, включая мысли, чувства, желания и воспоминания. Этот слой включает в себя внутренний мир человека.

3. **Социальный слой** — этот слой охватывает общественные структуры и отношения между людьми. Здесь можно найти институты, законы, традиции и культурные нормы.

4. **Нравственный слой** — последний из четырёх слоев, который связан с моральными ценностями и этическими принципами. Он включает в себя понятия добра и зла, справедливости и несправедливости.

Эти слои представляют собой иерархическую структуру реальности, где каждый последующий слой является более сложным и фундаментальным по сравнению с предыдущим.",0.03386208882597507,Сколько качественно различных слоёв реального бытия выделяет Николай Гартман?
В каком году в письме сестре Агнес впервые упоминается персонаж Иуда Бен-Гур?,Персонаж Иуда Бен-Гур впервые упоминается в письме сестре Агнес в 1874 году.,0.6223249485922535,В каком году в письме сестре Агнес впервые упоминается персонаж Иуда Бен-Гур?
Когда Конгресс США утвердил строительство линейных кораблей «Флорида» и «Юта»?,Конгресс США утвердил строительство линейных кораблей «Флорида» и «Юта» в 1908 году.,0.13127100344388426,Когда Конгресс США утвердил строительство линейных кораблей «Флорида» и «Юта»?
"Кто был первым монархом, коронованным в Кафедральном соборе Палермо в качестве правителя Сицилийского королевства 25 декабря 1130 года?","Первым монархом, коронованным в Кафедральном соборе Палермо в качестве правителя Сицилийского королевства 25 декабря 1130 года, был Рожер II.",0.010992286414650292,"Кто был первым монархом, коронованным в Кафедральном соборе Палермо в качестве правителя Сицилийского королевства 25 декабря 1130 года?"
"Какой музыкальный коллектив выпустил в 2018 году альбом, посвящённый музыкальной истории Сиэтла, в котором заглавная песня «Rainier Fog» содержала строки, посвящённые Лейну Стейли и Майку Старру?","В 2018 году американский рок-коллектив Alice in Chains выпустил альбом под названием ""Black Gives Way to Sky"". Этот альбом был посвящен музыкальной истории Сиэтла и включал песню ""Rainier Fog"", которая содержит строки, посвященные покойному вокалисту группы Layne Staley и гитаристу Mike Starr.",0.004735445484037095,"Какой музыкальный коллектив выпустил в 2018 году альбом, посвящённый музыкальной истории Сиэтла, в котором заглавная песня «Rainier Fog» содержала строки, посвящённые Лейну Стейли и Майку Старру?"
В 1999 году журнал Time поставил Пикачу на какое место в своём списке «Лучших людей года»?,"Пикачу занял **2-е** место в списке журнала Time ""Лучшие люди года"" в 1999 году.",0.2707620494264146,В 1999 году журнал Time поставил Пикачу на какое место в своём списке «Лучших людей года»?
"Кем был спроектирован мемориал-некрополь сражавшихся и погибших сечевых стрельцов на горе Маковка, открытый в августе 1999 года?",Мемориал-некрополь на горе Маковка был спроектирован архитектором **Виталием Каминским**.,0.9960823544938433,"Кем был спроектирован мемориал-некрополь сражавшихся и погибших сечевых стрельцов на горе Маковка, открытый в августе 1999 года?"
Какую книгу Борис Дмитриевич Парыгин опубликовал в 1966 году в московском издательстве «Мысль»?,В 1966 году в московском издательстве «Мысль» Борис Дмитриевич Парыгин опубликовал книгу «Социальная психология как наука».,0.004390550655573448,Какую книгу Борис Дмитриевич Парыгин опубликовал в 1966 году в московском издательстве «Мысль»?
Кто в начале марта 1378 года сопровождал Оттона Брауншвейгского в качестве представителя Джованны на конференцию в Сарцану?,В начале марта 1378 года в качестве представителя королевы Джованны на конференции в Сарцане сопровождали Оттона Брауншвейгского кардинал Николай Альбергати и кардинал Петр Фьески.,0.9991137227654802,Кто в начале марта 1378 года сопровождал Оттона Брауншвейгского в качестве представителя Джованны на конференцию в Сарцану?
Кто в 1514 году предоставил Ричарду де ла Полю 12 тысяч ландскнехтов для вторжения в Англию?,В 1514 году Ричард де ла Поль получил от французского короля Людовика XII 12 тысяч ландскнехтов для вторжения в Англию.,0.06718444925983448,Кто в 1514 году предоставил Ричарду де ла Полю 12 тысяч ландскнехтов для вторжения в Англию?
"В романе Стивена Кинга «Противостояние» вирус гриппа вырвался из секретной лаборатории Министерства обороны США, расположенной в пустыне Мохаве; в каком городе штата Техас автомобиль охранника Чарльза Кэмпиона, заражённого вирусом, врезался в автозаправку, что стало началом эпидемии?",Город — **Остин**.,0.991844915952117,"В романе Стивена Кинга «Противостояние» вирус гриппа вырвался из секретной лаборатории Министерства обороны США, расположенной в пустыне Мохаве; в каком городе штата Техас автомобиль охранника Чарльза Кэмпиона, заражённого вирусом, врезался в автозаправку, что стало началом эпидемии?"
Какой законодательный акт от 16 июня 1870 года стал основным документом Городской реформы Александра II?,"Основным документом Городской реформы Александра II стал «Городовое положение» от 16 июня 1870 года. Этот закон установил новую систему городского самоуправления в Российской империи и определил порядок выборов в городские органы власти, а также их полномочия и обязанности.",0.08009451083523592,Какой законодательный акт от 16 июня 1870 года стал основным документом Городской реформы Александра II?
В каком году вышла книга Джона Бормана «Rotfigurige Vasen aus Athen. Die klassische Zeit. Ein Handbuch»?,Книга Джона Бормана «Rotfigurige Vasen aus Athen. Die klassische Zeit. Ein Handbuch» была опубликована в 1985 году.,0.0005447923434670743,В каком году вышла книга Джона Бормана «Rotfigurige Vasen aus Athen. Die klassische Zeit. Ein Handbuch»?
Какой зоолог описал фламинго Джеймса в 1886 году?,Фламинго Джеймса был описан американским орнитологом и зоологом Фрэнком Миллзом Бейкером в 1886 году.,0.6060979458516466,Какой зоолог описал фламинго Джеймса в 1886 году?
"Как называется действительная часть комплексного показателя преломления, которая связана с фазовой скоростью электромагнитной волны?","Действительная часть комплексного показателя преломления, связанная с фазовой скоростью электромагнитной волны, называется **показателем преломления**.",0.2592381389071648,"Как называется действительная часть комплексного показателя преломления, которая связана с фазовой скоростью электромагнитной волны?"
Кто из вратарей был назначен основным в сборной Германии по футболу перед чемпионатом мира 2006 года?,Перед Чемпионатом мира 2006 года основной вратарь сборной Германии по футболу был Мануэль Нойер.,0.01975169781648347,Кто из вратарей был назначен основным в сборной Германии по футболу перед чемпионатом мира 2006 года?
Кому был подарен первый отчеканенный доллар Лафайета в футляре?,Первый отчеканенный доллар Лафайета был подарен Джорджу Вашингтону.,0.49225342798657984,Кому был подарен первый отчеканенный доллар Лафайета в футляре?
"Кто был выслан из Дании в 1768 году по настоянию Холька, лишив королеву Каролину Матильду Великобританскую единственного близкого человека при дворе?","В 1768 году из Дании был выслан английский врач и друг королевы Каролины Матильды, Джон Стюарт, граф Бьюкенен. Он был близок к королеве и имел большое влияние на неё, что вызывало недовольство короля Кристиана VII и его фаворита Фридриха фон Холька. В результате давления со стороны Холька король приказал выслать Стюарта из страны, что стало большим ударом для Каролины Матильды, которая потеряла своего единственного близкого человека при дворе.",0.8949287468477717,"Кто был выслан из Дании в 1768 году по настоянию Холька, лишив королеву Каролину Матильду Великобританскую единственного близкого человека при дворе?"
"Кого в басне Дениса Давыдова «Орлица, Турухтан и Тетерев» 1804 года под именем турухтана подразумевается император Павел I?","В басне Дениса Давыдова «Орлица, Турухтан и Тетерев», написанной в 1804 году, под именем Турухтана подразумевается император Павел I.",0.002740773001505517,"Кого в басне Дениса Давыдова «Орлица, Турухтан и Тетерев» 1804 года под именем турухтана подразумевается император Павел I?"
Сколько миллионов человек перевез трамвай в Набережных Челнах в 2005 году?,В 2005 году трамвай в Набережных Челнах перевёз около **14 миллионов пассажиров**.,0.14599978827982404,Сколько миллионов человек перевез трамвай в Набережных Челнах в 2005 году?
В каком городе группа Slayer записала альбом «God Hates Us All»?,"Альбом группы Slayer ""God Hates Us All"" был записан в городе Сан-Франциско, штат Калифорния, США.",0.01702843238129646,В каком городе группа Slayer записала альбом «God Hates Us All»?
Когда состоялся анонс игры Marvel vs. Capcom 3: Fate of Two Worlds?,"Анонс игры ""Marvel vs. Capcom 3: Fate of Two Worlds"" состоялся 21 февраля 2010 года на выставке Electronic Entertainment Expo (E3).",0.033533921660722624,Когда состоялся анонс игры Marvel vs. Capcom 3: Fate of Two Worlds?
Кто был признан официальным первооткрывателем Северного полюса постановлением Конгресса США?,"Официальным первооткрывателем Северного полюса считается Роберт Пири, который достиг его 6 апреля 1909 года. Однако это достижение было признано только в 2013 году, когда Конгресс США официально признал Роберта Пири первым человеком, достигшим Северного полюса.",0.5959201597842191,Кто был признан официальным первооткрывателем Северного полюса постановлением Конгресса США?
"Какой генеральный план Минска от 1982 года подтвердил, что водно-зелёная система является основой системы зелёных насаждений в городе?","Генеральный план Минска от 1982 года подтвердил, что водно-зелёная система является основой системы зелёных насаждений в городе.",0.161307509165409,"Какой генеральный план Минска от 1982 года подтвердил, что водно-зелёная система является основой системы зелёных насаждений в городе?"
Сколько человек было в распоряжении Алексея Стратигопула при отвоевании Константинополя у крестоносцев в 1261 году?,"Алексей Стратигопул был византийским полководцем и одним из ключевых фигур в освобождении Константинополя от власти Латинской империи в 1261 году. Согласно историческим источникам, он командовал небольшим отрядом, который состоял примерно из 700 воинов. Этот небольшой, но хорошо обученный и мотивированный отряд смог застать врасплох латинские гарнизоны и захватить город, что привело к восстановлению Византийской империи на несколько десятилетий.",0.19852193621100636,Сколько человек было в распоряжении Алексея Стратигопула при отвоевании Константинополя у крестоносцев в 1261 году?
Кто признал зависимость от Османской империи в 1389 году или летом 1390 года?,В 1389 году Сербия признала себя вассалом Османской империи после поражения в битве на Косовом поле. Летом 1390 года сербский князь Стефан Лазаревич подтвердил свою зависимость от османского султана Баязида I.,0.4626503682552499,Кто признал зависимость от Османской империи в 1389 году или летом 1390 года?
Сколько обрядов экзорцизма было совершено над Аннелизой Михель за 10 месяцев?,За 10 месяцев над Аннелизой Михель было проведено около 70 обрядов экзорцизма.,0.019340573750983123,Сколько обрядов экзорцизма было совершено над Аннелизой Михель за 10 месяцев?
"Когда Патрик Генри произнёс свою знаменитую речь с призывом «Да будет война!», ставшей одной из самых известных в американской истории?",Патрик Генри произнес свою знаменитую речь «Да будет война!» 23 марта 1775 года на собрании Вирджинской конвенции в Уильямсбурге. В этой речи он призывал колонистов к вооруженному сопротивлению против Великобритании и подготовке к войне за независимость.,0.10034121649709742,"Когда Патрик Генри произнёс свою знаменитую речь с призывом «Да будет война!», ставшей одной из самых известных в американской истории?"
Кто провозгласил себя кондукэтором в Румынии после разгрома «Железной Гвардии» в 1941 году?,"После разгрома «Железной гвардии» в Румынии в 1941 году, король Михай I провозгласил себя кондуктором (кондукатором). Это произошло 23 августа 1944 года, когда он сверг маршала Иона Антонеску и объявил о выходе Румынии из войны на стороне нацистской Германии.",0.9824569294413507,Кто провозгласил себя кондукэтором в Румынии после разгрома «Железной Гвардии» в 1941 году?
Кто первым сообщил MC Вспышкину о гибели Дмитрия Чекова (Никифоровны)?,"В сериале «Кухня» Дмитрий Чеков (в исполнении Сергея Желтикова) погиб в результате несчастного случая на кухне ресторана «Victoria». Первым, кто сообщил об этом главному повару Виктору Баринову (Дмитрий Назаров), был его помощник и друг Максим (Артур Ваха).",0.9983441818165126,Кто первым сообщил MC Вспышкину о гибели Дмитрия Чекова (Никифоровны)?
Когда в Plants vs. Zombies: Garden Warfare была официально анонсирована на E3?,Официальная презентация игры Plants vs. Zombies: Garden Warfare состоялась на выставке Electronic Entertainment Expo (E3) в 2014 году.,0.036991483384076256,Когда в Plants vs. Zombies: Garden Warfare была официально анонсирована на E3?
"Кто стал первым игроком в составе ЦСКА, сыгравшим 50-й матч в Лиге чемпионов?","Первым игроком в составе ЦСКА, который сыграл 50 матчей в Лиге чемпионов, стал бразильский защитник Даниэль Карвалью. Он провел свой 50-й матч в турнире против «Баварии» в рамках группового этапа Лиги чемпионов сезона 2017/2018.",0.20028498910171416,"Кто стал первым игроком в составе ЦСКА, сыгравшим 50-й матч в Лиге чемпионов?"
"Какой мех среди млекопитающих обладает самой высокой теплоизоляцией, согласно описанию песца?","Согласно описанию, самым теплым мехом среди млекопитающих является мех песца.",0.8793740589823463,"Какой мех среди млекопитающих обладает самой высокой теплоизоляцией, согласно описанию песца?"
В каком году Иван Антонович Ефремов руководил первой из трёх палеонтологических экспедиций в Монголию?,Иван Антонович Ефремов руководил первой из трёх палеонтологических экспедиций в Монголию в 1946 году.,0.018884485439970206,В каком году Иван Антонович Ефремов руководил первой из трёх палеонтологических экспедиций в Монголию?
Какую высшую военную награду Румынии получил Михаил Жебрак-Русанович за боевые отличия у деревни Перлита?,Михаил Жебрак-Русанович был удостоен высшей военной награды Румынии - Ордена Михая Храброго 1-й степени за боевые отличия у деревни Перлита.,0.12603533726556104,Какую высшую военную награду Румынии получил Михаил Жебрак-Русанович за боевые отличия у деревни Перлита?
Кто возглавил отряд для обороны Карфагена во время сражения с войсками Капелиана?,"Во время битвы при Тапсе в 46 году до н. э., когда войска Юлия Цезаря столкнулись с армией под командованием Квинта Сития Капелиана, оборону города Карфаген возглавили два полководца — Гасдрубал и Ганнибал.",0.9310616015931087,Кто возглавил отряд для обороны Карфагена во время сражения с войсками Капелиана?
Какова наблюдаемая температура термосферы Юпитера?,Наблюдаемая температура термосферы Юпитера составляет примерно 1000 Кельвинов (около 726 градусов Цельсия).,0.0026580774432477788,Какова наблюдаемая температура термосферы Юпитера?
"Кому из писателей картина Николая Ге «Распятие» (1894) снилась до того, как он увидел её в мастерской Саввы Мамонтова в Москве?","Картина Николая Ге «Распятие», написанная в 1894 году, произвела сильное впечатление на Льва Толстого. Толстой был глубоко тронут этой работой и даже говорил, что она ему приснилась. Он считал, что Ге удалось передать не только физическую боль Христа, но и его духовное страдание.",0.9476189270347387,"Кому из писателей картина Николая Ге «Распятие» (1894) снилась до того, как он увидел её в мастерской Саввы Мамонтова в Москве?"
Какое прозвище получила спортивная пресса Тадеуш Петшиковский в начале его боксёрской карьеры?,В начале своей боксёрской карьеры Тадеуш Петшиковский получил прозвище «Польский тигр».,0.9983703327572206,Какое прозвище получила спортивная пресса Тадеуш Петшиковский в начале его боксёрской карьеры?
"В каком году повесть «Чингиз-хан», входящая в трилогию «Нашествие монголов» Василия Яна, была впервые опубликована?",Повесть «Чингиз-хан» была впервые опубликована в 1939 году.,0.0905505652984172,"В каком году повесть «Чингиз-хан», входящая в трилогию «Нашествие монголов» Василия Яна, была впервые опубликована?"
"Кто ввёл прямоугольную систему координат, описанную в работе «Геометрия», опубликованной в 1637 году?","Прямоугольная система координат была введена Рене Декартом в его работе «Геометрия» («La Géométrie»), опубликованной в 1637 году. Эта работа стала одним из фундаментальных текстов по аналитической геометрии и оказала огромное влияние на развитие математики.",0.0018283408290936682,"Кто ввёл прямоугольную систему координат, описанную в работе «Геометрия», опубликованной в 1637 году?"
Какую сертификацию получил сингл «Pumped Up Kicks» в США по версии RIAA?,Сингл «Pumped Up Kicks» получил платиновую сертификацию от RIAA в США.,0.0010883450513914045,Какую сертификацию получил сингл «Pumped Up Kicks» в США по версии RIAA?
В каком году Питер Крауч объявил о завершении своей футбольной карьеры?,Питер Крауч объявил о завершении своей футбольной карьеры в 2019 году.,0.0010946733867906121,В каком году Питер Крауч объявил о завершении своей футбольной карьеры?
Кто стал президентом Мексики после смерти Бенито Хуареса в 1872 году?,После смерти Бенито Хуареса в 1872 году президентом Мексики стал Себастьян Лердо де Техада.,0.015552972685023413,Кто стал президентом Мексики после смерти Бенито Хуареса в 1872 году?
"Какой историк предложил точную датировку Битвы при Мириокефале, изучив хронику Псевдо-Кодина?","Историк, предложивший точную датировку битвы при Мириокефале, изучив хронику Псевдо-Кодина, — это Георгий Острогорский.",0.9993165457066341,"Какой историк предложил точную датировку Битвы при Мириокефале, изучив хронику Псевдо-Кодина?"
Кто вместе с Богданом Рыбчуком и Василием Яшаном посетил Львов с деловым визитом 25 июля 1941 года?,С Богданом Рыбчуком и Василием Яшаном во Львов в июле 1941 года прибыл представитель Центрального комитета Коммунистической партии Украины (ЦК КП(б)У) **Дмитрий Мануильский**.,0.9982927282103229,Кто вместе с Богданом Рыбчуком и Василием Яшаном посетил Львов с деловым визитом 25 июля 1941 года?
Кто был назначен на место Федора фон Бока после его освобождения от командования по состоянию здоровья?,"После того как Федор фон Бок был освобожден от командования группой армий «Север» в 1942 году из-за проблем со здоровьем, его место занял генерал-полковник Вильгельм Риттер фон Лееб.",0.328977971234172,Кто был назначен на место Федора фон Бока после его освобождения от командования по состоянию здоровья?
"Кто сформулировал закон, согласно которому тела с одинаковыми электрическими зарядами отталкиваются друг от друга?","Закон, согласно которому тела с одинаковыми электрическими зарядами отталкиваются друг от друга, был сформулирован французским физиком Шарлем-Огюстеном де Кулоном в 1785 году. Этот закон известен как закон Кулона и описывает силу взаимодействия между двумя точечными электрическими зарядами.",0.00047166907028644276,"Кто сформулировал закон, согласно которому тела с одинаковыми электрическими зарядами отталкиваются друг от друга?"
Какое издание в своей рецензии на мультфильм «История игрушек 2» назвало его насыщенным и отметило малое количество однообразия?,В своей рецензии на мультфильм «История игрушек 2» издание Variety назвало его насыщенным и отметило малое количество однообразия.,0.9596321769506303,Какое издание в своей рецензии на мультфильм «История игрушек 2» назвало его насыщенным и отметило малое количество однообразия?
Сколько индонезийских солдат открыли огонь по демонстрантам во время массового убийства на кладбище Санта-Круш 12 ноября 1991 года?,Во время массового убийства на кладбище Санта-Круш 12 ноября 1991 года было открыто огнестрельное оружие против демонстрантов со стороны индонезийских солдат.,0.6293552646229736,Сколько индонезийских солдат открыли огонь по демонстрантам во время массового убийства на кладбище Санта-Круш 12 ноября 1991 года?
В каком журнале впервые был опубликован роман Ивана Александровича Гончарова «Обрыв» в 1869 году?,Роман Ивана Александровича Гончарова «Обрыв» был впервые опубликован в журнале «Вестник Европы».,0.00040043303874638913,В каком журнале впервые был опубликован роман Ивана Александровича Гончарова «Обрыв» в 1869 году?
Какую награду получил временный подполковник авиации Хьюи Идвал Эдвардс за атаку на вражеский корабль близ голландского побережья в июне 1941 года?,Временный подполковник авиации Хьюи Идвал Эдвардс был награжден Крестом летных заслуг (Distinguished Flying Cross) за свою атаку на вражеский корабль у голландского побережья в июне 1941 года.,0.02736168881641931,Какую награду получил временный подполковник авиации Хьюи Идвал Эдвардс за атаку на вражеский корабль близ голландского побережья в июне 1941 года?
"Какое животное является самым крупным современным животным и самым тяжёлым из всех животных, когда-либо существовавших на Земле?","Самым крупным современным животным и самым тяжёлым из всех животных, когда-либо существовавших на Земле, является синий кит.",0.0011025017765185958,"Какое животное является самым крупным современным животным и самым тяжёлым из всех животных, когда-либо существовавших на Земле?"
"Кто был учителем риторики, у которого в молодости учился философ Антисфен?","Риторикой в Древней Греции занимались многие ораторы и учителя красноречия. Однако, если говорить именно об учителе философии Антисфена, то им был Горгий из Леонтин.",0.15933060353125902,"Кто был учителем риторики, у которого в молодости учился философ Антисфен?"
"Кто совместно с Томасом Ризли был военным инженером и автором плана обороны Солента, Портсмута и Саутгемптона при Генрихе VIII?","Совместно с Томасом Ризли план обороны Солента, Портсмута и Саутгемптона при Генрихе VIII разрабатывал Уильям Гардинер.",0.5783297447940511,"Кто совместно с Томасом Ризли был военным инженером и автором плана обороны Солента, Портсмута и Саутгемптона при Генрихе VIII?"
Какой альбом группы The Libertines в 2002 году критики называли британским ответом диску The Strokes?,В 2002 году критики назвали дебютный альбом британской инди-группы The Libertines «British Answer To The Strokes». Этот альбом называется «Up the Bracket» и был выпущен в том же году.,0.23234518864690762,Какой альбом группы The Libertines в 2002 году критики называли британским ответом диску The Strokes?
В каком году Пётр Андреевич Смирнов вступил в финскую Красную гвардию?,Пётр Андреевич Смирнов вступил в финские Красные гвардии в 1918 году.,0.5108030886491871,В каком году Пётр Андреевич Смирнов вступил в финскую Красную гвардию?
"В каком фильме режиссёра Тони Скотта с Дэвидом Боуи и Катрин Денёв в главных ролях группа Bauhaus исполнила камео, играя песню «Bela Lugosi’s Dead»?","Фильм, о котором идёт речь, — это «Голод» («The Hunger»), снятый режиссёром Тони Скоттом в 1983 году. В этом фильме группа Bauhaus исполнила свою культовую песню «Bela Lugosi’s Dead», которая стала одним из символов готик-рока.",0.6339806295191436,"В каком фильме режиссёра Тони Скотта с Дэвидом Боуи и Катрин Денёв в главных ролях группа Bauhaus исполнила камео, играя песню «Bela Lugosi’s Dead»?"
Какую космическую миссию использовали для составления полной карты поверхности Венеры в 1997 году?,В 1997 году для составления полной карты поверхности Венеры использовалась космическая миссия Magellan.,0.010750135791273221,Какую космическую миссию использовали для составления полной карты поверхности Венеры в 1997 году?
"Какой белок необходим для предотвращения некроптоза, зависимого от RIPK3?","Для предотвращения некроптоза, зависимого от RIPK3, необходимо наличие белка **MLKL** (Mixed Lineage Kinase Domain-Like protein). 

Некроптоз — это форма программируемой клеточной смерти, которая активируется при отсутствии сигнальных путей апоптоза и сопровождается воспалением. Этот процесс зависит от активации фермента RIPK1 (Receptor Interacting Protein Kinase 1), который в свою очередь активирует MLKL. Когда MLKL фосфорилируется RIPK1, он перемещается к плазматической мембране клетки и вызывает ее разрыв, что приводит к некроптозу.

Таким образом, белок MLKL является ключевым фактором в процессе некроптоза, и его активность регулируется через взаимодействие с RIPK1.",0.9283705879184512,"Какой белок необходим для предотвращения некроптоза, зависимого от RIPK3?"
В каком году альбом Pink Floyd «Atom Heart Mother» был впервые издан на компакт-диске?,"Альбом Pink Floyd ""Atom Heart Mother"" был впервые издан на компакт-диске в 1987 году.",9.94043709205618e-05,В каком году альбом Pink Floyd «Atom Heart Mother» был впервые издан на компакт-диске?
"Кто выдал свою младшую дочь Мелхолу за Давида, требуя в качестве свадебного дара сто краеобрезаний филистимлян?","Саул, царь израильский, выдал свою младшую дочь Мелхолу замуж за Давида, требуя в качестве свадебного дара сто краеобрезаний филистимлян.",0.01860507049117998,"Кто выдал свою младшую дочь Мелхолу за Давида, требуя в качестве свадебного дара сто краеобрезаний филистимлян?"
Кто в римской мифологии ввёл культ аркадского Пана под именем Фавна и посвящённый ему праздник Луперкалии?,"В римской мифологии культ аркадского Пана был введён богом Пика под именем Фавн. Этот бог считался покровителем пастухов и стад животных. Он также ассоциировался с лесами и горами, а его имя происходит от латинского слова ""favere"", что означает ""быть благосклонным"". 

Праздник Луперкалии был одним из самых древних римских праздников, который отмечался 15 февраля. В этот день жрецы-пастухи приносили жертвы богу Фавну, чтобы обеспечить плодородие земли и скота.",0.04516712976031033,Кто в римской мифологии ввёл культ аркадского Пана под именем Фавна и посвящённый ему праздник Луперкалии?
Какой метод визуализации катетеров в левом предсердии при лечении фибрилляции предсердий ранее был единственным доступным хирургам?,Ранее единственным методом визуализации катетеров в левом предсердии при лечении фибрилляции предсердий была рентгеноскопия.,0.5996470898154754,Какой метод визуализации катетеров в левом предсердии при лечении фибрилляции предсердий ранее был единственным доступным хирургам?
Каким архитектурным ордером выполнены пилястры на фасадах каре Большого Гатчинского дворца?,"Пилястры на фасадах каре Большого Гатчинского дворца выполнены в стиле классицизма, который характеризуется строгими формами и симметрией.",0.5204370575675191,Каким архитектурным ордером выполнены пилястры на фасадах каре Большого Гатчинского дворца?
"Согласно условиям Сен-Жерменского мирного договора 1919 года, к какой стране отошёл Южный Тироль?",Южный Тироль был передан Италии по условиям Сен-Жерменского мирного договора 1919 года.,0.010106429750511,"Согласно условиям Сен-Жерменского мирного договора 1919 года, к какой стране отошёл Южный Тироль?"
Под какой маркой был принят на вооружение РККА трёхместный усовершенствованный вариант лёгкого танка Т-70?,Трёхместный усовершенствованный вариант лёгкого танка Т-70 был принят на вооружение РККА под маркой **Т-80**.,0.0008878039790176683,Под какой маркой был принят на вооружение РККА трёхместный усовершенствованный вариант лёгкого танка Т-70?
Сколько 305-мм 50-калиберных орудий Mk.XI входило в состав основного вооружения линкора HMS Neptune (1909)?,В составе основного вооружения линкора HMS Neptune (1909) не было 305-мм 50-калиберных орудий Mk.XI.,0.23350941185301552,Сколько 305-мм 50-калиберных орудий Mk.XI входило в состав основного вооружения линкора HMS Neptune (1909)?
С каким белком впервые был описан белок CREBBP?,"Белок CREBBP был впервые описан как **CREB-связывающий белок** (Cyclic AMP Response Element Binding Protein). Этот белок участвует в транскрипции и взаимодействует с другими факторами транскрипции, регулируя экспрессию генов.",0.5008021086252671,С каким белком впервые был описан белок CREBBP?
"Что пили римлянки в больших количествах во время майского праздника в честь Благой богини, хотя на самом деле это было не молоко, а крепкое молодое вино?","Римлянки во время майского праздника в честь Благой богини пили не молоко, а крепкое молодое вино. Этот праздник был посвящен богине плодородия и женственности, поэтому женщины собирались вместе для празднования и возлияний.",0.5613299711600577,"Что пили римлянки в больших количествах во время майского праздника в честь Благой богини, хотя на самом деле это было не молоко, а крепкое молодое вино?"
В честь какого традиционного для балканских мусульман кинжала с изогнутым клинком было названо 23-я добровольческая горнопехотная дивизия СС «Кама» (2-я хорватская)?,Название 23-й добровольческой горнопехотной дивизии СС «Кама» происходит от традиционного для балканских мусульман кинжала с изогнутым клинком — **камы**.,0.20461376875019477,В честь какого традиционного для балканских мусульман кинжала с изогнутым клинком было названо 23-я добровольческая горнопехотная дивизия СС «Кама» (2-я хорватская)?
В каких странах Европы до 2007 года ввозили расписного овсянкового кардинала?,"До 2007 года в некоторых странах Европы можно было встретить расписного овсянового кардинала. Этот вид птиц был завезен и акклиматизирован в нескольких европейских странах, включая Великобританию, Францию, Испанию и Италию. Однако с течением времени популяция этих птиц сократилась из-за различных факторов, таких как изменение климата, потеря среды обитания и конкуренция за ресурсы с местными видами птиц.",0.1590651536261178,В каких странах Европы до 2007 года ввозили расписного овсянкового кардинала?
Против какой команды Клаудио Писарро забил два гола в матче за сборную Перу 3 июля 2007 года на Кубке Америки 2007?,Клаудио Писарро забил два гола в матче за сборную Перу против сборной Боливии 3 июля 2007 года на Кубке Америки 2007.,0.11017272697170147,Против какой команды Клаудио Писарро забил два гола в матче за сборную Перу 3 июля 2007 года на Кубке Америки 2007?
Какова главная функция герметичной оболочки (контейнмента) энергетических ядерных реакторов?,"Главная функция герметичной оболочки (контейнейма) энергетических ядерных реакторов заключается в обеспечении безопасности и предотвращении утечки радиоактивных материалов из активной зоны реактора в окружающую среду. Герметичная оболочка также служит для защиты персонала и окружающей среды от воздействия радиации, а также для предотвращения распространения пожара или взрыва внутри реакторного помещения.",0.19800914765302371,Какова главная функция герметичной оболочки (контейнмента) энергетических ядерных реакторов?
"Какую теорию предложил Анаксагор для объяснения того, каким образом из не-волоса мог возникнуть волос и мясо из не-мяса?","Анаксагор предложил теорию о том, что все вещи состоят из бесконечного множества мельчайших частиц, каждая из которых обладает свойством своей собственной сущности. Например, волосы состоят из частиц волоса, а мясо — из частиц мяса. Таким образом, если смешать эти частицы вместе, то можно получить различные комбинации, включая волосы и мясо.",0.06811268643807797,"Какую теорию предложил Анаксагор для объяснения того, каким образом из не-волоса мог возникнуть волос и мясо из не-мяса?"
На каком итальянском телеканале был показан видеоклип на песню «Shared Creation» группы Garden of Delight?,Видеоклип на песню «Shared Creation» группы Garden of Delight был показан на итальянском телеканале Rai 2.,0.24369114515397008,На каком итальянском телеканале был показан видеоклип на песню «Shared Creation» группы Garden of Delight?
Какое название озера Ван использовали ассирийцы в доурартский период?,Ассирийцы называли озеро Ван **Арарат**.,0.9404849614314365,Какое название озера Ван использовали ассирийцы в доурартский период?
Какой препарат повысил уровень белка рилина в эксперименте Fatemi et al. на крысах?,"В эксперименте Fatemi et al. на крысах препарат, который повышал уровень белка рилина, был **флуфеназин**.",0.9980422470873894,Какой препарат повысил уровень белка рилина в эксперименте Fatemi et al. на крысах?
Какое название получил альбом Killing Machine группы Judas Priest для американского рынка?,Альбом Killing Machine группы Judas Priest для американского рынка был выпущен под названием Hell Bent for Leather.,0.00015197760709429866,Какое название получил альбом Killing Machine группы Judas Priest для американского рынка?
Какой симптом является наиболее ранним при хронической обструктивной болезни лёгких?,"## Наиболее ранний симптом хронической обструктивной болезни лёгких

Хроническая обструктивная болезнь лёгких (ХОБЛ) — это прогрессирующее заболевание дыхательных путей, которое характеризуется хроническим воспалением и сужением бронхов. Одним из самых ранних симптомов ХОБЛ является **кашель**. 

### Почему кашель считается первым признаком?

1. **Начальная стадия заболевания**:
   - На начальных этапах ХОБЛ пациенты часто отмечают появление кашля, который может быть сухим или с небольшим количеством мокроты. Этот кашель обычно усиливается в утренние часы после пробуждения.
   
2. **Связь с курением**:
   - У большинства пациентов развитие ХОБЛ связано с длительным курением. Курение вызывает раздражение слизистой оболочки бронхов, что приводит к появлению хронического кашля.

3. **Прогрессирование заболевания**:
   - По мере развития ХОБЛ кашель становится более выраженным и постоянным. Он сопровождается одышкой при физической нагрузку, которая со временем начинает проявляться даже в состоянии покоя.

4. **Диагностика**:
   - Для постановки диагноза ХОБЛ необходимо провести комплексное обследование, включающее спирометрию (измерение объёма лёгких), рентгенографию грудной клетки и другие методы исследования.

Таким образом, **кашель** является самым ранним",0.731862958911301,Какой симптом является наиболее ранним при хронической обструктивной болезни лёгких?
"Какое звуковое эффект, напоминающий полоскание горла, используется в композиции «Ashes and Ghost» из саундтрека к игре Silent Hill 2?","В композиции ""Ashes and Ghost"" из саундтрека к игре Silent Hill 2 используется звук, который напоминает полоскание горла. Этот звук был создан с помощью вокала и обработан специальным образом, чтобы создать атмосферу страха и тревоги.",0.9883474478875821,"Какое звуковое эффект, напоминающий полоскание горла, используется в композиции «Ashes and Ghost» из саундтрека к игре Silent Hill 2?"
Кто был главным проводником Василия Львовича Пушкина во время его путешествия в Париж?,Главным проводником Василия Львовича Пушкина во время его путешествия в Париж был его брат Александр Сергеевич Пушкин.,0.1891267683849026,Кто был главным проводником Василия Львовича Пушкина во время его путешествия в Париж?
Кто был действующим председателем правительства Республики Сербская Краина в изгнании до передачи Гаагскому трибуналу в 2002 году?,Действующим председателем Правительства Республики Сербская Краина в изгнании до передачи Гаагскому трибуналу в 2002 году был Милан Мартич.,0.3225745445245095,Кто был действующим председателем правительства Республики Сербская Краина в изгнании до передачи Гаагскому трибуналу в 2002 году?
Когда был официально объявлен намерение Уинса Маккея создать мультфильм «Динозавр Герти»?,Уинс Маккей объявил о намерении создать мультфильм «Динозавр Герти» в 2019 году.,0.6319771038415553,Когда был официально объявлен намерение Уинса Маккея создать мультфильм «Динозавр Герти»?
Кто был учителем и отцом французского художника Жан-Франсуа де Ле Мотта?,Жан-Франсуа де Ле Мотт был учеником знаменитого французского живописца Франсуа Буше.,0.9667687644707627,Кто был учителем и отцом французского художника Жан-Франсуа де Ле Мотта?
Какой спектральный класс имеют самые молодые и достаточно массивные коричневые карлики возрастом в несколько миллионов лет и менее?,Самые молодые и достаточно массивные коричневые карлики возрастом в несколько миллионов лет и менее относятся к спектральным классам L и T.,0.42842726234433026,Какой спектральный класс имеют самые молодые и достаточно массивные коричневые карлики возрастом в несколько миллионов лет и менее?
В каком году по распоряжению Петра I на южном побережье Ладожского озера был основан город Новая Ладога?,Город Новая Ладога был основан в 1704 году по распоряжению Петра I на южном побережье Ладожского озера.,0.012620976230361458,В каком году по распоряжению Петра I на южном побережье Ладожского озера был основан город Новая Ладога?
Кто продюсировал сольный альбом Майкла Джексона «Off the Wall»?,Продюсером альбома «Off the Wall» был Куинси Джонс.,0.0010752680526960453,Кто продюсировал сольный альбом Майкла Джексона «Off the Wall»?
Какой футбольный клуб разработал стиль игры «Тики-така» под руководством Пепа Гвардиолы?,"Стиль игры «Тики-така», который стал известен благодаря его успешному применению в испанском футболе, был разработан и популяризирован клубом «Барселона» под руководством тренера Пепа Гвардиолы. Этот стиль характеризуется быстрым переходом от обороны к атаке, коротким пасом и высоким темпом игры.",0.029419665380271808,Какой футбольный клуб разработал стиль игры «Тики-така» под руководством Пепа Гвардиолы?
В каком городе в 2016 году проходил конкурс кованых снежинок?,Конкурс кованых снежинок в 2016 году проходил в городе **Тверь**.,0.9913731717023605,В каком городе в 2016 году проходил конкурс кованых снежинок?
"Кто, по мнению Л. Ллойда, был родоначальником рода Мортимеров?","По мнению Л. Ллойда, родоначальником рода Мортимеров был Уильям де Мортимер из Вигмора.",0.9730924354767942,"Кто, по мнению Л. Ллойда, был родоначальником рода Мортимеров?"
Кто в письме к Гая Требонию 46 года до н. э. назвал его отца «доблестнейшим гражданином»?,В письме к Гаю Требонию 46 года до н. э. Цицерон назвал его отца «доблестнейшим гражданином».,0.0311623799054292,Кто в письме к Гая Требонию 46 года до н. э. назвал его отца «доблестнейшим гражданином»?
В каком году в Болгарии была объявлена мобилизация после подписания документов о вступлении в войну?,"Болгария объявила всеобщую мобилизацию 14 октября 1915 года, через несколько дней после подписания соглашений о вступлении в войну на стороне Центральных держав.",0.17414840729097691,В каком году в Болгарии была объявлена мобилизация после подписания документов о вступлении в войну?
Какой скульптор создал горельеф с орденом «Победа» на торцевой стене станции метро «Семёновская»?,Горельеф с изображением ордена «Победа» на торцевой стене станции метро «Семёновская» был создан скульптором Сергеем Конёнковым.,0.010648351392087922,Какой скульптор создал горельеф с орденом «Победа» на торцевой стене станции метро «Семёновская»?
В каком городе в 2009 году был установлен мировой рекорд Гиннесса по исполнению санкиртанов Аннамачарьи коллективом из 160 тысяч человек?,"Мировой рекорд Гиннеса по исполнению санкиртан Аннымачарьи коллективом из 160 тысяч человек был установлен в городе Пури, Индия, в 2009 году.",0.09773892119282714,В каком городе в 2009 году был установлен мировой рекорд Гиннесса по исполнению санкиртанов Аннамачарьи коллективом из 160 тысяч человек?
"Какой химический элемент начинает гореть в ядре голубого сверхгиганта ещё до того, как звезда достигает предела Хаяси?","Химический элемент, который начинает гореть в ядре голубого сверхгиганта ещё до того, как звезда достигает предела Хаяси, — это гелий.",0.10193757008128466,"Какой химический элемент начинает гореть в ядре голубого сверхгиганта ещё до того, как звезда достигает предела Хаяси?"
"В каком году в журнале «Дело» был опубликован критический фельетон П. Н. Ткачёва, посвящённый параллелизму судеб Анны Карениной и лошади Фру-Фру?","Критический фельетон П. Н. Ткачева, посвящённый параллельному развитию сюжетных линий романа Л.Н. Толстого «Анна Каренина», где автор сравнивает судьбу главной героини с судьбой её лошади Фру-Фру, был опубликован в 1875 году в журнале «Дело».",0.9016097978228711,"В каком году в журнале «Дело» был опубликован критический фельетон П. Н. Ткачёва, посвящённый параллелизму судеб Анны Карениной и лошади Фру-Фру?"
Какую версию игры Puzzle Kingdoms критик критик Крейг Харрис назвал лучшей по сравнению с версией для Nintendo DS?,Критик Крейг Харрис назвал лучшей версией игры Puzzle Kingdoms версию для PlayStation 2.,0.5663803773130097,Какую версию игры Puzzle Kingdoms критик критик Крейг Харрис назвал лучшей по сравнению с версией для Nintendo DS?
Какую награду получил Лука Модрич за выступление на Клубном чемпионате мира 2016 года?,Лука Модрич был признан лучшим игроком Клубного чемпионата мира по футболу 2016 года и получил награду «Золотой мяч» как лучший игрок турнира.,0.002567756952598076,Какую награду получил Лука Модрич за выступление на Клубном чемпионате мира 2016 года?
"В каком журнале в марте 1887 года были опубликованы «Заметки о художественных выставках» Всеволода Гаршина, где он высоко оценил картину Поленова «Христос и грешница»?",«Заметки о художественных выставках» Всеволода Гаршина были опубликованы в журнале «Нувеллист».,0.7777579361610771,"В каком журнале в марте 1887 года были опубликованы «Заметки о художественных выставках» Всеволода Гаршина, где он высоко оценил картину Поленова «Христос и грешница»?"
В каком году индонезийская редакция канала CNN провела опрос в социальных сетях о семи наиболее популярных гарнирах в составе наси-паданга?,Индонезийская редакция канала CNN провела опрос в социальных сетях о семи наиболее популярных гарнирах в составе наси-паданга в 2019 году.,0.2729226421638319,В каком году индонезийская редакция канала CNN провела опрос в социальных сетях о семи наиболее популярных гарнирах в составе наси-паданга?
К какому веку Ю. В. Шевелёв относит процесс монофтонгизации дифтонгов со вторым элементом u в праславянском языке?,Ю. В. Шевелёв относит процесс монофтонгизации дифтонгов со вторым элементом **u** в праславянском языке к **V веку**.,0.47821923182909704,К какому веку Ю. В. Шевелёв относит процесс монофтонгизации дифтонгов со вторым элементом u в праславянском языке?
В каком матче за «Челси» Юрий Жирков провёл на поле все 120 минут и реализовал пенальти в серии послематчевых одиннадцатиметровых 2 декабря 2009 года?,Юрий Жирков сыграл все 120 минут и забил пенальти в серии послематчевых одиннадцатиметровых в матче против «Портсмута».,0.25936659263025585,В каком матче за «Челси» Юрий Жирков провёл на поле все 120 минут и реализовал пенальти в серии послематчевых одиннадцатиметровых 2 декабря 2009 года?
Где была похоронена Мара Бранкович после своей смерти в 1487 году?,"Мара Бранкович была похоронена в монастыре Святого Георгия на горе Афон, Греция.",0.024809943651060113,Где была похоронена Мара Бранкович после своей смерти в 1487 году?
Какая поломка привела к сходу с дистанции Porsche 914/6 GT под номером 46 на 24 часах Ле-Мана 1970 года?,На 24 часах Ле-Мана 1970 года Porsche 914/6 GT под номером 46 сошел с дистанции из-за поломки двигателя.,0.004752728168207718,Какая поломка привела к сходу с дистанции Porsche 914/6 GT под номером 46 на 24 часах Ле-Мана 1970 года?
С каким цветом Лана Дель Рей ассоциировала звучание альбома «Ultraviolence»?,Лана Дель Рей ассоциировала звучание своего альбома «Ultraviolence» с черным цветом.,0.010618476044434048,С каким цветом Лана Дель Рей ассоциировала звучание альбома «Ultraviolence»?
В честь какого праздника Станислав Геннадьевич Галактионов организовал в институте шуточную защиту диссертаций по «бородоведению»?,Станислав Геннадьевич Галактионов организовал в институте шуточную защиту диссертаций по «бородоведению» в честь Дня дурака — 1 апреля.,0.5239250987762327,В честь какого праздника Станислав Геннадьевич Галактионов организовал в институте шуточную защиту диссертаций по «бородоведению»?
"Какой город Ганнибал решил атаковать, чтобы отвлечь часть осадной армии с осады Капуи?","Ганнибал решил атаковать Рим, чтобы отвлечь часть осадной армии с осады Капуи.",0.04833735939126279,"Какой город Ганнибал решил атаковать, чтобы отвлечь часть осадной армии с осады Капуи?"
"Кто, согласно легенде, обещал пребывать в реке Гандаки как шалаграма?","Согласно индуистской традиции и мифологии, бог Вишну пообещал пребывать в реке Гандаки в форме камня-шалаграмы.",0.11816956710199313,"Кто, согласно легенде, обещал пребывать в реке Гандаки как шалаграма?"
В каком году ВВС СССР начали постепенно отказываться от пулемёта ШКАС в пользу более крупнокалиберных вариантов из-за увеличения бронирования самолётов?,ВВС СССР начали постепенно отказываться от пулемёта ШКАС в пользу более крупнокалиберных вариантов в 1930-х годах.,0.01155283911878883,В каком году ВВС СССР начали постепенно отказываться от пулемёта ШКАС в пользу более крупнокалиберных вариантов из-за увеличения бронирования самолётов?
"Кто в тандеме Ильфа и Петрова выступал с речами на публичных мероприятиях, так как Илье Арнольдовичу была органически чужда общественная активность?",В тандеме Ильи Арнольдовича Ильфа и Евгения Петровича Петрова с речами на публичных мероприятиях выступал Евгений Петрович Петров. Илья Арнольдович Ильф был известен своей неприязнью к общественной деятельности и предпочитал оставаться в тени своего творческого сотрудничества с Петровым.,0.08029874963016512,"Кто в тандеме Ильфа и Петрова выступал с речами на публичных мероприятиях, так как Илье Арнольдовичу была органически чужда общественная активность?"
За какую сумму в 1884 году Павел Третьяков приобрёл картину «Зима» художника Дубовского?,В 1884 году Павел Третьяков приобрел у художника Николая Дубовского картину «Зима» за 200 рублей.,0.3423378240101085,За какую сумму в 1884 году Павел Третьяков приобрёл картину «Зима» художника Дубовского?
Какой район Нью-Йорка послужил образцом для создания Нью-Донг-Сити в игре Super Mario Odyssey?,"Район Нью-Йорка, который послужил образцом для создания Нью-Донг-Сити в игре Super Mario Odyssey, — это Манхэттен.",0.05341638470354347,Какой район Нью-Йорка послужил образцом для создания Нью-Донг-Сити в игре Super Mario Odyssey?
Кто в 218 году до н. э. был избран консулом вопреки воле нобилитета?,"В 218 году до н. э. консулами были избраны Публий Корнелий Сципион и Тиберий Семпроний Лонг. Однако, несмотря на то что Сципион был избран консулом, он не получил поддержки от нобилитета, который предпочитал другого кандидата.",0.49750970602379135,Кто в 218 году до н. э. был избран консулом вопреки воле нобилитета?
Кто разработал алфавит на основе кириллицы для водского языка в 1930-е годы?,Алфавит на основе кириллицы для водского языка был разработан в 1930-х годах лингвистом и этнографом Василием Лехтоненом.,0.9931836644449793,Кто разработал алфавит на основе кириллицы для водского языка в 1930-е годы?
Сколько фортов входило в состав укреплений Льежа во время Приграничного сражения 1914 года?,Во время Приграничного сражения 1914 года в составе укреплений Льежа входили 12 фортов.,0.1075818432695991,Сколько фортов входило в состав укреплений Льежа во время Приграничного сражения 1914 года?
"С какой периодичностью на Кольцах Акатена проходит религиозный фестиваль, упомянутый в эпизодах телесериала «Доктор Кто» с участием Доктора и Клары Освальд?","В сериале «Доктор Кто», а именно в серии «Время на исходе», Доктор и Клара Освальд посещают религиозный фестиваль на планете Акатен. Этот фестиваль происходит каждые 500 лет.",0.8077050509813791,"С какой периодичностью на Кольцах Акатена проходит религиозный фестиваль, упомянутый в эпизодах телесериала «Доктор Кто» с участием Доктора и Клары Освальд?"
В каком произведении Руджеро Раймонди исполнил роль Скарпии в 2002 году в Токио?,Руджеро Раймонди исполнил роль Скарпии в опере Джузеппе Верди «Травиата» в 2002 году в Токио.,0.0020297246848273286,В каком произведении Руджеро Раймонди исполнил роль Скарпии в 2002 году в Токио?
На каком кинофестивале в 1980 году фильм Андрея Тарковского «Сталкер» получил Приз экуменического жюри?,Фильм Андрея Тарковского «Сталкер» был представлен на Каннском кинофестивале в 1980 году и получил Приз экуменического жюри.,0.004456617652225083,На каком кинофестивале в 1980 году фильм Андрея Тарковского «Сталкер» получил Приз экуменического жюри?
Кто был непосредственным начальником Валерия Асапова в Донбассе согласно информации контрразведки Службы безопасности Украины?,"На основании открытых источников и официальных заявлений Службы безопасности Украины (СБУ), Валерий Асапов не занимал должность начальника в Донбассе. Он был командиром 72-й механизированной бригады ВСУ, дислоцированной в районе города Авдеевка Донецкой области. 

Однако, по данным СБУ, Асапов был причастен к обстрелам мирных жителей Донбасса из запрещенного вооружения, включая реактивные системы залпового огня ""Град"". В результате этих обстрелов погибли мирные жители, в том числе дети. СБУ считает Асапова виновным в военных преступлениях и требует его привлечения к ответственности.",0.9372792011163333,Кто был непосредственным начальником Валерия Асапова в Донбассе согласно информации контрразведки Службы безопасности Украины?
Когда был закрыт проект «Венона»?,Проект «Венона» был официально закрыт в 1980 году.,0.0025302819615255416,Когда был закрыт проект «Венона»?
Кого Барсина родила от своего второго мужа Мемнона?,Барсина родила от своего второго мужа Мемнона сына по имени Арсиноя.,0.08710689763474465,Кого Барсина родила от своего второго мужа Мемнона?
В каком году императрица Екатерина II приобрела картину Якоба Йорданса «Сатир в гостях у крестьянина»?,Картина «Сатир в гостях у крестьянина» была приобретена Екатериной II в 1768 году.,0.01945711636856737,В каком году императрица Екатерина II приобрела картину Якоба Йорданса «Сатир в гостях у крестьянина»?
Какое прозвище получил район старого города Дюссельдорфа из-за большого количества баров?,"Район старого города Дюссельдорфа известен как «Кё» (Kö). Это прозвище он получил благодаря большому количеству баров и клубов, которые делают его популярным местом для ночной жизни.",0.2269618473363219,Какое прозвище получил район старого города Дюссельдорфа из-за большого количества баров?
Какой штраф в грошах устанавливался львовским магистратом в 1387 году за игру в кости на деньги?,В 1387 году львовский магистрат установил штраф в 20 грошей за игру в кости на деньги.,0.023172276923205382,Какой штраф в грошах устанавливался львовским магистратом в 1387 году за игру в кости на деньги?
Кому Григорий Абрамович Клячкин прислал своего адвоката для защиты авторских прав?,"Григорий Абрамович Клячкин отправил своего адвоката для защиты авторских прав в 1970-х годах. Адвокат был направлен к Владимиру Высоцкому, чтобы защитить его авторские права на песни и стихи.",0.9928743248465877,Кому Григорий Абрамович Клячкин прислал своего адвоката для защиты авторских прав?
В каком году подвид серой цапли A. c. monicae был выделен в отдельный подвид?,Подвид серой цапли **A. c. monicae** был выделен в отдельный подвид в 1975 году.,0.009669789505012454,В каком году подвид серой цапли A. c. monicae был выделен в отдельный подвид?
Кто из игроков «Челси» в финале Лиги чемпионов УЕФА 2012 года сравнил вероятность выбора силы вместо техники при выполнении пенальти с временем его назначения?,"В финале Лиги чемпионов УЕФА 2012 года, когда «Челси» играл против « Бавария Мюнхен», Джон Терри сравнил вероятность выбора силы вместо техники при выполнении пенальти с временем его назначения.",0.94305383845554,Кто из игроков «Челси» в финале Лиги чемпионов УЕФА 2012 года сравнил вероятность выбора силы вместо техники при выполнении пенальти с временем его назначения?
"Как зовут гибрид, которого родила обезьяна Руфь в романе Алексея Толстого «Оранго»?",В романе Алексея Толстого «Оранго» обезьяну по имени Руфь родила гибрида по имени Оранго.,0.9621489215260323,"Как зовут гибрид, которого родила обезьяна Руфь в романе Алексея Толстого «Оранго»?"
В каком году немецкий астроном Макс Вольф открыл астероид «Кеплер»?,Макс Вольф открыл астероид «Кеплер» в 1903 году.,0.1837002419837523,В каком году немецкий астроном Макс Вольф открыл астероид «Кеплер»?
Как называется центральная часть триптиха «Бог Отец с поющими и музицирующими ангелами» на официальном сайте Королевского музея изящных искусств?,Центральная часть триптиха «Бог Отец с поющими и музицирующими ангелами» называется «Бог Отец».,0.0969026430678022,Как называется центральная часть триптиха «Бог Отец с поющими и музицирующими ангелами» на официальном сайте Королевского музея изящных искусств?
Где и когда было подписано Англо-эфиопское соглашение 1944 года?,"Англо-эфиопское соглашение 1944 года было подписано в Аддис-Абебе, столице Эфиопии, 23 декабря 1944 года.",0.48352002967144275,Где и когда было подписано Англо-эфиопское соглашение 1944 года?
Как филолог Владислав Зайцев оценил художественное воплощение философской и народно-поэтической символики в песне Булата Окуджавы «Грузинская песня»?,"Филолог Владислав Зайцев дал высокую оценку художественному воплощению философской и народно-поэтической символики в песне Булата Окуджавы «Грузинская песня». Он отметил, что Окуджава сумел создать произведение, которое не только отражает глубокие философские идеи, но и использует богатую народную символику, делая песню доступной и понятной для широкой аудитории. По мнению Зайцева, Окуджава мастерски сочетает элементы фольклора с современными музыкальными формами, создавая уникальный стиль, который стал визитной карточкой его творчества.",0.8622466076392215,Как филолог Владислав Зайцев оценил художественное воплощение философской и народно-поэтической символики в песне Булата Окуджавы «Грузинская песня»?
Какова предположительная общая площадь города Ньягатаре согласно проекту нового генерального плана 2020 года?,"## Предположительная общая площадь города Ньягатаре по новому генеральному плану 2020 года

### Исходные данные и контекст

Город **Ньягатаре** — один из крупнейших городов Танзании, расположенный в регионе Аруша на севере страны. В последние годы город активно развивается, что требует обновления градостроительных документов для эффективного управления ростом и развитием городской инфраструктуры.

В рамках подготовки к новому **генеральному плану развития города Ньягатаре**, который был утверждён в 2020 году, были проведены масштабные исследования и расчёты, учитывающие демографические тенденции, экономические факторы и потребности населения.

---

### Расчёт общей площади города

Согласно данным проекта нового генерального плана 2020 года, **общая предполагаемая площадь города Ньягатаре составляет около 150 квадратных километров**. Этот показатель включает как территорию, непосредственно занятую под застройку и инфраструктуру, так и прилегающие зелёные зоны, парки и сельскохозяйственные угодья, которые планируется интегрировать в общую структуру города.

#### Факторы, повлиявшие на расчёт площади

- **Демографический рост**: увеличение численности населения требует расширения жилой и коммерческой застройки.
- **Экономическое развитие**: создание новых промышленных зон и",0.0862565106086006,Какова предположительная общая площадь города Ньягатаре согласно проекту нового генерального плана 2020 года?
"Как называется рыба-меч, доступная игроку только на подводных уровнях в игре Donkey Kong Country?","Рыба-меч, доступная игроку только на подводных уровнях в игре Donkey Kong Country, называется **Squid** (Осьминог).",0.8296790162857437,"Как называется рыба-меч, доступная игроку только на подводных уровнях в игре Donkey Kong Country?"
В каком году Россия выиграла право на проведение чемпионата мира по хоккею 2000 года?,Россия не выигрывала право на проведение чемпионата мира по хоккею 2000 года. Этот чемпионат проходил в Санкт-Петербурге и Каунасе с 19 апреля по 1 мая 2000 года.,0.5168613238314428,В каком году Россия выиграла право на проведение чемпионата мира по хоккею 2000 года?
"Кем был единогласно избран Гамаль Абдель Насер в учредительном комитете, состоявшем из 14 человек различных политических взглядов?","Гамаль Абдель Насер был единогласно избран председателем учредительного комитета, состоявшего из 14 человек различных политических взглядов.",0.008964343007933166,"Кем был единогласно избран Гамаль Абдель Насер в учредительном комитете, состоявшем из 14 человек различных политических взглядов?"
"Какая гипотеза о родстве нахско-дагестанских языков с хуррито-урартской семьёй, выдвигавшаяся с конца XIX века по конец XX века, в настоящее время не имеет поддержки среди лингвистов?","В настоящее время не имеет поддержки среди лингвистов гипотеза о родстве нахско-дагестанских и хуррито-урартских языков, которая была выдвинута с конца XIX века по конец XX века. Эта гипотеза предполагала наличие общего предка для этих языковых семей, однако современные исследования показывают, что нахско-дагестанские языки имеют более тесные связи друг с другом, а хуррито-урартские языки представляют собой отдельную семью, не связанную напрямую с нахско-дагестанскими языками.",0.6700438617877921,"Какая гипотеза о родстве нахско-дагестанских языков с хуррито-урартской семьёй, выдвигавшаяся с конца XIX века по конец XX века, в настоящее время не имеет поддержки среди лингвистов?"
"К какому празднику искусствовед С. М. Червонная относила обряд обливания, изображённый на картине Николая Фешина «Обливание»?","Искусствовед Светлана Михайловна Червонная считала, что картина Николая Фешина «Обливание» относится к празднику Ивана Купалы.",0.9459951451280658,"К какому празднику искусствовед С. М. Червонная относила обряд обливания, изображённый на картине Николая Фешина «Обливание»?"
"В каком году космический аппарат «Вояджер-2» обнаружил широкое слабое кольцо Урана, получившее временное обозначение 1986U2R?",Космический аппарат «Вояджер-2» обнаружил широкое слабое кольцо Урана в 1986 году. Это открытие было сделано во время пролета аппарата мимо планеты и её спутников.,0.0005415720029135055,"В каком году космический аппарат «Вояджер-2» обнаружил широкое слабое кольцо Урана, получившее временное обозначение 1986U2R?"
Какое вещество Игнац Филипп Земмельвейс обязал персонал больницы использовать для мытья рук перед манипуляциями с беременными и роженицами в конце мая 1847 года?,В конце мая 1847 года Игнатц Филипп Земмельвейс обязал медицинский персонал больницы использовать хлорную известь для мытья рук перед манипуляциями с беременными и роженицами.,0.0935694214665671,Какое вещество Игнац Филипп Земмельвейс обязал персонал больницы использовать для мытья рук перед манипуляциями с беременными и роженицами в конце мая 1847 года?
Когда вступил в силу Версальский договор?,Версальский мирный договор был подписан 28 июня 1919 года и вступил в силу 10 января 1920 года после его ратификации союзниками и Германией.,0.0033746194980700086,Когда вступил в силу Версальский договор?
В каком раунде Сергей Ковалёв отправил Энтони Ярда в нокаут в их поединке 24 августа 2019 года?,Сергей Ковалёв отправил Энтони Ярда в нокаут во втором раунде их поединка 24 августа 2019 года.,0.02670476123838295,В каком раунде Сергей Ковалёв отправил Энтони Ярда в нокаут в их поединке 24 августа 2019 года?
"Кем были куплены и отправлены в Петербург в августе 1769 года античный мраморный орёл, ставший основой для Колонны Орла в Гатчине?","Античный мраморный орёл, который стал основой для Колонны Орла в Гатчине, был приобретен императрицей Екатериной II в Италии. В августе 1769 года орёл был доставлен в Санкт-Петербург на корабле ""Святой Николай"".",0.686839470727364,"Кем были куплены и отправлены в Петербург в августе 1769 года античный мраморный орёл, ставший основой для Колонны Орла в Гатчине?"
"Какое прозвище закрепилось за паровозом У127 после того, как в 1923 году его отремонтировали силами молодёжи, а почётным старшим машинистом был назначен Владимир Ленин?","Прозвище «Ленин» закрепилось за паровозом У127 после того, как в 1923 году его отремонтировали силами молодёжи, а почётным старшим машинистом был назначен Владимир Ленин.",0.36346664410244117,"Какое прозвище закрепилось за паровозом У127 после того, как в 1923 году его отремонтировали силами молодёжи, а почётным старшим машинистом был назначен Владимир Ленин?"
"Кто является единственным сохранившимся источником, рассказывающим о жизни Сервия Сульпиция Гальбы до прихода к власти?","Единственным сохранившимся источником, рассказывающим о жизни Сервия Сульпиция Гальбы до прихода к власти, является его биография в труде «Жизнь двенадцати цезарей» римского историка Гая Светония Транквилла.",0.0014645218698181115,"Кто является единственным сохранившимся источником, рассказывающим о жизни Сервия Сульпиция Гальбы до прихода к власти?"
В каком виде единоборств Дольф Лундгрен стал чемпионом Швеции в 1977 году?,Дольф Лундгрен стал чемпионом Швеции по карате в 1977 году.,0.000497784915236941,В каком виде единоборств Дольф Лундгрен стал чемпионом Швеции в 1977 году?
В каком году папа Иоанн Павел II попросил прощения за действия крестоносцев 1204 года во время своего визита в Грецию?,Папа Римский Иоанн Павел II извинился за действия крестоносцев в 1204 году во время своего визита в Грецию в 2001 году.,0.015068035993956992,В каком году папа Иоанн Павел II попросил прощения за действия крестоносцев 1204 года во время своего визита в Грецию?
Какой коэффициент был рассчитан в ходе анализа интерференционной картины в эксперименте Физо 1851 года?,В ходе анализа интерференционной картины в эксперименте Физо 1851 года был рассчитан коэффициент **2π**.,0.2144178084609737,Какой коэффициент был рассчитан в ходе анализа интерференционной картины в эксперименте Физо 1851 года?
В какую индонезийскую провинцию административно входит остров Мадура?,Остров Мадура административно входит в состав провинции Востная Ява (Jawa Timur).,0.001921398089046366,В какую индонезийскую провинцию административно входит остров Мадура?
За сколько лет до выхода альбома «Чёрный альбом» была записана песня «Следи за собой»?,"Песня «Следи за собой» была записана в 1987 году, а альбом «Чёрный альбом» вышел в 1994 году. Таким образом, песня была записана за 7 лет до выхода альбома.",0.003183953033479049,За сколько лет до выхода альбома «Чёрный альбом» была записана песня «Следи за собой»?
Кем стала Ксюша после прохождения испытаний в сюжете «Путь к бессмертию» комикса «Инок» № 43—45?,В комиксе «Инок» № 43–45 Ксюша прошла испытания и стала бессмертной.,0.9999493680739965,Кем стала Ксюша после прохождения испытаний в сюжете «Путь к бессмертию» комикса «Инок» № 43—45?
Какой вид камня был выбран для возведения пьедестала Статуи Свободы?,Для возведения пьедестала Статуи Свободы был выбран гранитный камень.,0.10710951023569969,Какой вид камня был выбран для возведения пьедестала Статуи Свободы?
В каком году вышла монография «Феодализм и народные массы» Бориса Фёдоровича Поршнева?,Монография «Феодализм и народные масс» Бориса Фёдоровича Поршнева была опубликована в 1964 году.,0.13025785301079434,В каком году вышла монография «Феодализм и народные массы» Бориса Фёдоровича Поршнева?
Какой драматург написал трагедию «Архелай» в честь македонского царя Архелая?,Трагедия «Архелай» была написана древнегреческим драматургом Еврипидом в честь македонского царя Архелая.,0.04710591065252715,Какой драматург написал трагедию «Архелай» в честь македонского царя Архелая?
Какое оружие создал Гефест для Кратоса в игре God of War III?,"В игре ""God of War III"" Гефест создает для Кратоса два мощных оружия: копье и щит. Копье называется ""Копье Зевса"", а щит - ""Щит Зевса"". Эти предметы позволяют Кратосу сражаться с богами Олимпа и защищать себя от их атак.",0.961724196333492,Какое оружие создал Гефест для Кратоса в игре God of War III?
"В каком году Богучанское водохранилище было наполнено до проектной отметки 208,0 м?","Богучанское водохранилище было полностью заполнено до проектной отметки 208,0 метров в 2019 году.",0.0008264636112207761,"В каком году Богучанское водохранилище было наполнено до проектной отметки 208,0 м?"
Кто занимался реконструкцией Павильона на Патриарших прудах с 1983 года?,Реконструкция Павильона на Патриарших прудах в Москве началась в 1983 году и была завершена в 2006 году. Проект реконструкции был разработан архитектором Игорем Александровичем Покровским.,0.9995002754878878,Кто занимался реконструкцией Павильона на Патриарших прудах с 1983 года?
"Какие модели, кроме Wingroad, были выпущены в ограниченную серию Autech Rider Alpha II 29 мая 2006 года?","Модельный ряд автомобилей, выпущенных в ограниченной серии Autech Rider Alpha II 29 мая 2006 года, включал следующие автомобили:

1. **Toyota Crown**
2. **Toyota Mark II**
3. **Toyota Soarer**
4. **Toyota Supra**",0.7710230137224872,"Какие модели, кроме Wingroad, были выпущены в ограниченную серию Autech Rider Alpha II 29 мая 2006 года?"
В каком году эстафету развития образа Марии Магдалины подхватила «Золотая легенда» Якова Ворагинского?,Эстафету развития образа Марии Магдалины подхватила «Золотая легенда» Якова Ворагинского в 1260 году.,0.015258861748302967,В каком году эстафету развития образа Марии Магдалины подхватила «Золотая легенда» Якова Ворагинского?
В каком году историк Ю. Борза предлагает считать окончание царствования Пердикки II?,"Историк Юрий Борисович Борза считает, что окончанием царствования Пердикки II следует считать 413 год до н. э., когда он был убит в результате заговора.",0.06697289115079379,В каком году историк Ю. Борза предлагает считать окончание царствования Пердикки II?
В каком парке в Тиволи Александр Иванов выбрал фон для своей картины «Явление Христа Марии Магдалине после воскресения»?,Александр Иванов выбрал фон для своей картины «Явление Христа Марии Магдалине после воскресения» в парке Тиволи в Копенгагене.,0.02875418727602137,В каком парке в Тиволи Александр Иванов выбрал фон для своей картины «Явление Христа Марии Магдалине после воскресения»?
Какую актрису Альфред Хичкок пригласил на главную роль в фильм «Головокружение» в 1958 году?,Альфред Хичкок пригласил на главную роль в фильме «Головокружение» актрису Ким Новак.,0.024955316575713073,Какую актрису Альфред Хичкок пригласил на главную роль в фильм «Головокружение» в 1958 году?
"Какое животное является основой местной породы крупного рогатого скота, выведенной мадурцами на Мадуре и близлежащих островах в результате гибридизации с зебу?","Основой местной породы крупного рогатого скота, выведенной мадурцами на Мадуре и близлежащих островах в результате гибридизации с зебу, являются индийские коровы.",0.7578770656719934,"Какое животное является основой местной породы крупного рогатого скота, выведенной мадурцами на Мадуре и близлежащих островах в результате гибридизации с зебу?"
Кто стал наставником Генри Уильяма Уикса в тюрьме Уормвуд-Скрабс и познакомил его с теорией еврейского заговора?,"В 1894 году Генри Уильям Уикс был арестован по обвинению в убийстве своего отца. В тюрьме Уормвуд-Скрабс он познакомился с Чарльзом Мэнсоном, который стал его наставником. Мэнсон познакомил Уикса с теорией еврейского заговора, которая стала основой для их дальнейших действий.",0.9628518295811394,Кто стал наставником Генри Уильяма Уикса в тюрьме Уормвуд-Скрабс и познакомил его с теорией еврейского заговора?
С кем из депутатов от Вирджинии Александр Гамильтон нашёл единомышленника в вопросе необходимости права федерального правительства на сбор налогов в конце 1782 года?,В конце 1782 года Александр Гамильтон нашёл единомышленника в лице депутата от Вирджинии Джеймса Мэдисона по вопросу необходимости права федерального правительства на сбор налогов.,0.08013155424520334,С кем из депутатов от Вирджинии Александр Гамильтон нашёл единомышленника в вопросе необходимости права федерального правительства на сбор налогов в конце 1782 года?
Какую оценку из 5 возможных поставил Шав Сакенхейм игре Sonic R в своей рецензии для Sega Saturn?,Шав Сакенхейм поставил игре Sonic R оценку **4 из 5** в своей рецензии для Sega Saturn.,0.05700677256847324,Какую оценку из 5 возможных поставил Шав Сакенхейм игре Sonic R в своей рецензии для Sega Saturn?
В каком году картина «Испытание силы Яна Усмаря» была передана из Академии художеств в Государственный Русский музей?,Картина «Испытание силы Яна Усмаря» была передана из Академии художеств в Государственный Русский музей в 1925 году.,0.16494207281142445,В каком году картина «Испытание силы Яна Усмаря» была передана из Академии художеств в Государственный Русский музей?
Чей бюст работы французского скульптора Гудона послужил основой для изображения на аверсе 5-центовой монеты США?,"Бюст Томаса Джефферсона, выполненный французским скульптором Жаном-Антуаном Гудоном, стал основой для изображения на аверсе 5-центовой монеты США.",0.029014884557937465,Чей бюст работы французского скульптора Гудона послужил основой для изображения на аверсе 5-центовой монеты США?
В каком году Квинт Муций Сцевола (консул 95 года до н. э.) стал народным трибуном?,Квинт Муций Сцевола был избран в народные трибуны в 133 году до н. э.,0.004888196123325876,В каком году Квинт Муций Сцевола (консул 95 года до н. э.) стал народным трибуном?
Кто в начале сезона 2008/09 был назначен тренером «Аякса» и назначил Класа-Яна Хюнтелара капитаном команды?,"В начале сезона 2008/09 главным тренером «Аякса» был назначен Франк де Бур, а Клас-Ян Хюнтелар стал капитаном команды.",0.17412014975276197,Кто в начале сезона 2008/09 был назначен тренером «Аякса» и назначил Класа-Яна Хюнтелара капитаном команды?
"В каком фильме 2021 года рэпер Pop Smoke принял участие в записи саундтрека, выпустив трек «Lane Switcha»?","Рэпер Pop Smoke принял участие в записи саундтрека к фильму ""Ковбой из Бетпэда"" (""Bad Boys for Life""), выпущенному в 2020 году, а не в 2021 году. В этом фильме он записал трек под названием ""Lane Switcha"".",0.4346179872206617,"В каком фильме 2021 года рэпер Pop Smoke принял участие в записи саундтрека, выпустив трек «Lane Switcha»?"
В каком году была опубликована в Рижском альманахе стальная гравюра насосной станции на улице Маскавас?,Стальная гравюра насосной станции на улице Маскавас была опубликована в 1978 году в Рижском альманахе.,0.616387504184138,В каком году была опубликована в Рижском альманахе стальная гравюра насосной станции на улице Маскавас?
Сколько пехоты и конницы было у Александра Македонского при переходе через Геллеспонт перед битвой при Гранике?,"При переходе через Геллеспонт перед битвой при Гранике у Александра Македонского была небольшая армия, состоявшая из примерно 5000 человек пехоты и около 600 человек конницы.",0.09945116609547823,Сколько пехоты и конницы было у Александра Македонского при переходе через Геллеспонт перед битвой при Гранике?
Какое прионное заболевание человека было описано Гансом Герхардом Крейцфельдтом и Альфонсом Марией Якобом в 1920-х годах?,"Прионное заболевание человека, которое было описано Гансом Герхардом Крейцфельдтом и Альфонсом Марией Якобом в 1920-х годах, называется болезнь Крейтцфельдта-Якоба (БКЯ). Это редкое нейродегенеративное заболевание, вызываемое аномальными белками — прионами. БКЯ характеризуется прогрессирующим ухудшением когнитивных функций, мышечной слабостью и другими неврологическими симптомами.",0.00929396578947129,Какое прионное заболевание человека было описано Гансом Герхардом Крейцфельдтом и Альфонсом Марией Якобом в 1920-х годах?
"Что выдаёт R-элемент элементарного перцептрона, если линейная форма превышает порог?","R-элемент в элементарном перцептроне выдаёт значение 1, если сумма взвешенных входных сигналов превышает заданный пороговый уровень. Если же эта сумма меньше или равна порогу, то R-элемент выдаёт значение 0.",0.3088488607622363,"Что выдаёт R-элемент элементарного перцептрона, если линейная форма превышает порог?"
Кто выступал на разогреве в туре «Party Crasher Tour 2009»?,"На разогреве в туре ""Party Crasher Tour"" выступали такие группы как **The Bravery**, **The Kooks** и **Cobra Starship**.",0.989375636243801,Кто выступал на разогреве в туре «Party Crasher Tour 2009»?
Какова звёздная величина Проксимы Центавра?,Звёздная величина Проксимы Центавра составляет примерно 11m.,0.0005918344801926196,Какова звёздная величина Проксимы Центавра?
Кто является главным героем рассказа «Континуум Гернсбека»?,"Главный герой рассказа «Континуум Гернсбека» — это молодой человек по имени Джонни Рико. Он работает в магазине комиксов и увлекается научной фантастикой. В один прекрасный день он случайно обнаруживает, что его любимый журнал о научной фантастике содержит секретную информацию о будущем человечества.",0.975080235325725,Кто является главным героем рассказа «Континуум Гернсбека»?
Кто из асклепиадов Коса стал наиболее знаковой личностью перехода от храмовой медицины к светской?,"Наиболее знаковой личностью перехода от храмовой медицины к светской среди асклепиадов Косса считается Гиппократ. Он жил в V веке до н.э. и считается одним из основателей современной медицины. Гиппократ был первым врачом, который начал изучать медицину на основе наблюдений и экспериментов, вместо того чтобы полагаться только на религиозные верования и суеверия. Его работы стали основой для развития медицинской науки и практики, и его методы лечения используются и сегодня.",0.02053133599581029,Кто из асклепиадов Коса стал наиболее знаковой личностью перехода от храмовой медицины к светской?
На каком шасси в 1941 году была создана импровизированная зенитная самоходная установка с 25-мм пушкой образца 1940 года (72-К)?,В 1941 году на базе танка Т-60 была создана импровизированная зенитная самоходная установка с 25-мм пушкой образца 1940 года (72-К).,0.030231468224784206,На каком шасси в 1941 году была создана импровизированная зенитная самоходная установка с 25-мм пушкой образца 1940 года (72-К)?
"Какие два вида животных в дополнении The Sims 2: Питомцы являются игровыми объектами, но не могут стать членами семьи?","В дополнении «The Sims 2: Питомцы» двумя видами животных, которые являются игровыми объектами, но не могут стать членами семьи, являются **рыбы** и **птицы**.",0.48214201193112916,"Какие два вида животных в дополнении The Sims 2: Питомцы являются игровыми объектами, но не могут стать членами семьи?"
Кто сыграл роль Виктора Салливана в игре «Uncharted: Golden Abyss»?,Роль Виктора Салливана в игре «Uncharted: Golden Abyss» исполнил актёр Ричард МакГонагл.,0.267828295433331,Кто сыграл роль Виктора Салливана в игре «Uncharted: Golden Abyss»?
В каком году Армения утратила самостоятельную государственность в результате раздела Великой Армении между Римской империей и Сасанидской Персией?,Армения утратила свою независимость в 387 году нашей эры после раздела Великой Армении между Римской империей и Сасанидской Персией.,0.018666682736338532,В каком году Армения утратила самостоятельную государственность в результате раздела Великой Армении между Римской империей и Сасанидской Персией?
"Кто в 1838 году экспериментально доказал, что дрожжи являются живыми организмами?","В 1838 году французский ученый Луи Пастер экспериментально доказал, что дрожжи являются живыми организмами. Он провел серию экспериментов, которые показали, что дрожжи способны размножаться и производить алкоголь через процесс ферментации. Это открытие имело большое значение для развития микробиологии и понимания процессов, происходящих в живых организмах.",0.09053490155003485,"Кто в 1838 году экспериментально доказал, что дрожжи являются живыми организмами?"
Какое название имеет первый игровой уровень в Sonic the Hedgehog Spinball?,"Первый игровой уровень в игре Sonic the Hedgehog Spinball называется **""Green Hill Zone""**.",0.23291148592441313,Какое название имеет первый игровой уровень в Sonic the Hedgehog Spinball?
"Какой водопад, изображённый на картине Джеймса Олдена 1857 года, находится в бассейне реки Колумбия?","На картине Джеймса Олдена 1857 года изображён водопад «Багги» (Bogie Falls). Этот водопад расположен в бассейне реки Колумбии и является одним из самых высоких водопадов в штате Вашингтон, США.",0.7213729754574147,"Какой водопад, изображённый на картине Джеймса Олдена 1857 года, находится в бассейне реки Колумбия?"
Как дословно переводится название Хаджи-бей?,"Название ""Хаджи-бей"" состоит из двух частей: ""Хаджи"" и ""бей"". 

1. **Хаджи** - это титул в исламе, который присваивается человеку, совершившему паломничество в Мекку. Это слово происходит от арабского слова ""хадж"", что означает ""паломничество"".

2. **Бей** - это титул или звание, которое использовалось в Османской империи для обозначения правителя или вождя племени. Оно также может использоваться как обращение к мужчине.

Таким образом, дословный перевод названия ""Хаджи-бей"" будет означать ""Паломник-правитель"" или ""Правитель-пилигрим"".",0.01739484237423769,Как дословно переводится название Хаджи-бей?
"Какой город в ходе Северомексиканской кампании генерал Тейлор характеризовал как место, где столько родников, что можно обеспечить питьевой водой Нью-Йорк?","В ходе Северомексиканской кампании генерал Закари Тейлор охарактеризовал город Монтеррей как место, где столько родников, что можно обеспечить питьевой водой Нью-Йорк.",0.5251137576713566,"Какой город в ходе Северомексиканской кампании генерал Тейлор характеризовал как место, где столько родников, что можно обеспечить питьевой водой Нью-Йорк?"
Когда был зарыт Керченский клад 1988 года?,Керченский клад был найден в 1988 году на территории Керчи.,0.5511538510579743,Когда был зарыт Керченский клад 1988 года?
"Какую оперу-буффа Вольфганг Амадей Моцарт написал в 1786 году на основе пьесы Бомарше «Женитьба Фигаро», где упоминается имя, связанное с Барбарой Кампанини?","Вольфганг Амадей Моцарт написал оперу-буффа «Свадьба Фигаро» («Le Nozze di Figaro») в 1786 году на основе пьесы Бомарше «Женитьба Фигаро». В этой опере упоминается имя, связанное с Барбарой Кампанини, — это Сюзанна.",0.16973950097062623,"Какую оперу-буффа Вольфганг Амадей Моцарт написал в 1786 году на основе пьесы Бомарше «Женитьба Фигаро», где упоминается имя, связанное с Барбарой Кампанини?"
"Кто является создателем некоммерческой организации «Архив Интернета», которая в 2006 году запустила проект виртуальной библиотеки Open Library?","Создателями некоммерческой организации ""Архив Интернета"" и проекта виртуальной библиотеки Open Library являются Брюстер Кейл (Brewster Kahle) и Брюс Гилберт (Bruce Gilbert).",0.0019015723108772517,"Кто является создателем некоммерческой организации «Архив Интернета», которая в 2006 году запустила проект виртуальной библиотеки Open Library?"
"Какое высшее воинское звание получил Идвал Хьюберт Эдвардс, став единственным выпускником Блумсберга, достигшим такого уровня?",Идвал Хьюберт Эдвардс был удостоен звания генерал-лейтенанта в армии США.,0.4026113392876622,"Какое высшее воинское звание получил Идвал Хьюберт Эдвардс, став единственным выпускником Блумсберга, достигшим такого уровня?"
"С кем 17 ноября 1475 года эмир Али ибн Сад подписал мирный договор, по которому Гранадский эмират остался нейтральным в Войне за кастильское наследство?",17 ноября 1475 года эмир Али ибн Сад подписал мирный договор с королевой Изабеллой I Кастильской и королем Фердинандом II Арагонским. По этому договору Гранадский эмират оставался нейтральным в Войне за кастильское наследство.,0.01036026045204331,"С кем 17 ноября 1475 года эмир Али ибн Сад подписал мирный договор, по которому Гранадский эмират остался нейтральным в Войне за кастильское наследство?"
Какой космический аппарат пересёк хвост кометы C/1996 B2 (Хякутакэ) 1 мая 1996 года?,Космический аппарат «Улисс» пересёк хвост кометы C/1996 B2 (Хякутакэ) 1 мая 1996 года.,0.04080092934752632,Какой космический аппарат пересёк хвост кометы C/1996 B2 (Хякутакэ) 1 мая 1996 года?
Какой боевой массой в тоннах обладал швейцарский танк Pz.61 согласно таблице сравнения характеристик танков первой половины 1960-х годов?,"Согласно таблице сравнения характеристик танков первой половины 1960-х годов, швейцарский танк Pz.61 имел боевую массу 45 тонн.",0.08188123396020233,Какой боевой массой в тоннах обладал швейцарский танк Pz.61 согласно таблице сравнения характеристик танков первой половины 1960-х годов?
Сколько недель подряд альбом Janet Jackson’s Rhythm Nation 1814 возглавлял чарт Billboard 200 в США?,"Альбом Janet Jackson’s ""Rhythm Nation 1814"" возглавлял чарт Billboard 200 в США на протяжении 35 недель подряд.",0.0005493334966247238,Сколько недель подряд альбом Janet Jackson’s Rhythm Nation 1814 возглавлял чарт Billboard 200 в США?
Какая гора является наивысшей точкой острова Футуна в группе Хорн (территория Уоллис и Футуна)?,"Наивысшая точка острова Футуна в группе Хорн — это гора Тафахи, высота которой составляет 524 метра над уровнем моря.",0.008055911857042066,Какая гора является наивысшей точкой острова Футуна в группе Хорн (территория Уоллис и Футуна)?
В каком году Мишель Маккул стала первым в истории чемпионом див WWE?,"Мишель Маккул стала первой женщиной, которая выиграла титул чемпиона Див WWE, когда она победила Бэйли на шоу Raw от 18 октября 2016 года.",0.12861161406992358,В каком году Мишель Маккул стала первым в истории чемпионом див WWE?
Какова рассчитанная скорость утраты генов микроРНК у Arabidopsis thaliana?,"Скорость утраты генов микроРНК у Arabidopsis thaliana составляет примерно 0,1 гена в год.",0.07257752391524538,Какова рассчитанная скорость утраты генов микроРНК у Arabidopsis thaliana?
В каком году Оуэну Тюдору было предоставлено английское гражданство?,Оуэн Тюдор получил английский паспорт в 1452 году.,0.5184305875396393,В каком году Оуэну Тюдору было предоставлено английское гражданство?
Кем был назначен главным архитектором Телевизионной башни Токио?,Главным архитектором Телевизионной башни в Токио был назначен Тадао Андо (Tadao Ando). Он является известным японским архитектором и лауреатом Притцкеровской премии за 1995 год.,0.006385441660850271,Кем был назначен главным архитектором Телевизионной башни Токио?
"Кто, согласно третьей повести трилогии «В ночь большого прилива», имеет полное имя Иту Лариу Дэн?","Согласно третьей повести трилогии «В ночь большого прилива» Аркадия и Бориса Стругацких, полное имя Иту Лариу Дэн носит главный герой повести — человек по имени Иван Жилин.",0.9998301067254459,"Кто, согласно третьей повести трилогии «В ночь большого прилива», имеет полное имя Иту Лариу Дэн?"
В каком телесериале 2006–2011 годов Салли Филд исполнила главную роль Норы Уокер?,"Салли Филд сыграла главную роль в сериале «Братья по оружию» («Brothers & Sisters»), который выходил с 2006 по 2011 год. В этом шоу она воплотила образ Норы Уокер.",0.7613740387660237,В каком телесериале 2006–2011 годов Салли Филд исполнила главную роль Норы Уокер?
"Кто, согласно Плутарху, споткнулся и упал, выходя из палатки перед битвой при Ипсе в 301 году до н. э.?","Согласно Плутарху, споткнулся и упал Антигон Одноглазый, один из полководцев Александра Македонского, который вышел из палатки перед битвой при Ипсе в 301 году до нашей эры.",0.0977368717591247,"Кто, согласно Плутарху, споткнулся и упал, выходя из палатки перед битвой при Ипсе в 301 году до н. э.?"
"Какую лицензию получил градостроительный симулятор Lincity, выпущенный в 2000 году как альтернатива SimCity?",Lincity был выпущен под лицензией GPL (General Public License).,0.0003570018707836917,"Какую лицензию получил градостроительный симулятор Lincity, выпущенный в 2000 году как альтернатива SimCity?"
В каком возрасте умерла Летиция Ноллис?,Летиция Ноллис умерла в 1633 году в возрасте 72 лет.,0.5999687966399168,В каком возрасте умерла Летиция Ноллис?
"Кто был назначен первым деканом правового отделения, созданного на базе юридического факультета Харьковского университета в 1920 году?","Первым деканом правового отделения, созданного на базе юридического факультета Харьковского университета в 1920 году, был профессор Иван Иванович Кистяковский.",0.9906657519738564,"Кто был назначен первым деканом правового отделения, созданного на базе юридического факультета Харьковского университета в 1920 году?"
Какой номер Мохаммед Салах получил в «Роме» после перехода туда 6 августа 2015 года?,После перехода в «Рому» 6 августа 2015 года Мохаммед Салах получил футболку с номером **11**.,0.032414497953486124,Какой номер Мохаммед Салах получил в «Роме» после перехода туда 6 августа 2015 года?
В каком году король Давид II пожаловал Джону Стюарту и Аннабелле графство Каррик?,Король Шотландии Дэвид II пожаловал Джону Стюарту и Аннабелле графство Каррик в 1368 году.,0.2689068106679234,В каком году король Давид II пожаловал Джону Стюарту и Аннабелле графство Каррик?
"Какую характерную особенность тематической разработки в концертах op. 8, согласно П. Эверетту, представляет собой 4-нотный ход от I к V ступени или от V ко II ступени, встречающийся во всех концертах этого сборника за исключением № 8?","Согласно П. Эверетту, характерной особенностью тематической разработки в концертах op. 8 является 4-нотный ход от I к V ступени или от V к II ступени, который встречается во всех концертах этого сборника за исключением № 8.",0.5184233860978874,"Какую характерную особенность тематической разработки в концертах op. 8, согласно П. Эверетту, представляет собой 4-нотный ход от I к V ступени или от V ко II ступени, встречающийся во всех концертах этого сборника за исключением № 8?"
"Кто в фильме «Снежный человек» (1957) умирает от ужаса, когда пытается выстрелить из винтовки, заряженной холостыми патронами?","В фильме «Снежный человек» (1957) умирает от ужаса, когда пытается выстрелить из винтовки, заряженной холостыми патронами, главный герой фильма — охотник по имени Джон Маккрей.",0.9944088208146817,"Кто в фильме «Снежный человек» (1957) умирает от ужаса, когда пытается выстрелить из винтовки, заряженной холостыми патронами?"
"Кем, по мнению писательницы Джо Уолтон, является изобретатель поджанра «высокотехнологического попаданчества» в романе «Да не опустится тьма»?","Писательница Джо Уолтон считает, что изобретателем поджанра «высокотехнологичного попаданства» является Глен Кук.",0.9253352229106983,"Кем, по мнению писательницы Джо Уолтон, является изобретатель поджанра «высокотехнологического попаданчества» в романе «Да не опустится тьма»?"
Кем было занято первое место среди британских производителей полупроводников вместо Mullard-GEC в 1968 году?,В 1968 году первым местом среди британских производителей полупроводников после ухода Mullard-GEC стало занимала компания Ferranti.,0.01917386272095089,Кем было занято первое место среди британских производителей полупроводников вместо Mullard-GEC в 1968 году?
Какой полк понёс самые высокие потери в Сражении на реке Бивер-Дам-Крик?,В битве при Бивер-Дам-Крик наибольшие потери понес 1-й полк Коннектикута из армии Союза.,0.9992553437883842,Какой полк понёс самые высокие потери в Сражении на реке Бивер-Дам-Крик?
Какой угол уклона характерен для клинчатых кровель в русском деревянном культовом зодчестве?,В русском деревянном культовом зодчестве угол наклона кровли обычно составляет 45 градусов и более.,0.8667219476433786,Какой угол уклона характерен для клинчатых кровель в русском деревянном культовом зодчестве?
"Кого Ричард де Клер, 6-й граф Глостер, сопровождал в поездке во Францию в 1254 году?","Ричард де Клер, 6-й граф Глостер, сопровождал короля Англии Генриха III во время его поездки во Францию в 1254 году.",0.00193123118733175,"Кого Ричард де Клер, 6-й граф Глостер, сопровождал в поездке во Францию в 1254 году?"
Кем был назван Олег Даль «смесью жирафёнка с пантерой»?,Олега Даля назвал «смесью жирафёнка с пантерой» писатель Юрий Нагибин.,0.3915496990579991,Кем был назван Олег Даль «смесью жирафёнка с пантерой»?
Сколько денег собрал в мировом прокате фильм Роланда Эммериха «2012»?,Фильм Роланда Эммериха «2012» собрал в мировом прокате около 769 миллионов долларов США.,0.001531443949979409,Сколько денег собрал в мировом прокате фильм Роланда Эммериха «2012»?
"Кто был султаном, подготовившим резню 1895—1896 годов как ответ на принятие проекта реформ для шести восточных провинций?","Султаном, подготовившим резню 1895—1896 годов в качестве ответа на принятие проекта реформ для шести восточных провинций, был Абдул-Хамид II.",0.1184100002393446,"Кто был султаном, подготовившим резню 1895—1896 годов как ответ на принятие проекта реформ для шести восточных провинций?"
"Кто был коллегой Публия Корнелия Долабеллы, выступившим против его проекта социальных реформ в начале 47 года до н. э.?","Коллегой Публия Корнелия Долабеллы, который выступил против его проекта социальных реформ в начале 47 года до н. э., был Гай Кассий Лонгин.",0.0003401653002253,"Кто был коллегой Публия Корнелия Долабеллы, выступившим против его проекта социальных реформ в начале 47 года до н. э.?"
В каком году Соня Хени была посмертно включена в Зал славы мирового фигурного катания?,Соня Хени была посмертно включена в Зал славы мирового фигурного катания в 1976 году.,0.00015171854161059154,В каком году Соня Хени была посмертно включена в Зал славы мирового фигурного катания?
Сколько партий выиграл Рашид Нежметдинов в городском первенстве среди пионеров зимой 1927 года?,Рашид Нежметдинов выиграл три партии из пяти в городском первенстве по шахматам среди пионеров в Москве зимой 1927 года.,0.5883192904012029,Сколько партий выиграл Рашид Нежметдинов в городском первенстве среди пионеров зимой 1927 года?
"В мини-игре Блум Dragon Flight из игры Winx Club: Quest for the Codex для Nintendo DS что получает игрок, если тень ускользает?","Если в мини-игре ""Блум Dragon Flight"" из игры Winx Club: Quest for the Codex на Nintendo DS тень ускользает от игрока, то он теряет одну жизнь.",0.9882021883574704,"В мини-игре Блум Dragon Flight из игры Winx Club: Quest for the Codex для Nintendo DS что получает игрок, если тень ускользает?"
"Как звали первую жену Селевка, живучесть которой на момент его свадьбы со Стратоникой Сирийской является предметом дискуссий в историографии?",Первая жена Селевка I Никатора была Апама.,0.02316154924919938,"Как звали первую жену Селевка, живучесть которой на момент его свадьбы со Стратоникой Сирийской является предметом дискуссий в историографии?"
Какая компания разработала лампу 12AX7?,Лампа 12AX7 была разработана компанией RCA (Radio Corporation of America).,0.0005088825702695954,Какая компания разработала лампу 12AX7?
"Кто стал новым тренером «Чикаго Буллз» в сезоне 1989/90, когда Майкл Джордан стал капитаном команды?","В сезоне 1989/90 года главным тренером «Чикаго Буллз» был назначен Фил Джексон. Он принял команду после того, как Майкл Джордан вернулся в баскетбол и стал капитаном команды.",0.18316828154359047,"Кто стал новым тренером «Чикаго Буллз» в сезоне 1989/90, когда Майкл Джордан стал капитаном команды?"
"Кто из афинских ораторов, согласно античной традиции, покончил жизнь самоубийством, узнав о поражении при Херонее в 338 году до н. э.?","Согласно античной традиции, одним из афинских ораторов, который покончил жизнь самоубийством после поражения при Херонее в 338 году до н. э., был Демосфен.",0.03676010500424559,"Кто из афинских ораторов, согласно античной традиции, покончил жизнь самоубийством, узнав о поражении при Херонее в 338 году до н. э.?"
Какой вид динофлагеллят отвечает за массовую гибель рыб во время красных приливов у атлантического побережья США?,"## Вид динофлагеллят, ответственный за массовые гибели рыб во время красных приливов на Атлантическом побережье США

### Основные факты о красных приливах

Красные приливы — это явление, связанное с массовым размножением морских организмов, в частности динофлагеллят. Эти организмы могут выделять токсины, которые приводят к массовой гибели рыбы и других водных животных. На Атлантическом побережье США одним из наиболее известных видов динофлагеллят, вызывающих такие явления, является **_Alexandrium fundyense_**.

#### Характеристики _Alexandrium fundyense_

- **Токсичность**: Этот вид способен продуцировать нейротоксин, известный как **амастоксин**, который вызывает паралич дыхательной мускулатуры у рыб и других водных животных.
- **Распространение**: Встречается преимущественно в прибрежных водах Северной Америки, особенно вдоль восточного побережья США.
- **Влияние на экосистему**: Массовое размножение этого вида может привести к значительным экономическим потерям для рыболовства и аквакультуры.

### Механизм действия токсинов

Токсины, вырабатываемые _Alexandrium fundyense_, действуют следующим образом:

1. **Нар",0.5600793239285796,Какой вид динофлагеллят отвечает за массовую гибель рыб во время красных приливов у атлантического побережья США?
В каком году Хаби Алонсо перешёл из «Ливерпуля» в мадридский «Реал»?,Хаби Алонсо перешёл из «Ливерпуля» в мадридский «Реал» в 2009 году.,0.0022427593635551963,В каком году Хаби Алонсо перешёл из «Ливерпуля» в мадридский «Реал»?
Кем был назван «компактным обновлённым фениксом» прорыв группы пролетарских бригад в Западную Боснию в ходе Похода группы пролетарских бригад в Боснийскую Краину в 1942 году?,Прорыв группы пролетарских бригад в Западную Боснию в ходе Похода группы пролетарских бригады в Боснийскую Краину в 1942 году был назван «компактным обновлённым фениксом».,0.41172381574286326,Кем был назван «компактным обновлённым фениксом» прорыв группы пролетарских бригад в Западную Боснию в ходе Похода группы пролетарских бригад в Боснийскую Краину в 1942 году?
Сколько точных копий экземпляра «Сыку цюаньшу» из павильона Вэньюаньгэ планировалось изготовить в 1925 году для передачи в крупнейшие библиотеки Китая и мира?,В 1925 году было запланировано изготовить 300 точных копий экземпляра «Сыку цюаньшу» из павильона Вэньюаньгэ для передачи в крупнейшие библиотеки Китая и мира.,0.45818194125160416,Сколько точных копий экземпляра «Сыку цюаньшу» из павильона Вэньюаньгэ планировалось изготовить в 1925 году для передачи в крупнейшие библиотеки Китая и мира?
Кто тренировал немецкую команду в межзональном финале Кубка Дэвиса между фон Краммом и Баджем?,Тренером немецкой команды в межзональном финале Кубка Дэвиса между фон Краммом и Баджем был Ханс Фогель.,0.9962239064371271,Кто тренировал немецкую команду в межзональном финале Кубка Дэвиса между фон Краммом и Баджем?
"Как называется наиболее известный цикл затмений, промежуток времени которого немногим дольше 18 лет?","Наиболее известным циклом затмений является сарос. Сарос — это период времени, в течение которого повторяются солнечные и лунные затмения с примерно одинаковыми условиями видимости. Сарос длится около 18 лет и 11 дней (или 18 лет и 10 дней при переходе через високосный год).",0.04428467413466017,"Как называется наиболее известный цикл затмений, промежуток времени которого немногим дольше 18 лет?"
Кто сыграл роль Электро в фильме «Новый Человек-паук: Высокое напряжение»?,Роль Электро в фильме «Новый Человек-паук: Высокое напряжение» исполнил актёр Джейми Фокс.,0.2137223744364426,Кто сыграл роль Электро в фильме «Новый Человек-паук: Высокое напряжение»?
Против какого клуба Ронан О’Гара 12 ноября 2011 года в матче группового этапа Кубка Хейнекен забил победный дроп-гол на 84-й минуте?,Ронан О'Гара 12 ноября 2011 года в матче группового этапа Кубка Хейнекен забил победный дроп-гол на 84-й минуте против команды «Оспрейс».,0.3074741933739905,Против какого клуба Ронан О’Гара 12 ноября 2011 года в матче группового этапа Кубка Хейнекен забил победный дроп-гол на 84-й минуте?
Кто из лидеров мусульманского движения в Индонезии отличался особенно антикитайскими взглядами и негативно относился к «Китайской ассоциации»?,"Лидер мусульманского движения в Индонезии, который отличался особенно антикитайскими взглядами и негативно относился к «Китайской ассоциации», — это **Султан Хамид II**. Он был одним из самых известных и влиятельных исламских деятелей в Индонезии в начале XX века. Султан Хамид II активно выступал против влияния Китая на индонезийское общество и критиковал деятельность Китайской ассоциации, которая была создана китайцами для защиты своих интересов в Индонезии.",0.3661012907387133,Кто из лидеров мусульманского движения в Индонезии отличался особенно антикитайскими взглядами и негативно относился к «Китайской ассоциации»?
Кто в романе Джеймса Клавелла «Тай-Пэн» сделал бывшую проститутку Мэри Синклер своим тайным агентом и материально поддерживал её?,В романе Джеймса Клавелла «Тай-Пэн» бывший торговец чаем Дирк Струан сделал бывшую проститутку Мэри Синклер своим тайным агентом и материально поддержал её.,0.9977968205373968,Кто в романе Джеймса Клавелла «Тай-Пэн» сделал бывшую проститутку Мэри Синклер своим тайным агентом и материально поддерживал её?
Какой завод в США поставил гарвеевскую броню для центральной части пояса броненосца «Петропавловск»?,Гарвеевская броня была поставлена на заводах Bethlehem Steel и Carnegie Steel Company.,0.9099512313601961,Какой завод в США поставил гарвеевскую броню для центральной части пояса броненосца «Петропавловск»?
Какую идею обхода запрета выступлений ирландских националистов на британском телевидении и радио предложил Дэнни Моррисон в 1988 году?,"В 1988 году Дэнни Моррисон, лидер партии Шинн Фейн, предложил идею обхода запрета выступлений ирландских националистов на британском телевидении и радио через использование «политического словаря». Этот словарь включал в себя слова и выражения, которые могли использоваться для передачи политических идей без прямого упоминания запрещённых терминов или тем. Например, вместо использования термина «республика» можно было использовать выражение «государство», а вместо «ирландский народ» — «национальный вопрос». Таким образом, Моррисон надеялся обойти цензуру и донести свои идеи до широкой аудитории.",0.9958155713586347,Какую идею обхода запрета выступлений ирландских националистов на британском телевидении и радио предложил Дэнни Моррисон в 1988 году?
Кто в 1777 году написал надворному советнику Якову Рооде о намерении Екатерины II поставить в Царском Селе литые ворота из чугуна?,В 1777 году об этом писал архитектор Антонио Ринальди надворному советнику Якову Рооду.,0.9976863956881699,Кто в 1777 году написал надворному советнику Якову Рооде о намерении Екатерины II поставить в Царском Селе литые ворота из чугуна?
"Кто изначально должен был быть главным антагонистом в мультфильме «Черепашки-ниндзя: Погром мутантов», прежде чем сценаристы отказались от этой идеи?",В первоначальном сценарии мультфильма «Черепашки-ниндзя: Погром мутантов» (Teenage Mutant Ninja Turtles: Out of the Shadows) главным антагонистом должен был стать Шреддер. Однако позже сценаристы решили отказаться от этой идеи и выбрали более оригинального злодея для фильма.,0.9723933021402943,"Кто изначально должен был быть главным антагонистом в мультфильме «Черепашки-ниндзя: Погром мутантов», прежде чем сценаристы отказались от этой идеи?"
"К какому произведению Ивана Шадра восходит сцена из фильма «Я — Куба», где Энрико пытается бросить камень в полицейского?","Сцена из фильма «Я — Куба», где Энрико пытается бросить камень в полицейского, восходит к произведению Ивана Шадра «Бронзовая».",0.3950713943638966,"К какому произведению Ивана Шадра восходит сцена из фильма «Я — Куба», где Энрико пытается бросить камень в полицейского?"
В каком году Петер Дебай опубликовал монографию «Полярные молекулы»?,Монография Петера Дебая «Полярные молекулы» была опубликована в 1929 году.,0.024185344048743566,В каком году Петер Дебай опубликовал монографию «Полярные молекулы»?
"В каком году император Роман II Младший освободил Крит, что, согласно преданию, стало причиной постройки кафоликона монастыря Осиос-Лукас?","Император Роман II Младший освободил Крит в 961 году. Согласно преданию, это событие вдохновило его на строительство кафоликона монастыря Осиос-Лукас.",0.561520738914871,"В каком году император Роман II Младший освободил Крит, что, согласно преданию, стало причиной постройки кафоликона монастыря Осиос-Лукас?"
"Какие животные являются источниками отбросов белка, используемыми Polistes fuscatus для развития своего выводка?","**Источники отбросов белка для Polistes fuscatus**

Polistes fuscatus — это вид ос, которые используют различные источники белка для питания своих личинок и поддержания своей колонии. В качестве источников белка они могут использовать следующие виды животных:

1. **Насекомые**: Осы часто охотятся на других насекомых, таких как мухи, комары, жуки и другие мелкие насекомые. Эти насекомы служат источником белка для личинок ос.

2. **Пауки**: Некоторые виды ос также питаются пауками, используя их в качестве источника белка для своих личинок.

3. **Мелкие позвоночные**: В редких случаях осы могут питаться мелкими позвоночными, такими как ящерицы или лягушки, если такие возможности возникают.

4. **Отбросы животного происхождения**: Осам также доступны отходы животного происхождения, такие как мясо или рыба, которые могут быть использованы в качестве источника белка.

Эти источники белка играют важную роль в развитии и выживании колоний Polistes fuscatus, обеспечивая необходимые питательные вещества для роста и размножения.",0.3814646554506033,"Какие животные являются источниками отбросов белка, используемыми Polistes fuscatus для развития своего выводка?"
"Кто, согласно апокрифическому «Евангелию от Петра», был единственным участником погребения Иисуса?","Согласно апокрифическому «Евангелию от Петра», единственным участником погребения Иисуса был Иосиф Аримафейский.",0.001078539217205999,"Кто, согласно апокрифическому «Евангелию от Петра», был единственным участником погребения Иисуса?"
"Кто был соперником раджи Таксила, которого тот надеялся разгромить с помощью Александра Македонского?","Соперником раджи Таксила, которого он надеялся разгромить с помощью Александра Македонского, был Пор.",0.055755585345092604,"Кто был соперником раджи Таксила, которого тот надеялся разгромить с помощью Александра Македонского?"
Кто победил на президентских выборах в Республике Беларусь 2006 года?,На президентских выборах в Республике Беларусь в 2006 году победу одержал действующий президент Александр Лукашенко.,0.00036845620093931117,Кто победил на президентских выборах в Республике Беларусь 2006 года?
В каком году в США вышел художественный фильм Р. Дж. Спрингстина о похищении Адольфа Эйхмана?,Фильм «Шоа» («Shoah») был выпущен в 1985 году.,0.9478766879348507,В каком году в США вышел художественный фильм Р. Дж. Спрингстина о похищении Адольфа Эйхмана?
Какой знак используется для обозначения денежного знака крон Дании (DKK) в соответствии с настройками по умолчанию в Microsoft Excel версии 14.0.4536.1000 и другими указанными источниками?,"В Microsoft Excel версии 14.0.4536.1000 и других источниках, денежный знак крон Дании (DKK) обозначается символом ""kr"".",0.9776914914357754,Какой знак используется для обозначения денежного знака крон Дании (DKK) в соответствии с настройками по умолчанию в Microsoft Excel версии 14.0.4536.1000 и другими указанными источниками?
"От чьего имени происходит суффикс «-ра», используемый в языке субкультуры гяру для обозначения схожести с поп-идолом?",Суффикс «-ра» в языке субкультуры гяру происходит от японского слова «pop star».,0.9844026573126459,"От чьего имени происходит суффикс «-ра», используемый в языке субкультуры гяру для обозначения схожести с поп-идолом?"
Какая субъединица Цитохром-b6f-комплекса несёт гем c и связывает пластоцианин?,"Субъединица cytochrome b6f-комплекса, которая несёт гем c и связывает пластоцианин, называется **cytochrome f**.",0.16753245730428498,Какая субъединица Цитохром-b6f-комплекса несёт гем c и связывает пластоцианин?
На какой частоте экипаж рейса 103 связался с радистом буровой платформы Penrod при спасении самолёта Cessna 188 над Тихим океаном?,Экипаж рейса 103 связался с радистом буровой платформы Penrod на частоте 2187 кГц для спасения самолёта Cessna 188 над Тихим океаном.,0.7518214704686651,На какой частоте экипаж рейса 103 связался с радистом буровой платформы Penrod при спасении самолёта Cessna 188 над Тихим океаном?
Кем был задержан А. Ф. Кони 23 октября 1919 года?,Александр Фёдорович Кони был задержан 23 октября 1919 года сотрудниками ВЧК.,0.9148969545922755,Кем был задержан А. Ф. Кони 23 октября 1919 года?
Кто изгоняет Делсина из племени в плохом концовке игры Infamous: Second Son?,"В игре *Infamous: Second Son* главный герой Деленн пытается спасти своего друга Делсина от заражением Корпусом. Однако, когда он приходит к нему на помощь, Делсин оказывается под воздействием Корпуса и начинает атаковать его. В результате этого Деленн вынужден изгнать Делсина из племени, чтобы защитить себя и других людей.",0.987265953220816,Кто изгоняет Делсина из племени в плохом концовке игры Infamous: Second Son?
"Какую роль в фильме «Хэллоуин» (1978) Джон Карпентер предлагал Кристоферу Ли до того, как отдать её Дональду Плезенсу?","В фильме «Хэллоуин» (1978) Джон Карпентер первоначально хотел предложить роль доктора Сэмюэла Лумхольта Кристоферу Ли, но затем отдал эту роль Дональду Плезансу.",0.04344052282226937,"Какую роль в фильме «Хэллоуин» (1978) Джон Карпентер предлагал Кристоферу Ли до того, как отдать её Дональду Плезенсу?"
Какая национальность преобладала среди жителей деревни Филисово городского округа Шатура по данным переписи населения 2002 года?,"По данным Всероссийской переписи населения 2002 года, в деревне Филисово городского округа Шатура преобладали русские жители.",0.10764104541048532,Какая национальность преобладала среди жителей деревни Филисово городского округа Шатура по данным переписи населения 2002 года?
"Какое географическое описание маршрута армии Ганнибала через Альпы, содержащееся в трудах Тита Ливия, считается неисторичным и невозможным?","В труде римского историка Тита Ливия содержится описание маршрута армии Ганнибала через Альпы, которое считается неисторичным и невозможным. Согласно Ливию, армия Ганнибала прошла через перевал Мон-Сени, который находится во Франции, а затем пересекла Альпы по пути, ведущему к Риму. Однако современные исследования показывают, что этот маршрут был бы слишком сложным и опасным для армии того времени, особенно учитывая наличие рек и гор, которые могли затруднить передвижение войск.",0.7999397811686008,"Какое географическое описание маршрута армии Ганнибала через Альпы, содержащееся в трудах Тита Ливия, считается неисторичным и невозможным?"
Когда в США начался выпуск Digimon: Digital Monsters на видеокассетах?,В США сериал «Digimon: Digital Monsters» начал выходить на видеокассетах 10 сентября 2000 года.,0.9001293700411077,Когда в США начался выпуск Digimon: Digital Monsters на видеокассетах?
Сколько христиан погибло от голода во время «Опустошения Севера» по данным хрониста?,Хронист сообщает о том 100 тысячах погибших христианах.,0.9254863913418021,Сколько христиан погибло от голода во время «Опустошения Севера» по данным хрониста?
За какой клуб Маджид Бугерра забил свой единственный гол за «Кру Александру»?,Маджид Бугерра забил свой единственный гол за «Кру Александра» в ворота «Блэкберн Роверс».,0.3214330641980274,За какой клуб Маджид Бугерра забил свой единственный гол за «Кру Александру»?
"Как называется операция, предложенная П. А. Герценом для устранения недостатков способа операции Ру?","Операция, предложенная П. А. Герценом для устранения недостатков способа операции Ру, называется **операция Герцен-Ру**.",0.9842251627869557,"Как называется операция, предложенная П. А. Герценом для устранения недостатков способа операции Ру?"
В каком городе и штате в 1985 году Джоан Фейнман получила долговременный контракт с Лабораторией реактивного движения?,"Джоан Фейнман получила долговременный контракт с Лабораторией реактивного движения в Пасадене, штат Калифорния.",0.07588112840819632,В каком городе и штате в 1985 году Джоан Фейнман получила долговременный контракт с Лабораторией реактивного движения?
"Кто был неформальным лидером казаков войсковой стороны во время Яицкого казачьего восстания 1772 года, у дома которого ежедневно собирались казаки?","Неофициальным лидером казаков войсковой стороны во время Яицкого казачьего восстания 1772 года был Емельян Иванович Пугачёв. У его дома ежедневно собирались казаки, которые поддерживали его и верили в его обещания о восстановлении прав и привилегий казачества.",0.28401869043338146,"Кто был неформальным лидером казаков войсковой стороны во время Яицкого казачьего восстания 1772 года, у дома которого ежедневно собирались казаки?"
"О каком языке жестов говорила Миллисент Симмондс в интервью интернет-журналу Teen Vogue, назвав его прекрасным?",Миллисент Симмондs в интервью интернет-журналу Teen Vogue говорила о языке жестов американского жестового языка (ASL). Она назвала его прекрасным и выразила свою любовь к нему.,0.9845797090914585,"О каком языке жестов говорила Миллисент Симмондс в интервью интернет-журналу Teen Vogue, назвав его прекрасным?"
В каком году была запущена трасса О-Бан в Аделаиде?,Трасса О-Бан в Аделаиде была запущена в 1938 году.,0.0012217791083504591,В каком году была запущена трасса О-Бан в Аделаиде?
Что означает оранжевое поле на флаге Бутана согласно Конституции 2008 года и резолюции 1972 года?,Оранжевый цвет на флаге Бутана символизирует буддийский монашество и духовность. Он также ассоциируется с миролюбие и спокойствие.,0.9956272450304456,Что означает оранжевое поле на флаге Бутана согласно Конституции 2008 года и резолюции 1972 года?
Кто стал соперником Александра Усика в финале турнира после его победы над Майрисом Бриедисом?,Соперником Александра Усика в финале турнира после его победы над Майрисом Бриедисом стал Мурат Гассиев.,0.12092845601433959,Кто стал соперником Александра Усика в финале турнира после его победы над Майрисом Бриедисом?
В каком году Джуд Лоу сыграл роль Джерома Морроу в фильме «Гаттака»?,"Джуд Лоу сыграл роль Джерома Морроу в фильме «Гаттака», который вышел в 1997 году.",0.052218635282478054,В каком году Джуд Лоу сыграл роль Джерома Морроу в фильме «Гаттака»?
В каком году Пуштунистан был политически разделён между Афганистаном и Британской Индией по линии Дюранда?,Пуштунистан был политически разделён между Афганистаном и Британской Индией в 1893 году по линии Дюранда.,0.023849279877676148,В каком году Пуштунистан был политически разделён между Афганистаном и Британской Индией по линии Дюранда?
Кто в 15:08 31 мая поднялся в воздух на самолёте лейтенанта Доналда вместе с наблюдателем-радистом Джорджем Тервином?,В 15:08 31 мая 1942 года лейтенант Дональдсон и его наблюдатель-радист Джордж Тервин поднялись в воздух на самолёте B-24 Liberator из состава 7-й бомбардировской группы ВВС США.,0.9546334644713866,Кто в 15:08 31 мая поднялся в воздух на самолёте лейтенанта Доналда вместе с наблюдателем-радистом Джорджем Тервином?
"Какую часть тела Порция, дочь Катона Утического, ранила ножом, чтобы доказать Бруту свою способность хранить его тайну?","Порция, дочь Катона Утического, ранила себя в бедро ножом, чтобы доказать своему мужу Марку Юнию Бруту, что она способна хранить его тайны и не выдавать их даже под пыткой.",0.009323893886108077,"Какую часть тела Порция, дочь Катона Утического, ранила ножом, чтобы доказать Бруту свою способность хранить его тайну?"
Какое звание в 1941 году было присвоено Александру Джапаридзе?,В 1941 году Александру Джапаридзе было присвоено звание Героя Советского Союза.,0.12551504786351408,Какое звание в 1941 году было присвоено Александру Джапаридзе?
В каком году немецкая компания Egmont Manga & Anime приобрела права на публикацию манги по игре Legend of Mana на территории Германии?,"Немецкая компания Egmont Manga & Anime приобрела права на публикацию манги по игре ""Legend of Mana"" в 2003 году.",0.000735840155902176,В каком году немецкая компания Egmont Manga & Anime приобрела права на публикацию манги по игре Legend of Mana на территории Германии?
Где у киноринх открывается анальное отверстие?,"У киноринхов анальное отверстие находится на переднем конце тела, сразу после ротовой полости.",0.3798282391280938,Где у киноринх открывается анальное отверстие?
Какой герой рассказа «Минута солнца» предотвращает гибель жука от лап кота Аркашки?,"В рассказе Константина Паустовского «Минуты солнца» главным героем является мальчик по имени Аркашка. Он случайно находит маленького жука и решает поиграть с ним. Однако его игра приводит к тому, что жук оказывается в опасности — он может быть съеден котом. В этот момент появляется другой персонаж — девочка Лена, которая спасает жука от гибели. Она забирает его у Аркашки и относит на безопасное место. Таким образом, именно Лена предотвращает гибель жука от лап кота Аркашки.",0.776121705631846,Какой герой рассказа «Минута солнца» предотвращает гибель жука от лап кота Аркашки?
Какое звание было присвоено Нине Афанасьевне Сазоновой 2 марта 1977 года?,2 марта 1977 года Нина Афанасьевна Сазонова была удостоена звания Героя Социалистического Труда.,0.010813796280811675,Какое звание было присвоено Нине Афанасьевне Сазоновой 2 марта 1977 года?
Как звали отца Шарипутры?,Отец Шарипутры был по имени Шакьямуни.,0.6657109032781422,Как звали отца Шарипутры?
"Какую красную PSP с изображением лица Кратоса на задней панели включила Sony в ограниченное издание God of War: Chains of Olympus, выпущенное 3 июня 2008 года в Северной Америке?","Sony выпустила ограниченное издание игры God of War: Chains of Olympus для PlayStation Portable (PSP) с красной консолью, на которой изображено лицо главного героя Кратоса. Это издание было выпущено 3 июня 2008 года в Северной Америке.",0.008915482386944147,"Какую красную PSP с изображением лица Кратоса на задней панели включила Sony в ограниченное издание God of War: Chains of Olympus, выпущенное 3 июня 2008 года в Северной Америке?"
Кто в 1971 году предложил проработать проект модернизации больших противолодочных кораблей проекта 1134-Б с заменой противолодочного ракетного комплекса на противокорабельный ракетный комплекс П-500 «Базальт»?,В 1971 году предложение о проработке проекта модернизации больших противолодочных кораблей проекта 1134-Б с заменой противолодочного ракетного комплекса на противокорабельный ракетный комплекс П-500 «Базальт» было сделано контр-адмиралом Николаем Ивановичем Савушкиным.,0.7684458711577453,Кто в 1971 году предложил проработать проект модернизации больших противолодочных кораблей проекта 1134-Б с заменой противолодочного ракетного комплекса на противокорабельный ракетный комплекс П-500 «Базальт»?
"Какое блюдо из меню учеников в ашраме Махариши в Ришикеше, где находились The Beatles, включало нохут, смешанный с семенами тмина?","Блюдо, которое ученики ашрама Махариши в Ришикеше готовили для себя и гостей, включая The Beatles, называлось ""нохут масала"" или ""нут масала"". Это блюдо состояло из нута (гороха), который был обжарен со специями, такими как семена тмина, кориандр, куркума, имбирь и чеснок.",0.9918946924623995,"Какое блюдо из меню учеников в ашраме Махариши в Ришикеше, где находились The Beatles, включало нохут, смешанный с семенами тмина?"
Какая функция была первоначально приписана экзосомам до открытий конца 1990-х годов?,"До открытий конца 1990-х годов экзосомы считались клеточными «мусорными баками», которые просто удаляли ненужные вещества из клетки.",0.7699594587406452,Какая функция была первоначально приписана экзосомам до открытий конца 1990-х годов?
"Кто, согласно легенде, считается изобретателем дымного пороха в Европе?","Согласно легенде, изобретателем дымного пороха в Европе считается монах-бенедиктинец Бертольд Шварц (нем. Berthold Schwarz).",0.05111260002597803,"Кто, согласно легенде, считается изобретателем дымного пороха в Европе?"
Когда был выпущен первый том ранобэ «Fate/Zero» в продажу?,Первый том ранобэ «Fate/Zero» был выпущен в продажу 25 сентября 2013 года.,0.22287446611441453,Когда был выпущен первый том ранобэ «Fate/Zero» в продажу?
Сколько рублей выделила Октябрьская железная дорога на восстановление паровоза серии С?,На восстановление паровоза серии С Октябрьской железной дороги было выделено 100 тысяч рублей.,0.9815372860626747,Сколько рублей выделила Октябрьская железная дорога на восстановление паровоза серии С?
Что Бендер принимает в подарок от Клэр в фильме «Клуб «Завтрак»»?,В фильме «Клуб «Завтрак»» Клэр дарит Бендлеру значок с надписью «Я люблю Нью-Йорк».,0.9988562806636038,Что Бендер принимает в подарок от Клэр в фильме «Клуб «Завтрак»»?
"Кто назвал Германское гражданское уложение «конечным продуктом скорее XIX века, нежели начала XX века»?","Германское гражданское уложение было названо «конечным продуктом скорее XIX века, нежели начала XX века», по мнению немецкого юриста Рудольфа фон Иеринга.",0.9934246912888114,"Кто назвал Германское гражданское уложение «конечным продуктом скорее XIX века, нежели начала XX века»?"
"В каком комиксе и в каком месяце 1959 года, по мнению историка Крейга Шатта, Марсианский Охотник стал супергероем?","По мнению историка Крейга Шатта, Марсианский Охотник впервые появился как супергерой в комиксе ""Justice League of America"" #1, который вышел в марте 1960 года.",0.4133990970844376,"В каком комиксе и в каком месяце 1959 года, по мнению историка Крейга Шатта, Марсианский Охотник стал супергероем?"
Какой коэффициент на победу Владимира Кличко в бою с Хасимом Рахманом предлагала букмекерская контора «William Hill»?,"Коэффициент на победу Владимира Кличко в бою с Хасимом Рахманом, который предлагала букмекерская контора «William Hill», составлял 1.35.",0.2347245996655109,Какой коэффициент на победу Владимира Кличко в бою с Хасимом Рахманом предлагала букмекерская контора «William Hill»?
"В каком году лес, ставший Пискарёвским парком, был официально признан пригородным парком?","Лес, который впоследствии стал Пискарёвским парком, был официально признан пригородным парком в 1938 году.",0.18189159401417865,"В каком году лес, ставший Пискарёвским парком, был официально признан пригородным парком?"
"В каком году, согласно биографии, возможно, родилась Маргарет Драммонд?","Согласно биографическим данным, Маргарет Драммонд могла родиться в 1750-х годах.",0.8973004883543859,"В каком году, согласно биографии, возможно, родилась Маргарет Драммонд?"
"Какой исследователь в 1967 году утверждал, что Павсаний был охвачен стремлением к тираническому господству и имел целью завоевание всей Эллады?","В 1967 году британский историк и археолог Джон Бордман утверждал, что Павсаний был охвачен стремлением к тираническому господству и имел целью завоевание всей Эллады.",0.7675463132019951,"Какой исследователь в 1967 году утверждал, что Павсаний был охвачен стремлением к тираническому господству и имел целью завоевание всей Эллады?"
"Когда была опубликована последняя, 122-я глава фанфика «Гарри Поттер и методы рационального мышления»?","Последняя, 122-я глава фанфика «Гарри Поттер и методы рационального мышления» была опубликована 30 июня 2015 года.",0.006017393002063746,"Когда была опубликована последняя, 122-я глава фанфика «Гарри Поттер и методы рационального мышления»?"
"В какой стране, согласно книге «Почему одни страны богатые, а другие бедные», принятие закона, отчуждавшего 87% земель у коренных жителей в пользу белых фермеров, привело к формированию «двойственной экономики»?","Согласно книге «Почему одни страны богатые, а другие бедные», принятие закона, отчуждавшего 87% земли у коренных жителей в пользу белых фермеров, привело к формированию «двойственной экономики» в Южной Африке.",0.013144911852100462,"В какой стране, согласно книге «Почему одни страны богатые, а другие бедные», принятие закона, отчуждавшего 87% земель у коренных жителей в пользу белых фермеров, привело к формированию «двойственной экономики»?"
Кто предложил стратегию удержания Фермопильского ущелья сухопутными силами и контроля пролива у мыса Артемисий морскими силами во время вторжения Ксеркса в 480 г. до н. э.?,Стратегию удержания Фермопильского ущелья сухопутными силами и контроля пролива у мыса Артемисий морскими силами во время вторжения Ксеркса в 480 году до нашей эры предложили спартанский царь Леонид I и афинский стратег Фемистокл.,0.0061020609117898575,Кто предложил стратегию удержания Фермопильского ущелья сухопутными силами и контроля пролива у мыса Артемисий морскими силами во время вторжения Ксеркса в 480 г. до н. э.?
"Кто в экспедиции Нансена и Юхансена следил за двумя нартами, на которых находились каяк и основная часть провианта?","В экспедиции Фритьофа Нансена и Адольфа Эрика Йохансена, которая состоялась в 1893–1896 годах, за двумя нартами, на которых находился каяк и основная часть провианта, следовал **Георг Стубберуд**.",0.9070150359757599,"Кто в экспедиции Нансена и Юхансена следил за двумя нартами, на которых находились каяк и основная часть провианта?"
Какую песню группа Skillet выбрала в качестве заглавного сингла с альбома «Awake»?,"Skillet выбрали песню ""Hero"" в качестве заглавного сингла с альбома ""Awake"".",0.06347803209112664,Какую песню группа Skillet выбрала в качестве заглавного сингла с альбома «Awake»?
В каком году Wayback Machine стал доступен для общественности?,Wayback Machine был запущен в 2001 году и стал общедоступным с момента своего запуска.,0.04256048022040052,В каком году Wayback Machine стал доступен для общественности?
Какой музыкальный стиль и творчество американского исполнителя Принса оказали влияние на композиции альбома Body Language Кайли Миноуг?,"## Влияние музыки Принса на альбом «Body Language» Кайли Миноуг

Альбом **«Body Language»** Кайли Миноуг, выпущенный в 1987 году, стал знаковым шагом в её карьере, демонстрируя более зрелый и экспериментальный подход к поп-музыке. Одним из ключевых источников вдохновения для этого альбома стала музыка американского артиста **Принса**. 

### Основные аспекты влияния Принса на «Body Language»

1. **Музыкальные стили**
   - Принс был мастером слияния различных жанров — фанка, ритм-н-блюза, рока и соула. Этот эклектичный подход нашёл отражение в альбоме «Body Language», где Кайли также смешивала элементы поп-музыки с элементами R&B и фанка.
   - Например, трек **“I Don’t Wanna”** демонстрирует ритмическую структуру и звучание, напоминающее фанк-рок, что было характерно для творчества Принса.

2. **Творчество и эксперименты**
   - Принс славился своей способностью экспериментировать с звучанием и структурой песен. Это вдохновило Кайли на смелые музыкальные решения в рамках своего альбома.
   - Альбом включает в себя как танцевальные треки, так и",0.32951943982335496,Какой музыкальный стиль и творчество американского исполнителя Принса оказали влияние на композиции альбома Body Language Кайли Миноуг?
В каком году решением Правительствующего сената и манифестом были сняты все обвинения с поручика Оде-де-Сиона по «делу Ружанского»?,Решение о снятии всех обвинений с поручика Оде-де-Сиона по «делу Ружанского» было принято в 1803 году.,0.7362192704066263,В каком году решением Правительствующего сената и манифестом были сняты все обвинения с поручика Оде-де-Сиона по «делу Ружанского»?
"Какой киновед в 1997 году нашёл в Национальной библиотеке Венгрии книгу 1924 года, содержащую адаптированный сценарий фильма «Смерть Дракулы» (1921)?","В 1997 году киновед Питер Хоббс обнаружил в Национальной библиотеке Венгрии книгу 1924 года, содержащую адаптированный сценарий фильма «Смерть Дракулы» (1921).",0.99800394604456,"Какой киновед в 1997 году нашёл в Национальной библиотеке Венгрии книгу 1924 года, содержащую адаптированный сценарий фильма «Смерть Дракулы» (1921)?"
Какой городок доступен в базовой версии игры The Sims 3 без дополнений?,"В базовой версии игры The Sims 3 доступны следующие городки:

1. **Оазун-Спрингс** — небольшой городок с разнообразными локациями и возможностями для создания семьи.
2. **Миднайт-Крик** — более крупный городок с большим количеством возможностей для жизни и работы.
3. **Сан-Мигель** — маленький городок с уютной атмосферой и множеством интересных мест.
4. **Бриджпорт** — большой и динамичный город с высоким уровнем жизни и множеством развлечений.
5. **Фонтенбло** — живописный городок с красивой природой и спокойной атмосферой.
6. **Грандвью** — классический американский городок с традиционными домами и улицами.
7. **Луна-Таун** — необычный городок с мистической атмосферой и загадочными местами.
8. **Сэндстоун** — тихий городок с дружелюбными жителями и красивыми пейзажами.
9. **Кристал-Фоллз** — красивый городок с озером и лесом, идеален для любителей природы.
10. **Хейвен-Хилл** — городок с богатой историей и множеством достопримечательностей.

Эти города можно выбрать при создании нового персонажа или загрузить из меню игры.",0.9301112455636461,Какой городок доступен в базовой версии игры The Sims 3 без дополнений?
"Когда КГБ официально признало, что Левашовская пустошь является местом захоронений жертв политических репрессий?",КГБ официально признал Левашовскую пустошь местом захоронения жертв политических репрессions в 1989 году.,0.019374828824269594,"Когда КГБ официально признало, что Левашовская пустошь является местом захоронений жертв политических репрессий?"
Какова численность населения Молдавской Автономной Советской Социалистической Республики по данным переписи 1939 года?,Численность населения Молдавской Автономной Советской Социалистической Республики по данным переписи 1939 года составляла **2 068 475 человек**.,0.4525901561712034,Какова численность населения Молдавской Автономной Советской Социалистической Республики по данным переписи 1939 года?
На какой двигатель был заменён паровой механизм корабля «Фрам» при его переоборудовании в 1909 году?,В 1909 году на корабль «Фрам» был установлен дизельный двигатель вместо парового механизма.,0.03098960206604796,На какой двигатель был заменён паровой механизм корабля «Фрам» при его переоборудовании в 1909 году?
Кто в «Божественной комедии» поместил Марка Юния Брута вместе с Кассием в девятый круг ада?,"В поэме Данте Алигьери «Божественная комедия», написанной в начале XIV века, Марк Юний Брут и Гай Кассий Лонгин были помещены в девятом круге ада, который называется Коцит. В этом кругу находятся предатели, которые нарушили верность своим государям или согражданам.",0.624168643979156,Кто в «Божественной комедии» поместил Марка Юния Брута вместе с Кассием в девятый круг ада?
В каком году был создан самостоятельный египетский отдел в Британском музее?,Самостоятельный египетский отдел в Британском музее был создан в 1892 году.,0.0581795708533188,В каком году был создан самостоятельный египетский отдел в Британском музее?
Кто в сюжете «Зачистка» убил Андрея Радова?,В сюжете сериала «Зачистка» Андрей Радов был убит членом банды «Чёрные коты».,0.9998289269782753,Кто в сюжете «Зачистка» убил Андрея Радова?
На каком месте по количеству известных переводов на 2017 год находится текст песни «Я не люблю» среди всех произведений Владимира Высоцкого?,"По состоянию на 2017 год, текст песни «Я не люблю» занимает первое место по количеству известных переводов на английском языке среди всех произведений Владимира Высоцкого.",0.12073200339094627,На каком месте по количеству известных переводов на 2017 год находится текст песни «Я не люблю» среди всех произведений Владимира Высоцкого?
Кто в 1438 году развернул в Дареме военные действия из-за назначения Роберта Невилла епископом?,В 1438 году в Дареме военные действия были развернуты против епископа Роберта Невилла.,0.8904036458328495,Кто в 1438 году развернул в Дареме военные действия из-за назначения Роберта Невилла епископом?
В каком году Сестрорецк получил статус города?,Сестрорецк получил статус города в 1723 году.,0.002599181022080255,В каком году Сестрорецк получил статус города?
В январе 1955 года законопроект о присвоении звания генерала армии был вынесен на рассмотрение Конгресса США в честь какого генерала?,В январе 1955 года законопроект о присвоении звания генерала армии был вынесен на рассмотрение Конгресса США в честь Дугласа Макартура.,0.008015881413090684,В январе 1955 года законопроект о присвоении звания генерала армии был вынесен на рассмотрение Конгресса США в честь какого генерала?
Где утонул султан Рума Кылыч-Арслан I в 1107 году после поражения в битве со своими мятежными эмирами?,Султан Рума Кылыч-Арслан I утонул в реке Гёксу в 1107 году после поражения в битве со своими мятежными эмирами.,0.3933729803018572,Где утонул султан Рума Кылыч-Арслан I в 1107 году после поражения в битве со своими мятежными эмирами?
"Какой орган, сконцентрированный на голове рифовой акулы, позволяет ей улавливать электрическое поле?","Рифовая акула обладает органом, называемым ампулами Лоренцини, который расположен в её голове и позволяет ей улавливать электрические поля. Этот орган состоит из специализированных клеток, называемых электро-рецепторами, которые способны обнаруживать даже самые слабые электрические сигналы в воде. Это помогает акуле находить добычу, ощущая электрические импульсы от животных, находящихся поблизости.",0.592493494863847,"Какой орган, сконцентрированный на голове рифовой акулы, позволяет ей улавливать электрическое поле?"
В какую органеллу отправляются некоторые белки из шероховатого эндоплазматического ретикулума для дальнейшей модификации?,"Некоторые белки, которые синтезируются на рибосомах шероховатого эндоплазматического ретикулума (ЭР), направляются в аппарат Гольджи для дальнейшей модификации и сортировки. В частности, белки проходят через несколько стадий обработки в аппарате Гольджи, включая гликозилирование, фосфорилирование и другие посттрансляционные модификации. После этого они могут быть направлены к различным местам назначения внутри клетки или секретированы за её пределы.",0.5469448814037889,В какую органеллу отправляются некоторые белки из шероховатого эндоплазматического ретикулума для дальнейшей модификации?
Кого профессор Франческо-Аллесио Урсини назвал главным влиянием на художественный стиль и сеттинг манги «JoJo’s Bizarre Adventure»?,Профессор Франческо-Аллесио Урсини назвал главным влиянием на художественный стиль и сеттинг манги «JoJo’s Bizarre Adventure» работы художника Осаму Тэдзуки.,0.9682372532555478,Кого профессор Франческо-Аллесио Урсини назвал главным влиянием на художественный стиль и сеттинг манги «JoJo’s Bizarre Adventure»?
Кто в 1304 году осадил восставшего Чахиоглу в замке Девелухисар вместе с монгольским войском?,В 1304 году осада восставшего Чахиоглу в замке Девелухисар была проведена совместно турецким султаном Османом I и монгольским ханом Газаном.,0.5384596879200286,Кто в 1304 году осадил восставшего Чахиоглу в замке Девелухисар вместе с монгольским войском?
В каком городе и штате США состоялась мировая премьера фильма «Люди Икс: Начало. Росомаха»?,"Мировая премьера фильма «Люди Икс: Начало. Росомаха» состоялась в Лос-Анджелесе, штат Калифорния, США.",0.025003486592842225,В каком городе и штате США состоялась мировая премьера фильма «Люди Икс: Начало. Росомаха»?
"Когда в Норвегии был выпущен первый почтовый блок, посвящённый столетию «Почтового рожка»?","Первый почтовый блок, посвященный столетию «Почтового рожка», был выпущен в Норвегии 15 сентября 1974 года.",0.0775486095950702,"Когда в Норвегии был выпущен первый почтовый блок, посвящённый столетию «Почтового рожка»?"
В каком году Юрий Гагарин был удостоен воинского звания майор?,Юрий Гагарин получил звание майора в 1963 году.,0.007681758982441453,В каком году Юрий Гагарин был удостоен воинского звания майор?
Какова площадь озера Тоба вместе с островами Самосир и Пардапур?,Площадь озера Тоба вместе с островами Самосир и Пардапур составляет примерно 1079 квадратных километров.,2.376245568538635e-05,Какова площадь озера Тоба вместе с островами Самосир и Пардапур?
Когда Илона Монтаг вышла замуж за Белу Лугоши?,Илона Монтаг и Бела Лугоши поженились 15 ноября 1923 года в Будапеште.,0.2303032231115541,Когда Илона Монтаг вышла замуж за Белу Лугоши?
Какое английское название получила картина «Оттепель» Фёдора Васильева в официальном каталоге выставки 1872 года?,"Картина Фёдора Васильева под названием «Оттепель» была представлена на выставке в 1872 году и имела официальное английское название ""Thaw"".",0.020483068174601424,Какое английское название получила картина «Оттепель» Фёдора Васильева в официальном каталоге выставки 1872 года?
В каком году Чак Паланик окончил факультет журналистики Орегонского университета?,Чак Паланик окончил факультет журналистики Орегонского университета в 1986 году.,0.005339096295521944,В каком году Чак Паланик окончил факультет журналистики Орегонского университета?
В каком году после смерти Узун-Гасана Феодора Великая Комнина перестала упоминаться в документах?,"Феодор Великая Комнина перестала упоминаться в документах в 1478 году, через год после смерти Узун-Гасана.",0.5907702765018759,В каком году после смерти Узун-Гасана Феодора Великая Комнина перестала упоминаться в документах?
В каком месяце 1984 года компания America West Airlines впервые показала прибыльные результаты?,Компания America West Airlines впервые показала прибыльные результаты в **июне** 1984 года.,0.07130186811945265,В каком месяце 1984 года компания America West Airlines впервые показала прибыльные результаты?
Какой класс светимости на диаграмме Герцшпрунга — Рассела обозначается римской цифрой V?,"Класс светимости на диаграмме Герцшпрунга — Рассела, обозначаемый римской цифром V, называется **главной последовательностью**.",0.291647090509692,Какой класс светимости на диаграмме Герцшпрунга — Рассела обозначается римской цифрой V?
Какое событие стало последним для Алана Дзагоева за сборную России?,Последним матчем за национальную сборную России для Алана Дзагоева стал матч против сборной Франции в рамках Лиги наций УЕФА 2019 года. Этот матч состоялся 7 сентября 2019 года и завершился победой сборной России со счётом 3:1.,0.22575173372808208,Какое событие стало последним для Алана Дзагоева за сборную России?
Когда состоялось открытие трамвайного движения в Челябинске?,Трамвайное движение в Челябинске было открыто 16 октября 1934 года.,0.3803693737324412,Когда состоялось открытие трамвайного движения в Челябинске?
"Какой альбом из «Берлинской трилогии» Дэвида Боуи был единственным, полностью записанным в Берлине?","Единственным альбомом из «Берлинской трилогии», который был полностью записан в Берлине, является **«Low»** (1977).",0.09529481238598664,"Какой альбом из «Берлинской трилогии» Дэвида Боуи был единственным, полностью записанным в Берлине?"
"Кто командовал федеральными пикетами у переправы Маккой-Форд, которые были атакованы и рассеяны отрядом лейтенанта Хокспилла Филлипса во время Второго рейда Стюарта вокруг Макклеллана?","Федеральные пикеты у переправы Маккой-Форд, которые были атакованы и рассеяны отрядом лейтенанта Хокспилла Филлипса во время Второго рейда Стюарта вокруг Макклеллана, возглавлял полковник Джон Б. Уотсон.",0.9950894412761176,"Кто командовал федеральными пикетами у переправы Маккой-Форд, которые были атакованы и рассеяны отрядом лейтенанта Хокспилла Филлипса во время Второго рейда Стюарта вокруг Макклеллана?"
Какая сцена изображена на внутренней стороне левого крыла алтаря Святой Марии в дортмундской церкви Святой Марии?,"На внутренней стороне левого крыла алтаря Святой Марии в Дортмундской церкви Святой Марии изображена сцена ""Распятие Христа"".",0.0671602816168101,Какая сцена изображена на внутренней стороне левого крыла алтаря Святой Марии в дортмундской церкви Святой Марии?
"Кто командовал британским отрядом, захватившим перевал Пейвар-Котал 2 декабря 1878 года во время Сражения за перевал Пейвар-Котал?","Командиром британского отряда, захватившего перевал Пейвар-Котал 2 декабря 1878 года во время Сражения за перевал Пейвар-Котал, был генерал-майор сэр Фредерик Робертс.",0.7248459864427846,"Кто командовал британским отрядом, захватившим перевал Пейвар-Котал 2 декабря 1878 года во время Сражения за перевал Пейвар-Котал?"
"В каком году Леонард Эйлер опубликовал в журнале «Commentarii Academiae Scientiarum Imperialis Petropolitanae» заметку «О суммах обратных рядов», содержащую решение задачи о сумме ряда обратных квадратов?","Леонард Эйлер опубликовал свою знаменитую работу ""О суммах обратных рядов"" в 1734 году в журнале ""Commentarii Academiae Scientiarum Imperialis Petropolitanae"". В этой работе он решил задачу о сумме ряда обратных квадратов, показав, что эта сумма равна π²/6.",0.012556312758795509,"В каком году Леонард Эйлер опубликовал в журнале «Commentarii Academiae Scientiarum Imperialis Petropolitanae» заметку «О суммах обратных рядов», содержащую решение задачи о сумме ряда обратных квадратов?"
Кто в 224 году пришёл к власти в Иране как основатель династии Сасанидов?,"В 224 году к власти в Иране пришёл Ардашир I, который стал основателем династии Сасанидов.",0.0023603870340015987,Кто в 224 году пришёл к власти в Иране как основатель династии Сасанидов?
Сколько спутников Сатурна было известно по состоянию на октябрь 2019 года?,По состоянию на октябрь 2019 года было известно около 83 естественных спутника Сатурна.,0.0015634817350026237,Сколько спутников Сатурна было известно по состоянию на октябрь 2019 года?
В честь какого генерал-фельдмаршала был назван линейный крейсер «Макензен»?,Линейный крейсер «Макензен» был назван в честь немецкого фельдмаршала Эриха фон Макензена.,0.08697232590725644,В честь какого генерал-фельдмаршала был назван линейный крейсер «Макензен»?
В каком году был построен Троицкий собор в Троице-Сергиевой лавре?,Троицкий собор в Троице-Сергиевой лавре был построен в 1423 году.,0.0005385425408610496,В каком году был построен Троицкий собор в Троице-Сергиевой лавре?
В какие годы Елизавета Алексеевна Арсеньева везла внука Михаила Лермонтова на Кавказ для восстановления его здоровья?,"Елизавета Алексеевна Арсеньева неоднократно возила своего внука Михаила Юрьевича Лермонтова на Кавказ с целью улучшения его здоровья. В частности, она привезла его в Пятигорск и Кисловодск в 1820 году, когда ему было около 13 лет. Эти поездки были связаны с тем, что у Лермонтова были проблемы со здоровьем, включая частые простуды и головные боли.",0.5427930000877222,В какие годы Елизавета Алексеевна Арсеньева везла внука Михаила Лермонтова на Кавказ для восстановления его здоровья?
Какого рейтинга Ассоциация кинокомпаний присвоила фильму «Человек-паук 2»?,Фильм «Человек-паук 2» получил рейтинг PG-13 от Ассоциации кинокомпаний (MPAA).,0.139556576249571,Какого рейтинга Ассоциация кинокомпаний присвоила фильму «Человек-паук 2»?
"Кто был помощником адвоката защиты, получившего должность генерального солиситора после суда над Эрнстом Парком в скандале вокруг борделя на Кливленд-стрит?","Помощником адвоката защиты, который получил должность генерального солиситора после суда над Эрнстом Парком в скандале вокруг борделя на Кливленд-стрит, был сэр Эдвард Кларк.",0.8256798682026669,"Кто был помощником адвоката защиты, получившего должность генерального солиситора после суда над Эрнстом Парком в скандале вокруг борделя на Кливленд-стрит?"
Кого В. Г. Фёдоров предположил автором «Слова о полку Игореве»?,"В. Г. Фёдоров предположил, что автором «Слова о полку Игореве» был киевский князь Святослав Ярославич.",0.18149489829483015,Кого В. Г. Фёдоров предположил автором «Слова о полку Игореве»?
"Сколько исков против компаний BP, Transocean Ltd., Cameron International и других аффилированных компаний было подано в суды штатов Луизиана, Техас, Алабама, Флорида и Миссисипи по состоянию на август 2010 года в связи с аварией на нефтяной платформе Deepwater Horizon?","По состоянию на август 2010 года, после аварии на нефтяной платформе Deepwater Horizon, было подано более 350 исков против компаний BP, Transocean Ltd., Cameron International и других аффилированных компаний в судах штатов Луизиана, Техас, Алабама, Флорида и Миссисипи.",0.07780455283668938,"Сколько исков против компаний BP, Transocean Ltd., Cameron International и других аффилированных компаний было подано в суды штатов Луизиана, Техас, Алабама, Флорида и Миссисипи по состоянию на август 2010 года в связи с аварией на нефтяной платформе Deepwater Horizon?"
"Кто является автором поэмы «Вопль», считающейся самым известным произведением бит-поколения?",Автором поэмы «Вопль» считается Аллен Гинзберг.,9.538656322554023e-05,"Кто является автором поэмы «Вопль», считающейся самым известным произведением бит-поколения?"
Кто одержал решительную победу в битве под Ярославлем в ходе Войны за объединение Галицко-Волынского княжества в 1245 году?,В битве под Ярославлем в 1245 году одержала победу коалиция князей во главе с Даниилом Романовичем Галицким против монгольских войск и их союзников.,0.33523149198928215,Кто одержал решительную победу в битве под Ярославлем в ходе Войны за объединение Галицко-Волынского княжества в 1245 году?
Какой орган власти в Соединённых княжествах Молдавии и Валахии являлся высшим исполнительным органом?,В Соединённом княжестве Молдавии и Валахии высшим исполнительным органом был **Совет министров**.,0.2707402160203741,Какой орган власти в Соединённых княжествах Молдавии и Валахии являлся высшим исполнительным органом?
"Как в мозаиках Палатинской капеллы, изображающих Крещение Господне, выглядит река Иордан из-за отсутствия перспективы?","В мозаиках Палатинской капеллы, изображающих Крещение Господне, река Иордан представлена без использования перспективы. Это означает, что изображение реки не имеет глубины и объема, а все элементы расположены на одной плоскости. Река Иордан показана как плоская линия, проходящая через композицию мозаики.",0.7084122343583055,"Как в мозаиках Палатинской капеллы, изображающих Крещение Господне, выглядит река Иордан из-за отсутствия перспективы?"
Какой брак в середине XII века привёл к переходу винодельческого региона Бордо под власть английской короны и способствовал распространению понятия «кларет» в Англии?,"В середине XII века произошел брак между Алиенорой Аквитанской и Генрихом II Плантагенетом, который привел к переходу винодельческого региона Бордо под власть английской короны. Этот брак стал одним из ключевых событий, которые привели к возникновению огромной империи Плантагенетов, включавшей Англию, большую часть Франции и другие территории. В результате этого брака английские монархи стали владеть огромными территориями во Франции, включая регион Бордо, известный своими высококачественными винами.",0.0006504351563804126,Какой брак в середине XII века привёл к переходу винодельческого региона Бордо под власть английской короны и способствовал распространению понятия «кларет» в Англии?
В каком году Малавский султанат был окончательно включён в состав Империи Великих Моголов?,Малавский султанат был окончательно включён в состав Империи Великих Моголов в 1598 году.,0.022005296648375024,В каком году Малавский султанат был окончательно включён в состав Империи Великих Моголов?
В каком году в здании управления Угличской ГЭС был открыт музей российской гидроэнергетики?,Музей российской гидроэнергетики был открыт в 2015 году в здании управления Угличской ГЭС.,0.024247463440054483,В каком году в здании управления Угличской ГЭС был открыт музей российской гидроэнергетики?
Каково общее количество марок в марочном листе размером 10×10?,Марочный лист размером 10×10 содержит 100 марок.,0.01819259326357264,Каково общее количество марок в марочном листе размером 10×10?
Какой вид головоногих моллюсков входит в рацион узкозубой акулы?,"В рацион узкозубой акулы входят различные виды головоногих моллюсков, такие как кальмары и осьминоги.",0.002278727390878658,Какой вид головоногих моллюсков входит в рацион узкозубой акулы?
"Как называется ранний образ Шивы, который зародился во II—I веках до н. э. и представлен статуей Шива-линга-мурти из Гудималлама?","Ранний образ Шивы, который зародился во II—I веках до н. э. и представлен статуей Шива-линга-мурти из Гудималлама, называется **Шива-лингам**.",0.5216386220056483,"Как называется ранний образ Шивы, который зародился во II—I веках до н. э. и представлен статуей Шива-линга-мурти из Гудималлама?"
"Каким товаром, использовавшимся также в качестве валюты, торговали майя, доставляя его на рынок на каноэ или в корзинах на спинах?","Товаром, который использовали майя как валюту и доставляли на рынок на каноэ или в корзинах на спинах, были какао-бобы.",0.10195985524929636,"Каким товаром, использовавшимся также в качестве валюты, торговали майя, доставляя его на рынок на каноэ или в корзинах на спинах?"
"Кто командовал Кавказским корпусом в августе, когда было принято решение снять осаду Эривани и отойти в горы?",В августе 1827 года Кавказский корпус под командованием генерала Ивана Паскевича принял решение снять осаду Эривани и отойти в горы.,0.8880274611377872,"Кто командовал Кавказским корпусом в августе, когда было принято решение снять осаду Эривани и отойти в горы?"
Кто написал предисловие под заглавием «Объективность и субъективность в поэзии» к первому сборнику стихов Марии Людвиговны Моравской «На пристани»?,Предисловие под заглавием «Объективность и субъективность в поэзии» к первому сборнику стихов Марии Людвиговны Моравской «На пристани» было написано Максимом Горьким.,0.04320076200111385,Кто написал предисловие под заглавием «Объективность и субъективность в поэзии» к первому сборнику стихов Марии Людвиговны Моравской «На пристани»?
Какова средняя влажность воздуха в городе Беэр-Шева?,"## Средняя влажность воздуха в городе Беэр-Шева

### Общая информация о климате Беэр-Шевы

Беэр-Шева — город на юге Израиля, расположенный в пустыне Негев. Климат здесь характеризуется жарким летом и мягкой зимой. Влажность воздуха может значительно варьироваться в зависимости от сезона и времени суток.

### Средние показатели влажности

Средняя относительная влажность воздуха в Беэр-Шеве составляет примерно **50–60%** круглый год. Однако эти значения могут меняться в течение дня и по сезонам:

- Летом (июнь-август): влажность обычно снижается до 30–40%, особенно во второй половине дня.
- Зимой (декабрь-февраль): влажность возрастает до 60–70%.

### Факторы, влияющие на влажность

1. **Сезонные изменения**: Лето — сухой сезон, зима — более влажный период.
2. **Время суток**: Утром влажность выше, чем днём, когда воздух прогревается и испарение увеличивается.
3. **Географическое положение**: Близость к пустынным районам влияет на общую сухость воздуха.

---

Таким образом, средняя влажность воздуха в Беэр-Шеве колеблется в пределах **50–60",0.022625583142349127,Какова средняя влажность воздуха в городе Беэр-Шева?
"Кого из стран Антанты выбрал Сан-Джулиано для переговоров в августе 1914 года, поскольку его правительство было единственным, которому маркиз действительно доверял?","В августе 1914 года, во время Первой мировой войны, Италия объявила о своем нейтралитете и начала переговоры с союзниками по Антанте. Однако, несмотря на это, итальянский министр иностранных дел Сидонио Сан-Джулиано решил выбрать одну страну для проведения переговоров, так как он был уверен, что ее правительство является наиболее надежным и заслуживающим доверия.

Сан-Джулиано выбрал Францию для проведения этих переговоров. Он считал, что Франция была наиболее подходящей страной для этого, потому что она имела тесные связи с Италией и была готова поддержать итальянские интересы. Кроме того, Франция была одной из основных участников Антанты, что делало ее важным партнером в переговорах.

Таким образом, Сан-Джулиано выбрал Францию для проведения переговоров в августе 1914 года, основываясь на своих убеждениях о надежности и готовности Франции поддерживать итальянские интересы.",0.6842914019889859,"Кого из стран Антанты выбрал Сан-Джулиано для переговоров в августе 1914 года, поскольку его правительство было единственным, которому маркиз действительно доверял?"
Какую площадь в Центральном районе Твери называют бывшей Восьмиугольной площадью?,Бывшую Восьмиугольную площадь в Центральном районе Твери теперь называют **Тракторной площадью**.,0.5232676130379142,Какую площадь в Центральном районе Твери называют бывшей Восьмиугольной площадью?
Кем была выдвинута идея создания Американского музея естественной истории в 1861 году?,Идея создания Американского музея естественной истории была выдвинута натуралистом и ученым Александром Агассисом в 1861 году.,0.3429911782482458,Кем была выдвинута идея создания Американского музея естественной истории в 1861 году?
"В какой суннитской школе исламского права жертва изнасилования могла обратиться в суд, так как это преступление рассматривалось не только как нарушение божественных предписаний, но и как имущественное?","В суннитском праве существует несколько школ, каждая из которых имеет свои особенности в трактовке преступлений против личности, включая изнасилование. Однако, если рассматривать вопрос относительно возможности жертвы изнасилования обратиться в суд, то наиболее подходящей является школа **ханбалитского мазхаба**.

### Ханбалитский мазхаб

Ханбалиты рассматривают изнасилование не только как нарушение божественных предписаний, но и как преступление, нарушающее право собственности на тело человека. В этом контексте жертва может обратиться в суд для защиты своих прав и получения компенсации за причинённый ущерб.

#### Ключевые аспекты ханбалитского подхода:
1. **Имущественный аспект**: Изнасилование рассматривается как посягательство на собственность жертвы, что позволяет ей подать иск в суд.
2. **Божественные предписания**: Помимо имущественного аспекта, изнасилование также считается нарушением божественных законов, что усиливает ответственность виновного.
3. **Право на компенсацию**: Жертва имеет право требовать возмещения ущерба, который включает моральный вред и другие последствия преступления.

Таким образом, в рамках ханбалитского мазхаба жертва изнасилования действительно может обратиться в суд, чтобы защитить свои права и получить справедливую компенсацию.",0.12450915792696544,"В какой суннитской школе исламского права жертва изнасилования могла обратиться в суд, так как это преступление рассматривалось не только как нарушение божественных предписаний, но и как имущественное?"
Кто является самым крупносерийным типом надводного боевого корабля с полным водоизмещением более 5000 тонн за всю послевоенную историю флота на май 2010 года?,"Самым крупносерийным типом надводного боевого корабля с полным водоизмещением более 5000 тонн за всю послевоенную историю флота на май 2010 года является американский эсминец класса ""Арли Бёрк"" (Arleigh Burke-class destroyer).",0.031850091356485276,Кто является самым крупносерийным типом надводного боевого корабля с полным водоизмещением более 5000 тонн за всю послевоенную историю флота на май 2010 года?
"В какое время года, обычно в конце июля, после периода латентного лёта, бабочки тополёвого ленточника вновь начинают встречаться, но исключительно в виде самок?","Обычно бабочки тополёвого ленточника встречаются в конце лета, примерно в августе-сентябре, а не в июле. В это время они могут быть как самцами, так и самками.",0.9815651617664654,"В какое время года, обычно в конце июля, после периода латентного лёта, бабочки тополёвого ленточника вновь начинают встречаться, но исключительно в виде самок?"
"Кто дал название закону больших чисел, доказанному Якобом Бернулли в трактате «Искусство предположений»?","Название ""закон больших чисел"" было дано французским математиком Симоном Пуассоном в 1837 году.",0.04216816889248211,"Кто дал название закону больших чисел, доказанному Якобом Бернулли в трактате «Искусство предположений»?"
В каком году курорт Аршан стал курортом федерального значения?,Курорт Аршан в Республике Бурятия был признан курортом федерального значения в 1970 году.,0.01281362191749994,В каком году курорт Аршан стал курортом федерального значения?
В каком году умер Даниил Семёнович Данин?,Даниил Семёнович Данин скончался 18 ноября 2000 года.,0.024889057037915302,В каком году умер Даниил Семёнович Данин?
В декабре 2025 года были запущены четыре спутника-демонстратора с каким названием для длительных экспериментов на сверхнизкой орбите?,"Спутники-демонстраторы, запущенные в декабре 2025 года для проведения длительных экспериментов на сверхнизкой орбите, получили название **""Сфера"".**",0.8724876686599624,В декабре 2025 года были запущены четыре спутника-демонстратора с каким названием для длительных экспериментов на сверхнизкой орбите?
Кто создал американский комедийный мультсериал «Южный Парк»?,Американский комедийный мультсериал «Южный Парк» был создан двумя братьями Трейем Паркером и Мэттом Стоуном.,0.004167783971577205,Кто создал американский комедийный мультсериал «Южный Парк»?
"Как называлась организация сторонников Пифагора, сформировавшаяся в греческой колонии Кротон?","Организация сторонников Пифагора, сформировавшаяся в греческой колонии Кротон, называлась пифагорейским союзом или пифагорейской школой.",0.006948350689066754,"Как называлась организация сторонников Пифагора, сформировавшаяся в греческой колонии Кротон?"
"Кто в понедельник, 2 января 1497 года, посетил церковь Санта-Мария-делле-Грацие и молился у могилы Бьянки Сфорца?","В понедельник, 2 января 1497 года, церковь Санта-Мария-делле-Грацие посетила Изабелла д'Эсте, принцесса из Мантуи. Она пришла туда, чтобы помолиться у могилы Бьянки Сфорцы, которая была её соперницей за внимание герцога Лодовико Сфорца.",0.7214274585033255,"Кто в понедельник, 2 января 1497 года, посетил церковь Санта-Мария-делле-Грацие и молился у могилы Бьянки Сфорца?"
Кем является главный антагонист в игре God of War (2005)?,"Главный антагонист игры ""God of War"" 2005 года — это бог войны Арес. Он выступает как основной противник главного героя Кратоса и играет ключевую роль в сюжете игры.",0.00517358613295637,Кем является главный антагонист в игре God of War (2005)?
Какое значение термина «Нохчий» приводит С. М. Броневский в работе «Новѣйшія географическія и историческія извѣстія о Кавказѣ» (Часть II) 1823 года?,В своей работе «Новѣйшія географическія и историческія извѣстія о Кавказѣ» (Часть II) 1823 года С. М. Броневский использует термин «Нохчий». В контексте его работы этот термин относится к чеченцам.,0.5684529659728537,Какое значение термина «Нохчий» приводит С. М. Броневский в работе «Новѣйшія географическія и историческія извѣстія о Кавказѣ» (Часть II) 1823 года?
"В каком году песня «Stay (Faraway, So Close!)» группы U2 поступила в продажу на международном уровне в качестве третьего сингла альбома Zooropa?","Песня «Stay (Faraway, So Close!)» группы U2 поступила в продажу на международном уровне в качестве третьего сингла альбома Zooropa в 1993 году.",0.0020570703167675833,"В каком году песня «Stay (Faraway, So Close!)» группы U2 поступила в продажу на международном уровне в качестве третьего сингла альбома Zooropa?"
В каком году кашмирский козёл Уильям Виндзор был понижен в должности до стрелка-фузилёра за неподобающее поведение на торжествах по случаю Дня рождения Королевы на Кипре?,Кашмирский козёл Уильям Виндзор был понижен в должности до стрелка-фузилёра в 2015 году за неподобающее поведение на торжествах по случаю Дня рождения Королевы на Кипре.,0.025135610363944183,В каком году кашмирский козёл Уильям Виндзор был понижен в должности до стрелка-фузилёра за неподобающее поведение на торжествах по случаю Дня рождения Королевы на Кипре?
"Кто в 1959 году нашёл Филиппа Федотовича Шкарина, который помог подтвердить авторство Алексея Мерцалова над произведением «Пальма Мерцалова»?","В 1959 году Филипп Федотович Шкариным был найден и опознан как автор произведения «Пальма Мерцалова», которое ранее приписывалось Алексею Мерцалову.",0.9609287536653464,"Кто в 1959 году нашёл Филиппа Федотовича Шкарина, который помог подтвердить авторство Алексея Мерцалова над произведением «Пальма Мерцалова»?"
Когда было подписано постановление Государственного комитета обороны СССР № 2484-с «О строительстве средних и малых гидростанций первой очереди на реках Урала»?,Постановление Государственного комитета обороны СССР № 2484-с «О строительстве средних и малых гидростанций первой очереди на реках Урала» было подписано 17 ноября 1943 года.,0.009436172366875866,Когда было подписано постановление Государственного комитета обороны СССР № 2484-с «О строительстве средних и малых гидростанций первой очереди на реках Урала»?
"Какое название носит фотография Фрэнка Мидоу Сатклиффа, датируемая 1885 годом по мнению Гэри Майкла Долта и Джейн Коркин, но известная в их книге под названием «Возбуждение»?","Фотография Фрэнка Мидоу Сатклиффа, датируемая 1885 годом, известна как «Возбуждение».",0.39652828332912293,"Какое название носит фотография Фрэнка Мидоу Сатклиффа, датируемая 1885 годом по мнению Гэри Майкла Долта и Джейн Коркин, но известная в их книге под названием «Возбуждение»?"
"В каком году был объявлен банкротом разработчик компьютерных игр, чьи права на серию Fate/Extra перешли к компании Marvelous Entertainment?","Разработчиком серии Fate/Extra является компания DeNA, которая объявила о банкротстве в 2015 году.",0.9874206649344394,"В каком году был объявлен банкротом разработчик компьютерных игр, чьи права на серию Fate/Extra перешли к компании Marvelous Entertainment?"
"Кем стал Стасандр, назначенный сатрапом Арии и Дрангианы на разделе в Трипарадисе, по отношению к Стасанору?",Стасандр стал сатрапом Арии и Дрангианы после раздела власти в Трипарадисе.,0.9891428601974799,"Кем стал Стасандр, назначенный сатрапом Арии и Дрангианы на разделе в Трипарадисе, по отношению к Стасанору?"
"В каком году Верховный суд США постановил, что журнал «One» может распространяться по почте из-за непрозрачной упаковки?","Верховный суд США постановил в 1958 году, что журнал «One» может распространяться по почте благодаря непрозрачной упаковке.",0.049046497480499385,"В каком году Верховный суд США постановил, что журнал «One» может распространяться по почте из-за непрозрачной упаковки?"
"Как называется процесс ограничения энергии дискретными значениями, который М. Планк использовал для объяснения излучения абсолютно чёрного тела?","Процесс ограничения энергии дискретными значениями, который М. Планк использовал для объяснения излучения абсолютно чёрного тела, называется **квантование энергии**.",0.008094907734955241,"Как называется процесс ограничения энергии дискретными значениями, который М. Планк использовал для объяснения излучения абсолютно чёрного тела?"
Кому была присуждена победа единогласным судейским решением в поединке между Владимиром Кличко и Султаном Ибрагимовым?,Победу единогласным судейским решением в поединке между Владимиром Кличко и Султаном Ибрагимовым одержал Владимир Кличко.,0.004449879736904018,Кому была присуждена победа единогласным судейским решением в поединке между Владимиром Кличко и Султаном Ибрагимовым?
"Кто, согласно гипотезе английских учёных Г. Парка и Д. Уормелла, был назван пифией самым мудрым человеком в период до 431 года до н. э.?","Согласно гипотезе английских учёных Г. Парка и Д. Уормелла, самым мудрым человеком в период до 431 года до н. э. был назван Сократ.",0.09604263885356648,"Кто, согласно гипотезе английских учёных Г. Парка и Д. Уормелла, был назван пифией самым мудрым человеком в период до 431 года до н. э.?"
В каком году в ходе XV Маккабиады из-за падения пешеходного моста в реку Яркон погибло 4 человека и пострадало 35?,1972 год,0.7969964356461193,В каком году в ходе XV Маккабиады из-за падения пешеходного моста в реку Яркон погибло 4 человека и пострадало 35?
Кто командовал византийскими войсками во время осады Рима (537—538)?,Во время осады Рима в 537–538 годах византийскими войсками командовал Велизарий.,0.013616312584595237,Кто командовал византийскими войсками во время осады Рима (537—538)?
Кто был коллегой Гнея Домиция Кальвина по консулату в 53 году до н. э.?,Гней Домиций Кальвин и Марк Эмилий Лепид были коллегами по консульству в 53 году до нашей эры.,0.003426075415410588,Кто был коллегой Гнея Домиция Кальвина по консулату в 53 году до н. э.?
Какой экзоном кодируется шарнирный участок андрогенового рецептора?,"## Экзоном кодирующий шарнирный участок андрогенового рецептора

### Общая информация о структуре и функции андрогенового рецептора

Андрогеновый рецептор (АР) — это ядерный гормональный рецептор, который играет ключевую роль в развитии и поддержании мужских половых признаков. Он состоит из нескольких доменов, каждый из которых выполняет специфическую функцию:

1. **Аминотерминальный домен** — отвечает за связывание с лигандами (андрогенами) и транскрипционную активность.
2. **Центральный ДНК-связывающий домен** — содержит два цинковые пальцы, которые обеспечивают специфическое связывание с ДНК.
3. **Шарнирный участок** — соединяет центральный домен с С-концевым трансактивирующим доменом.
4. **С-концевой трансактивирующий домен** — участвует в регуляции экспрессии генов-мишеней.

### Шарнирный участок и его экзонное кодирование

Шарнирный участок андрогенового рецептора представляет собой гибкую область, которая позволяет изменять конформацию белка при взаимодействии с лигандом. Этот участок включает в себя несколько экзонов, среди которых наиболее значимым является **экзон 6**.
",0.07071298555776519,Какой экзоном кодируется шарнирный участок андрогенового рецептора?
"Кто был наместником Македонии, потерпевшим поражение от Леосфена и вынужденным укрыться в Ламии?","Наместник Македонии, потерпевший поражение от Леосфена и вынужденный укрыться в Ламии, — это Антигон Одноглазый.",0.33397793722748403,"Кто был наместником Македонии, потерпевшим поражение от Леосфена и вынужденным укрыться в Ламии?"
"В каком спектакле, написанном по мотивам «Евгения Онегина», Тель-Авив представлен несерьёзным и полным жизни?","Спектакль, в котором Тель-Авив представлен несерьёзным и полным жизни городом, — это «Онегин» в постановке Романа Виктюка. В этой постановке город показан как место, где жизнь кипит, а люди живут настоящим моментом, что контрастирует с более серьёзными и меланхоличными образами других персонажей.",0.9989031559680853,"В каком спектакле, написанном по мотивам «Евгения Онегина», Тель-Авив представлен несерьёзным и полным жизни?"
"Сколько лет длился контракт, который Эрик Брюэр подписал с «Сент-Луис Блюз» 24 февраля 2007 года?",Эрик Брюэр подписал контракт с «Сент-Луис Блюз» на **5 лет**.,0.034121470040526576,"Сколько лет длился контракт, который Эрик Брюэр подписал с «Сент-Луис Блюз» 24 февраля 2007 года?"
Кто перевёл текст композиции «Victory Theme» из игры Final Fantasy XVI на древнегреческий язык?,Перевод текста композиции «Victory Theme» из игры Final Fantasy XVI на древнегреческий язык был выполнен автором перевода и лингвистом **Элеонорой Клеменс**.,0.9990086350276728,Кто перевёл текст композиции «Victory Theme» из игры Final Fantasy XVI на древнегреческий язык?
Какой город наиболее часто связывают с образом Вавилонской блудницы в Откровении согласно толкованию Б. Бауэра и советских историков религии?,"Город, который чаще всего ассоциируется с образом Вавилонской блудницы в Откровении Иоанна Богослова, по мнению немецкого теолога Карла Барта и советского историка религии Александра Щуцкого, — это Рим.",0.4641327570601948,Какой город наиболее часто связывают с образом Вавилонской блудницы в Откровении согласно толкованию Б. Бауэра и советских историков религии?
"Какой срок жизни Исаак Ньютон посвятил алхимическим исследованиям, согласно призыву Ричарда Уэстфолла 1975 года не недооценивать их?",Исаак Ньютон посвятил примерно 30 лет своей жизни алхимическим исследованиям.,0.12179086183938614,"Какой срок жизни Исаак Ньютон посвятил алхимическим исследованиям, согласно призыву Ричарда Уэстфолла 1975 года не недооценивать их?"
"В какой организации Элеонора Исааковна Лившиц, жена Эммануила Григорьевича Иоффе, работала куратором в 2000-е годы?","Элеонора Исааковна Лившиц, жена Эммануила Григорьевича Иоффе, работала куратором в 2000-е годы в Государственном Эрмитаже.",0.9250229171491537,"В какой организации Элеонора Исааковна Лившиц, жена Эммануила Григорьевича Иоффе, работала куратором в 2000-е годы?"
В каком году были пущены гидроагрегаты Верхне-Свирской ГЭС имени С. А. Казарова?,Гидроагрегаты Верхне-Свирской ГЭС имени С. А. Казарова были пущены в 1958 году.,0.0044830624677514655,В каком году были пущены гидроагрегаты Верхне-Свирской ГЭС имени С. А. Казарова?
"Какой фильм, по словам самого Бена Аффлека, он «сильно ненавидит» и назвал «немного глуповатым»?","По словам самого Бена Аффлека, он сильно ненавидит и называет немного глуповатым свой собственный фильм «Джо Грязь».",0.5000107357761827,"Какой фильм, по словам самого Бена Аффлека, он «сильно ненавидит» и назвал «немного глуповатым»?"
Какой тип перелома лучевой кости в типичном месте встречается в 70 % случаев?,Перелом лучевой кости в типичном месте чаще всего происходит по типу «перелома Коллеса». Этот перелом характеризуется смещением дистального фрагмента к тыльной стороне предплечья после падения на вытянутую руку с упором на ладонь.,0.7683344362617882,Какой тип перелома лучевой кости в типичном месте встречается в 70 % случаев?
Сколько раз переделывался портрет при создании воссозданного памятника Петру I в Воронеже?,При создании воссозданного памятника Петру I в Воронеже было произведено три попытки создания скульптуры.,0.9988417929789059,Сколько раз переделывался портрет при создании воссозданного памятника Петру I в Воронеже?
Когда была осуществлена депортация карачаевцев?,Депортация карачаевского народа произошла 2 ноября 1943 года.,0.044966001672603825,Когда была осуществлена депортация карачаевцев?
"К кому обратился Бертран, граф Тулузы, с просьбой разрешить спор о наследстве Раймунда, чтобы избежать большого сражения с Гийомом Иорданом и Танкредом?","Бертран, граф Тулузы, обратился к Папе Римскому Иннокентию II с просьбой разрешить спор о наследстве Раймунда, чтобы избежать большого сражения с Гийомом Иорданом и Танкредом.",0.006988259851392753,"К кому обратился Бертран, граф Тулузы, с просьбой разрешить спор о наследстве Раймунда, чтобы избежать большого сражения с Гийомом Иорданом и Танкредом?"
Какой курс указал диспетчер рейсу 663 в 18:25 во время Катастрофы DC-7 под Нью-Йорком?,"Диспетчер рейса 663 не указывал никакой курс, так как рейс 663 был отменен из-за погодных условий и не выполнялся в указанное время.",0.8732556331649066,Какой курс указал диспетчер рейсу 663 в 18:25 во время Катастрофы DC-7 под Нью-Йорком?
Кто в ноябре 1952 года провёл переговоры с Югославией от имени США в качестве заместителя главнокомандующего вооружёнными силами США в Европе?,В ноябре 1952 года заместитель главнокомандующего вооружёнными силами США в Европе генерал Лесли Гровс провёл переговоры с Югославией.,0.6048328900865345,Кто в ноябре 1952 года провёл переговоры с Югославией от имени США в качестве заместителя главнокомандующего вооружёнными силами США в Европе?
На каких растениях питаются гусеницы тутового шелкопряда?,Гусеницы тутового шелкопряда питаются листьями шелковицы (тутовника).,0.00022369202525721993,На каких растениях питаются гусеницы тутового шелкопряда?
"Как назывались смотры коров, которые проводились на острове Мадура и послужили основой для создания сапи-сонока?","Смотры коров, проводившиеся на острове Мадура, назывались **«сапо»**.",0.9838013106375143,"Как назывались смотры коров, которые проводились на острове Мадура и послужили основой для создания сапи-сонока?"
"В какой локации, доступной в дополнении Horizon Forbidden West: Burning Shores, находятся достопримечательности Лос-Анджелеса, включая знак Голливуда и Китайский театр?","Достопримечательности Лос-Анджелеса, такие как знак Голливуда и Китайский театр, находятся в локации **Hollywood** в дополнении Horizon Forbidden West: Burning Shores.",0.947043124150012,"В какой локации, доступной в дополнении Horizon Forbidden West: Burning Shores, находятся достопримечательности Лос-Анджелеса, включая знак Голливуда и Китайский театр?"
"Какое произведение Ильи Репина, начатое в 1883 году, было упомянуто в тексте вместе с картиной «Курсистка»?",В тексте упоминается картина Ильи Репина под названием «Не ждали».,0.3713733937607741,"Какое произведение Ильи Репина, начатое в 1883 году, было упомянуто в тексте вместе с картиной «Курсистка»?"
Кто был супругом принцессы Каролины Бранденбург-Ансбахской?,Супругом принцессы Каролины Бранденбург-Ансбахской был король Великобритании Георг II.,0.008049676795876783,Кто был супругом принцессы Каролины Бранденбург-Ансбахской?
Какую категорию статуса сохранения Международного союза охраны природы (МСОП) имеют все представители семейства Oreoicidae?,"Все представители семейства Oreoicidae имеют статус ""Вымирающие"" (Endangered) по классификации Международного союза охраны природы (МСОП).",0.5322400170979291,Какую категорию статуса сохранения Международного союза охраны природы (МСОП) имеют все представители семейства Oreoicidae?
"В каком году Понс, граф Триполи, совместно с королём Балдуином II осадил город Рафанию?",Понс де Тулуза и король Балдуин II Иерусалимский осадили город Рафания в 1137 году.,0.13093797171169969,"В каком году Понс, граф Триполи, совместно с королём Балдуином II осадил город Рафанию?"
Кто возглавляет неонацистскую организацию «Чёрная луна» в комиксе «Красная Фурия»?,В комиксе «Красная Фурия» (Red Fury) неонацистская организация «Чёрная Луна» возглавляется персонажем по имени **Ганс Шульц**.,0.9976422358865339,Кто возглавляет неонацистскую организацию «Чёрная луна» в комиксе «Красная Фурия»?
В каком году Пассаж-дю-Гуа был признан объектом национального достояния?,Пассаж-дю-Гуа был официально признан объектом национального достояния в 1979 году.,0.0001579317121321102,В каком году Пассаж-дю-Гуа был признан объектом национального достояния?
Кто был режиссёром британского мини-сериала 2005 года «Путешествие на край земли» по произведениям Уильяма Голдинга?,"Режиссёром британского мини-сериала 2005 года «Путешествие на краю земли», основанного на романах Уильяма Голдинга, является Дэвид Джонс.",0.010897976808633103,Кто был режиссёром британского мини-сериала 2005 года «Путешествие на край земли» по произведениям Уильяма Голдинга?
"Кем был Гуго IV дю Пюизе, который летом 1174 года высадился в Хартпуле с армией наёмников и рыцарей?","Гуго IV Дю Пюизе был французским рыцарем и кондотьером, известным своими военными походами и наемничеством. В 1174 году он возглавил армию наемников и рыцарей, которая высадилась в Хартпуле, Англия.",0.2956178384199773,"Кем был Гуго IV дю Пюизе, который летом 1174 года высадился в Хартпуле с армией наёмников и рыцарей?"
"Какую пьесу Джорджа Бернарда Шоу, позже адаптированную в мюзикл «Моя прекрасная леди», некоторые исследователи связывают с отношениями Дороти Дин и Фредерика Лейтона?","Пьеса ""Пигмалион"" Джорджа Бернарда Шоу связана с отношениями Дороти Дин и Фредерика Лейтона.",0.1722271649687104,"Какую пьесу Джорджа Бернарда Шоу, позже адаптированную в мюзикл «Моя прекрасная леди», некоторые исследователи связывают с отношениями Дороти Дин и Фредерика Лейтона?"
В каком произведении Гавриила Державина смерть Зиланта символизирует завоевание Казани войсками Ивана Грозного?,Смерть Зиланта в поэме Гавриила Державина «Водопад» символизирует завоевание Казани войсками Ивана Грозного.,0.7164323379324168,В каком произведении Гавриила Державина смерть Зиланта символизирует завоевание Казани войсками Ивана Грозного?
Какое прозвище разработчики в шутку дали героине Тифе Локхарт из игры Final Fantasy VII из-за её большой груди?,Разработчики шутливо прозвали Тифу Локхарт «Тифа-Большая-Грудь» (Tifa-Big-Tits).,0.9994135421160866,Какое прозвище разработчики в шутку дали героине Тифе Локхарт из игры Final Fantasy VII из-за её большой груди?
Какова оценочная численность популяции ирбисов в Китае по данным 1998 года?,Оценочная численность популяции снежных барсов (ирбисов) в Китае на 1998 год составляла примерно 2000 особей.,0.00010186835925922843,Какова оценочная численность популяции ирбисов в Китае по данным 1998 года?
В каком году в Японии состоялся выпуск игры Midnight Club: Street Racing?,Игра Midnight Club: Street Racing была выпущена в Японии 21 ноября 2000 года.,0.09324222245611094,В каком году в Японии состоялся выпуск игры Midnight Club: Street Racing?
Кем был учреждён наградной знак «Пик Ленина» в 1957 году?,Наградной знак «Пик Ленина» был учреждён Президиумом Верховного Совета СССР в 1957 году.,0.013851198878304778,Кем был учреждён наградной знак «Пик Ленина» в 1957 году?
В каком году была создана опера Клаудио Монтеверди «Возвращение Улисса на родину»?,"Опера Клаудио Монтеверди «Возвращение Улисса на родину», известная также как «Улисс в своем отечестве», была впервые представлена публике в 1640 году.",0.0024806000668065173,В каком году была создана опера Клаудио Монтеверди «Возвращение Улисса на родину»?
В каком году состоялась помолвка Гилфорда Дадли с Джейн Грей?,Помолвка Гилфорда Дадли и Джейн Грей состоялась в 1553 году.,0.03310537891691874,В каком году состоялась помолвка Гилфорда Дадли с Джейн Грей?
В каком году американский фильм «Солдат удачи» с Кларком Гейблом в главной роли вышел на экраны?,Фильм «Солдат удачи» с участием Кларка Гейбла вышел на экраны в 1957 году.,0.006810566745034411,В каком году американский фильм «Солдат удачи» с Кларком Гейблом в главной роли вышел на экраны?
За сборную какой страны играл Берни Слейвен в период с 1990 по 1993 год?,Берни Слейвен играл за сборную Канады в период с 1990 по 1993 год.,0.29703378160639254,За сборную какой страны играл Берни Слейвен в период с 1990 по 1993 год?
В каком году Александру Маринеско было посмертно присвоено звание Героя Советского Союза?,Звание Героя Советского Союза Александру Маринеску было посмертно присвоено в 1990 году.,0.01835181217974488,В каком году Александру Маринеско было посмертно присвоено звание Героя Советского Союза?
В каком году усадьбу Ярополец унаследовала внучка А. Загряжского Наталья Ивановна?,Усадьба Ярополец была унаследована Натальей Ивановной Загряжской в 1804 году.,0.3505441929244857,В каком году усадьбу Ярополец унаследовала внучка А. Загряжского Наталья Ивановна?
"Кто предложил закон, приведший к изгнанию Марка Туллия Цицерона из Рима?","Закон, который привел к изгнанию Марка Туллия Цицерона из Рима, был предложен трибуном Публием Клодием Пульхром в 58 году до н. э. Этот закон, известный как ""Lex Clodia de ambitu"" или ""Закон о роскоши"", предусматривал изгнание любого римского гражданина, который занимал должность магистрата и использовал свое положение для получения политической выгоды.",0.02319926149787713,"Кто предложил закон, приведший к изгнанию Марка Туллия Цицерона из Рима?"
На каком растении обитает вид муравьёв Allomerus decemarticulatus?,Вид муравьёв Allomerus decemarticulatus обитает на деревьях семейства Лавровые (Lauraceae).,0.016787221253555966,На каком растении обитает вид муравьёв Allomerus decemarticulatus?
"Кто является автором памятника русским добровольцам, открытого 5 ноября 2011 года в Вишеграде?","Автором памятника русским добровольцам, открытого 5 ноября 2011 года в Вишеграде, является скульптор Владимир Суровцев.",0.7679682425471559,"Кто является автором памятника русским добровольцам, открытого 5 ноября 2011 года в Вишеграде?"
Кому Толмид передал командование афинским флотом в 455 году до н. э.?,В 455 году до н. э. командующим афинским флотом стал Ксантипп.,0.47358424554819595,Кому Толмид передал командование афинским флотом в 455 году до н. э.?
В каком году британская Inchcape and Company поглотила торговую фирму Dodwell & Co.?,Британская компания Inchcape and Company приобрела торговую фирму Dodwell & Co. в 1905 году.,0.06287654379928921,В каком году британская Inchcape and Company поглотила торговую фирму Dodwell & Co.?
"Какую территорию, согласно «Хронике» Джона Гластонберийского, получил Кердик в качестве своего королевства после заключения договора с королём Артуром?","Согласно «Хронике» Джона Гластонберийского, Кердик получил в качестве своего королевства территорию, которая включала земли вокруг города Винчестер и прилегающие к нему области.",0.6292250290381205,"Какую территорию, согласно «Хронике» Джона Гластонберийского, получил Кердик в качестве своего королевства после заключения договора с королём Артуром?"
В каком году лидер «Ереван» проекта 48 затонул в результате прямого попадания противокорабельной ракеты КСЩ во время государственных испытаний?,Лидер эсминцев проекта 48 «Ереван» затонул в 1970 году в результате прямого попадания противокорабельной ракеты КСЩ во время государственных испытаний.,0.025212843444036317,В каком году лидер «Ереван» проекта 48 затонул в результате прямого попадания противокорабельной ракеты КСЩ во время государственных испытаний?
Против какой команды мужская сборная России по баскетболу проиграла в полуфинале летних Олимпийских игр 2012 года?,Мужская сборная России по баскетболу проиграла в полуфинале летних Олимпийских игр 2012 года команде США со счётом 64:75.,0.07284162235528654,Против какой команды мужская сборная России по баскетболу проиграла в полуфинале летних Олимпийских игр 2012 года?
На каком кладбище и в каком участке похоронена внучка Марии Фёдоровны Андреевой Светлана Юрьевна Желябужская?,"Светлана Юрьевна Желябужская похоронена на Ваганьковском кладбище в Москве, участок № 10.",0.05096415381621032,На каком кладбище и в каком участке похоронена внучка Марии Фёдоровны Андреевой Светлана Юрьевна Желябужская?
На кого женился Лоуренс Альма-Тадема 24 сентября 1863 года?,Лоуренс Альма-Тадема женился на Элизабет Джейн Вудкок 24 сентября 1863 года.,0.11535228669336295,На кого женился Лоуренс Альма-Тадема 24 сентября 1863 года?
Как миссионеры называли Карлоса Фермина Фицкаральда?,Миссионеры называли Карлоса Фермина Фицкаральда «Карлосом».,0.9995667415950735,Как миссионеры называли Карлоса Фермина Фицкаральда?
Кем был объявлен Лазарь Заменгоф в секте Оомото под руководством Онисабуро Дэгути?,Лазарь Заменгоф был объявлен пророком и мессией в японской религиозной группе Оомото под руководством Онисабуро Дэгути.,0.003167823274264102,Кем был объявлен Лазарь Заменгоф в секте Оомото под руководством Онисабуро Дэгути?
Кто из журналистов и критиков первым поставил вопрос об ужесточении надзора за театральными пьесами в Российской империи?,"Вопрос о необходимости усиления контроля над театральными постановками в Российской империи впервые был поднят журналистом и критиком **Александром Ивановичем Герценом**. В своих работах он выражал обеспокоенность по поводу цензуры и ограничения свободы творчества в театре, что стало одним из первых публичных обсуждений этой проблемы в обществе.",0.9436841470571712,Кто из журналистов и критиков первым поставил вопрос об ужесточении надзора за театральными пьесами в Российской империи?
Когда в 2013 году прошли похороны Ильи Сегаловича?,Похороны Ильи Сегаловича состоялись 19 октября 2013 года.,0.09968071611542648,Когда в 2013 году прошли похороны Ильи Сегаловича?
Какова высота самой высокой точки бассейна реки Снейк?,Высота самой высокой точки бассейна реки Снейк составляет 3862 метра над уровнем моря.,0.11786056772644977,Какова высота самой высокой точки бассейна реки Снейк?
В каком году комплекс Д-4 с ракетой Р-21 был принят на вооружение?,Комплекс Д-4 с ракетой Р-21 был принят на вооружение в 1963 году.,0.0017672705576856045,В каком году комплекс Д-4 с ракетой Р-21 был принят на вооружение?
Какое сообщение о помиловании Никсона и уотергейтцев произнёс командир воздушного судна в диалоге на борту рейса EA212 перед катастрофой DC-9 под Шарлоттом?,"В фильме «Airplane!» (в русском переводе — «Аэроплан!») есть сцена, где командир воздушного судна объявляет пассажирам о том, что они летят над Помпеями. В этой сцене он говорит: 

«Пассажиры, мы сейчас пролетим над Помпеями. Это город, который был разрушен в 79 году нашей эры из-за извержения вулкана Везувий. Но не волнуйтесь, это было давно, и с тех пор ничего подобного не случалось».

Однако, если говорить о помиловании Никсона и Уотергейтцев, то в этом фильме нет такой сцены. Возможно, вы перепутали этот фильм с другим, или речь идет о каком-то другом произведении.",0.997970705731203,Какое сообщение о помиловании Никсона и уотергейтцев произнёс командир воздушного судна в диалоге на борту рейса EA212 перед катастрофой DC-9 под Шарлоттом?
Кто из епископов Гиппонского сыграл ключевую роль в победе ортодоксии над манихейством в римской Северной Африке?,"Ключевую роль в победе ортодоксии над манихейством в римской Северной Африке сыграл **Августин Гиппонский** (354–430 гг.), один из величайших отцов Церкви и богословов раннего христианства. Он родился в городе Тагасте (современный Сук-Арас, Алжир) и был рукоположен в сан епископа города Гиппона Регия (ныне Аннаба, Алжир). 

Августин активно боролся с манихейством — религиозным движением, которое было широко распространено в Римской империи в IV веке. Манихейство представляло собой дуалистическую религию, основанную на учении Мани, который утверждал, что мир состоит из двух вечных начал: добра и зла. Августин же придерживался ортодоксального христианского учения о едином Боге Творце и отвергал дуализм манихеев.

В своих трудах, таких как «О граде Божьем» и «Против манихеев», Августин подробно разобрал и опроверг основные положения манихейского учения. Он также написал несколько трактатов специально против манихейства, где доказывал несостоятельность их взглядов и приводил аргументы в пользу истинности христиан",0.014634331599541,Кто из епископов Гиппонского сыграл ключевую роль в победе ортодоксии над манихейством в римской Северной Африке?
С кем совместно Джордж Юджин Уленбек ввёл в физику концепцию спина электрона в октябре 1925 года?,Джордж Юджин Уленбек совместно с Сэмюэлем Гаудсмитом ввели в физику концепцию спина электрона в октябре 1925 года.,0.001964638163429796,С кем совместно Джордж Юджин Уленбек ввёл в физику концепцию спина электрона в октябре 1925 года?
В каком возрасте по законам императора Августа мужчины в Древнем Риме были обязаны вступать в брак?,"По законам императора Августа мужчины в Древнем Риме должны были вступать в брак в возрасте от 25 до 60 лет, а женщины — от 20 до 50 лет.",0.00013551104167590033,В каком возрасте по законам императора Августа мужчины в Древнем Риме были обязаны вступать в брак?
"Кто, по сообщению Майка Флеминга-младшего 26 сентября 2017 года, был назначен авторами сценария экранизации романа Энди Вейера «Артемида»?","По сообщению Майка Флеминга-младшего от 26 сентября 2017 года, авторы сценария экранизации романа Энди Вейера «Артемида» были назначены следующим образом:

- **Даггетт Джонс** — сценарист фильма «Секретная служба Санта-Клауса».
- **Кристофер Роули** — сценарист фильма «Миссия невыста: Протокол ""Фантом""».",0.9992034000611029,"Кто, по сообщению Майка Флеминга-младшего 26 сентября 2017 года, был назначен авторами сценария экранизации романа Энди Вейера «Артемида»?"
Какая стадия является лимитирующей для большинства реакций альдольной конденсации с участием кетонов?,Лимитирующей стадией для большинства реакций альдольной конденсации с участием кетонов является присоединение енолят-иона к карбонильной группе.,0.03964755704076233,Какая стадия является лимитирующей для большинства реакций альдольной конденсации с участием кетонов?
"Кто из участников консилиума по лечению Н. В. Гоголя 20 февраля заявил, что уехал от больного, «чтобы не быть свидетелем мучений страдальца»?",Врач А. Т. Тарасенков,0.9989062726414423,"Кто из участников консилиума по лечению Н. В. Гоголя 20 февраля заявил, что уехал от больного, «чтобы не быть свидетелем мучений страдальца»?"
Какой компанией была разработана видеоигра God of War II?,"Видеоигру ""God of War II"" разработала компания Santa Monica Studio.",0.0016031096064932958,Какой компанией была разработана видеоигра God of War II?
"Кто написал песню «Jesus», представленную в альбоме Queen?","Песня «Jesus» была написана Фредди Меркьюри и представлена в альбоме группы Queen под названием ""Queen II"".",0.0889854433588079,"Кто написал песню «Jesus», представленную в альбоме Queen?"
В каком году в Японии впервые прошло представление сингигаку под началом актёра театра кёгэн Номуры Маннодзё?,Представление сингигаку под руководством актёра театра кёгэн Номуры Маннодзё состоялось в 1785 году.,0.09825842922029658,В каком году в Японии впервые прошло представление сингигаку под началом актёра театра кёгэн Номуры Маннодзё?
Кто из героев в античной фреске из Помпей уносит Палладиум из Трои вместе с Диомедом?,"В античной фреске из Помпей, изображающей взятие Трои, Палладиум уносят из города Диомед и Одиссей.",0.032080888997376295,Кто из героев в античной фреске из Помпей уносит Палладиум из Трои вместе с Диомедом?
Где в романе Н. В. Гоголя «Мёртвые души» происходит первое знакомство Чичикова с помещиком Собакевичем?,"Первое знакомство Павла Ивановича Чичикова с помещиком Собакевичем происходит в его имении, которое находится недалеко от города N.",0.10954057060980145,Где в романе Н. В. Гоголя «Мёртвые души» происходит первое знакомство Чичикова с помещиком Собакевичем?
В какой версии системы управления версиями Subversion было введено свойство svn:mergeinfo для отслеживания слияний?,"Свойство `svn:mergeinfo` в системе управления версиями Subversion было введено в версии 1.4. Свой это свойство позволяет отслеживать историю слияний между ветками и репозиториями, что упрощает управление изменениями и интеграцию кода.",0.702536974579676,В какой версии системы управления версиями Subversion было введено свойство svn:mergeinfo для отслеживания слияний?
"Кто из советских лидеров, согласно словам помощника В. М. Молотова Михаила Ветрова, поддержал создание Израиля, чтобы это стало «шилом в заднице для арабских государств» и подорвало британское влияние?","Согласно воспоминаниям помощника В. М. Молотова Михаила Ветрова, Иосиф Сталин поддерживал создание государства Израиль с целью создания проблемы для арабских стран и ослабления британского влияния в регионе.",0.5210765833949282,"Кто из советских лидеров, согласно словам помощника В. М. Молотова Михаила Ветрова, поддержал создание Израиля, чтобы это стало «шилом в заднице для арабских государств» и подорвало британское влияние?"
"В каком году впервые была опубликована новелла Стивена Кинга «Тот, кто хочет выжить»?","Новелла Стивена Кинга «Тот, кто хочет выжить» впервые была опубликована в 1982 году.",0.0003747745990757123,"В каком году впервые была опубликована новелла Стивена Кинга «Тот, кто хочет выжить»?"
"Кто является автором романа «Пенелопиада», вышедшего в 2005 году?",Автором романа «Пенелопиада» является Маргарет Этвуд.,0.009377790472536104,"Кто является автором романа «Пенелопиада», вышедшего в 2005 году?"
С кем из будущих основателей поп-арта подружился Грэм Овенден во время обучения в Королевском колледже искусств?,Грэм Овенден подружился с Ричардом Гамильтоном и Питером Блейком во время обучения в Королевском колледже искусств.,0.01295045869055805,С кем из будущих основателей поп-арта подружился Грэм Овенден во время обучения в Королевском колледже искусств?
Кто был крёстным отцом и учителем Закона Божьего для Петра Чайковского?,"Крёстным отцом Петра Чайковского был его дядя по материнской линии, Пётр Фёдорович Чайковский. Он же был его первым учителем в области музыки и Закона Божьего.",0.7397002987398558,Кто был крёстным отцом и учителем Закона Божьего для Петра Чайковского?
Кто от лица Российской стороны выдвинул условия Туркманчайского мирного договора?,"Туркманчайский мирный договор был подписан в 1828 году между Россией и Персией (Ираном). От лица Российской империи его подписал генерал Иван Фёдорович Паскевич, который был главнокомандующим русскими войсками на Кавказе.",0.04963120253517394,Кто от лица Российской стороны выдвинул условия Туркманчайского мирного договора?
"Какое имя получил новый дом Владимира Филимоновича Марцинковского, построенный в 1949 году?","Новый дом Владимира Филимоновича Марцинковского, построенный в 1949 году, получил название «Дом-музей В.Ф. Марцинковского».",0.9935920874032851,"Какое имя получил новый дом Владимира Филимоновича Марцинковского, построенный в 1949 году?"
"Какой античный автор написал энциклопедию «Естественная история», описание которой в 1506 году помогло опознать найденную в Риме скульптурную группу «Лаокоон и его сыновья»?","Античный автор, написавший энциклопедию «Естественная история», которая помогла опознать найденную в Риме скульптурную группу «Лаокоон и его сыновья», — Плиний Старший.",0.10179020251781384,"Какой античный автор написал энциклопедию «Естественная история», описание которой в 1506 году помогло опознать найденную в Риме скульптурную группу «Лаокоон и его сыновья»?"
Сколько человек погибло в общекорабельной службе авианосца «Сорю» во время сражения у Мидуэя?,"Во время сражения у Мидуэя 4 июня 1942 года, в ходе которого японский авианосец ""Сорю"" был потоплен американскими силами, погибли 307 членов экипажа.",0.02405525867634335,Сколько человек погибло в общекорабельной службе авианосца «Сорю» во время сражения у Мидуэя?
Какой птицей является атрибут богини Афины в древнегреческой мифологии?,"В древнегреческой мифологии атрибутом богини Афины является сова. Сова символизирует мудрость и знание, что соответствует мудрости Афины как покровительницы науки и искусства.",0.002434950482871447,Какой птицей является атрибут богини Афины в древнегреческой мифологии?
"В каком году Генри де Перси, 2-й барон Перси, сыграл ключевую роль в разгроме армии шотландского короля Давида II Брюса в битве при Невиллз-Кроссе?","Генри де Перси, 2-й барон Перси, сыграл ключевую роль в разгроме армии шотландского короля Давида II Брюса в битве при Невиллз-Кроссе в **1346 году**.",0.021126236125646052,"В каком году Генри де Перси, 2-й барон Перси, сыграл ключевую роль в разгроме армии шотландского короля Давида II Брюса в битве при Невиллз-Кроссе?"
Какие ионы используются в качестве активаторов в твердотельных лазерах на люминесцирующих твердых средах?,"## Ионы-активаторы в твердотельных лазерах

В **твердотельных лазерах** на основе люминесцирующих сред (например, рубиновых или иттрий-алюминиевых гранатов — YAG) используются различные ионы, которые выполняют роль активных центров для генерации лазерного излучения. Эти ионы внедряются в кристаллическую решетку основного материала и обеспечивают необходимые энергетические переходы для создания инверсии населенностей уровней энергии.

### Основные типы ионов-активаторов

1. **Ионы трехвалентных редкоземельных элементов**
   - Наиболее распространенными являются ионы трёхвалентных редкоземельных элементов, такие как:
     - **Тулий (Tm³⁺)** — используется для генерации в ближнем инфракрасном диапазоне (около 2 мкм).
     - **Гольмий (Ho³⁺)** — генерирует излучение около 2,08 мкм.
     - **Эрбий (Er³⁺)** — работает в диапазоне 1,54–1,63 мкм.
     - **Европий (Eu³⁺)** — применяется для генерации в ультрафиолетовом диапазоне.

2. **Ионы двухвалент",0.364236369151076,Какие ионы используются в качестве активаторов в твердотельных лазерах на люминесцирующих твердых средах?
Какова номинальная мощность главного дизеля типа XVI-JV 170/240 в дизель-поезде ДП?,Номинальная мощность главного дизеля типа XVI-JV 170/240 в дизель-поезде ДП составляет **170 кВт** (или 231 л.с.).,0.0018998396875391406,Какова номинальная мощность главного дизеля типа XVI-JV 170/240 в дизель-поезде ДП?
Какой метод позволил специалистам Центра археометрических исследований имени Гейдельбергского университета в 2015 году провести новую датировку Шигирского идола на небольших количествах материала?,"Для проведения новой датировки Шигирского идола специалисты Центра археометрических исследований имени Гейдельбергского университета использовали метод **радиоуглеродного анализа**. Этот метод позволяет определить возраст органических материалов путем измерения количества радиоактивного изотопа углерода-14, который содержится в образце.",0.04403524428739175,Какой метод позволил специалистам Центра археометрических исследований имени Гейдельбергского университета в 2015 году провести новую датировку Шигирского идола на небольших количествах материала?
Кто был оправдан присяжными и освобождён 28 октября 1913 года по делу об убийстве Андрея Ющинского?,По делу об убийстве Андрея Ющинского в 1913 году был оправдан и освобожден киевский приказчик Мендель Бейлис.,0.9545181837778839,Кто был оправдан присяжными и освобождён 28 октября 1913 года по делу об убийстве Андрея Ющинского?
В каком году Кимон был подвергнут остракизму в том числе из-за своего неприятия реформ Эфиальта?,Кимон был подвергнут остракизму в 461 году до н. э.,0.0004720238603330238,В каком году Кимон был подвергнут остракизму в том числе из-за своего неприятия реформ Эфиальта?
Вместе с кем Пьер Бурдьё учился в Высшей нормальной школе в 1951 году?,Пьер Бурдьё вместе с Мишелем Фуко и Жаном-Клодом Пассероном учился в Высшей нормальной школе в Париже в 1951 году.,0.10799850218231523,Вместе с кем Пьер Бурдьё учился в Высшей нормальной школе в 1951 году?
"Кем стал Джордж Вашингтон в 1746 году, отказавшись от морской службы?","В 1746 году Джордж Вашингтон отказался от морской службы и решил стать землемером. Он начал работать на плантации своего старшего брата Лоуренса, где занимался измерением земель и составлением карт. Это стало его первым серьезным профессиональным опытом и заложило основу для его будущей карьеры как успешного землемера и военного лидера.",0.22256034423839036,"Кем стал Джордж Вашингтон в 1746 году, отказавшись от морской службы?"
Кто возглавил жюри X премии имени Сергея Курёхина в качестве директора Государственного Эрмитажа?,Жюри X премии имени Сергея Курёхина в 2018 году возглавил директор Государственного Эрмитажа Михаил Борисович Пиотровский.,0.4283171700364489,Кто возглавил жюри X премии имени Сергея Курёхина в качестве директора Государственного Эрмитажа?
Кто из исполнителей спел песню «Skyline Pigeon» на похоронах Райана Уайта?,Песню «Skyline Pigeon» исполнил Элвис Костелло.,0.9117983644295066,Кто из исполнителей спел песню «Skyline Pigeon» на похоронах Райана Уайта?
"Кем были написаны, аранжированы и спродюсированы музыкальные композиции для альбома Final Fantasy X Original Soundtrack?","Композиции для альбома ""Final Fantasy X Original Soundtrack"" были написаны композитором Нобуо Уэмацу, аранжированы и спродюсированы композитором Масаси Хамаудзу.",0.015553601103632273,"Кем были написаны, аранжированы и спродюсированы музыкальные композиции для альбома Final Fantasy X Original Soundtrack?"
Кто захватил Белград в 1521 году?,В 1521 году Белград был захвачен Османской империей под предводительством султана Сулеймана I Великолепного.,0.00026022532380035913,Кто захватил Белград в 1521 году?
В каком году Армения была разделена между христианской Римской империей и зороастрийской Персией?,Армения была разделена между христианской Римской империей и зороастрийской Персией в 387 году нашей эры.,0.005192771312161874,В каком году Армения была разделена между христианской Римской империей и зороастрийской Персией?
"Кто обеспечил прикрытие беспорядочно отступающих войск в ходе битвы при Йене и Ауэрштедте, прибыв на поле боя около 14:00?","В битве при Йене и Ауэрштедте прикрытие для беспорядочно отступавших войск обеспечила гвардия Наполеона Бонапарта. Прибыв на поле боя примерно к 14:00, гвардейские части смогли стабилизировать ситуацию и предотвратить полный разгром французской армии.",0.9419456813427031,"Кто обеспечил прикрытие беспорядочно отступающих войск в ходе битвы при Йене и Ауэрштедте, прибыв на поле боя около 14:00?"
Какой высший женский придворный титул получила княгиня Ольга во время визита в Константинополь в царствование Константина Порфирородного?,Во время своего визита в Константинополь в 957 году византийский император Константин VII Порфирородный пожаловал Ольге титул «василиссы» (греч. βασίλισσα — царица). Этот титул был высшей женской наградой при дворе и означал признание её статуса как правительницы Киевской Руси.,0.010525541549814797,Какой высший женский придворный титул получила княгиня Ольга во время визита в Константинополь в царствование Константина Порфирородного?
Какое произведение Альберто Моравиа легло в основу фильма «Конформист» Бернардо Бертолуччи?,Фильм «Конформист» режиссёра Бернардо Бертолуччи основан на романе Альберто Моравиа «Конформист».,0.0018093051475951529,Какое произведение Альберто Моравиа легло в основу фильма «Конформист» Бернардо Бертолуччи?
В каком году был заключён контракт № 62278 на поставку дополнительных машин Douglas TBD Devastator?,Контракт № 62278 на поставку дополнительных машин Douglas TBD Devastator был заключён в 1940 году.,0.008927124539579685,В каком году был заключён контракт № 62278 на поставку дополнительных машин Douglas TBD Devastator?
"Кто был адвокатом, осуждённым за воспрепятствование правосудию в связи со скандалом на Кливленд-стрит, в котором упоминался Альберт Виктор, герцог Кларенс?","Адвокатом, осуждённым за воспрепятствование правосудию в связи со скандалом на Кливленд-стрит, в котором упоминался Альберт Виктор, герцог Кларенс, был сэр Чарльз Рид.",0.7291306826646026,"Кто был адвокатом, осуждённым за воспрепятствование правосудию в связи со скандалом на Кливленд-стрит, в котором упоминался Альберт Виктор, герцог Кларенс?"
"В каком году был провозглашён протекторат Великобритании над землями тсвана, получившими название Бечуаналенд?","Протекторат Великобритании над землями тсвана, которые получили название Бечуаналенд, был провозглашен в 1885 году.",0.004580424938132827,"В каком году был провозглашён протекторат Великобритании над землями тсвана, получившими название Бечуаналенд?"
Из каких двух родов войск состояла армия Тамерлана?,Армия Тимура (Тамерлана) состояла из двух основных родов войск: конницы и пехоты.,0.0188169570292114,Из каких двух родов войск состояла армия Тамерлана?
Кто в фильме «Мстители» (2012) первым поймал падающего через портал Тони Старка?,В фильме «Мстители» (2012) первым поймал падающего через портал Тони Старка Железный человек (Тони Старк).,0.5407968150507779,Кто в фильме «Мстители» (2012) первым поймал падающего через портал Тони Старка?
"В романах Макдональда, где Лью Арчер выступает в роли следопыта, осваивающего фронтир, какой современный город он находит вместо мифического Города Ангелов?","Лью Арчер, главный герой романов Росс Макдональда о частном детективе, часто сталкивается с загадками и преступлениями в вымышленном городе Санта-Тереза на побережье Калифорнии. Этот город является аналогом реального города Лос-Анджелеса, который также известен как Город Ангелов. Таким образом, вместо мифического Города Ангелов Лью Арчер находит современный Лос-Анджелес.",0.8769233488989416,"В романах Макдональда, где Лью Арчер выступает в роли следопыта, осваивающего фронтир, какой современный город он находит вместо мифического Города Ангелов?"
Кто был назначен главным инквизиционным цензором в Испании в августе 1577 года для рассмотрения Антверпенской Полиглотты?,"В августе 1577 года главным инквизиционным цензором в Испании был назначен **Франсиско де Пераса** (*Francisco de Pareja*). Он отвечал за рассмотрение и контроль над публикацией Антверпенской Полиглоты — многотомного издания Библии на разных языках, которое вызвало споры среди католических богословов того времени.",0.7672669985799605,Кто был назначен главным инквизиционным цензором в Испании в августе 1577 года для рассмотрения Антверпенской Полиглотты?
В каком году был учреждён Четвёртый интернационал?,Четвёртый интернационал был учреждён в 1938 году.,0.00036951331856961505,В каком году был учреждён Четвёртый интернационал?
"Кто был наставником, определившим карьеру Давида Окерблада и решившим превратить его в специалиста по османскому языку?","Наставником, который определил карьеру Давида Окерблада и решил превратить его в специалиста по османскому языку, был шведский востоковед и дипломат Карл Густав фон Розен.",0.978122341962053,"Кто был наставником, определившим карьеру Давида Окерблада и решившим превратить его в специалиста по османскому языку?"
Какой денежный штраф в талантах был наложен на Перикла после его снятия с должности стратега?,"После того как Перикл был снят с должности стратега, ему был назначен денежный штраф в размере 15 талантов.",0.0010786687238034014,Какой денежный штраф в талантах был наложен на Перикла после его снятия с должности стратега?
"Какое свойство имел ударение в праиндоевропейском языке, позволявшее ему смещаться в пределах парадигмы одного слова?","В праиндоевропейском языке ударение обладало свойством подвижности, что позволяло ему смещаться в пределах парадигмы одного слова. Это означает, что ударение могло перемещаться от одной формы к другой при изменении грамматических категорий, таких как падеж или число. Например, в некоторых формах слова ударение может находиться на первом слоге, а в других — на втором или третьем слоге.",0.6188554780907045,"Какое свойство имел ударение в праиндоевропейском языке, позволявшее ему смещаться в пределах парадигмы одного слова?"
Кто из потомков Солона по боковым линиям был главой «Тридцати тиранов»?,Глава «Тридцати тиранов» Критий был потомком Солона по боковой линии.,0.003909572945099378,Кто из потомков Солона по боковым линиям был главой «Тридцати тиранов»?
В каком году до н. э. Андриск был разгромлен претором Квинтом Цецилием Метеллом?,Андриск был разгромлен претором Квинтом Цецилием Метеллом в 146 году до н. э.,0.0021346491345309356,В каком году до н. э. Андриск был разгромлен претором Квинтом Цецилием Метеллом?
Сколько рублей заплатил музей Императорской Академии художеств за картину Н. Н. Дубовского «Родина»?,"Картина Николая Николаевича Дубовского «Родина», написанная в 1892 году, была приобретена Императорским обществом поощрения художеств у автора за 300 рублей серебром.",0.7621695500418039,Сколько рублей заплатил музей Императорской Академии художеств за картину Н. Н. Дубовского «Родина»?
В каком году советский художник Юрий Пименов создал картину «Новая Москва»?,Советский художник Юрий Иванович Пименов создал свою знаменитую картину «Новая Москва» в 1937 году.,0.12394799167591683,В каком году советский художник Юрий Пименов создал картину «Новая Москва»?
"Кто, по мнению исследователей, является автором прославленной статуи Ники в Олимпии и, возможно, одним из скульпторов фриза парапета Храма Ники Аптерос?",Автором прославленной статуи Ники в Олимпии считается древнегреческий скульптор Пеон. Он также был одним из скульпторов фриза парапета Храма Ники Аптерос на Афинском Акрополе.,0.14474735894940666,"Кто, по мнению исследователей, является автором прославленной статуи Ники в Олимпии и, возможно, одним из скульпторов фриза парапета Храма Ники Аптерос?"
В каком году в Нюрнберге вышли посмертно «Четыре книги о пропорциях» Альбрехта Дюрера?,«Четыре книги о пропориях» Альбрехта Дюрера были изданы посмертно в 1528 году в Нюрнберге.,0.010039381393174753,В каком году в Нюрнберге вышли посмертно «Четыре книги о пропорциях» Альбрехта Дюрера?
В каком году кубинский учёный Фелипе Поэй описал длиннокрылую акулу под названием Squalus longimanus?,Фелипе Поэй описал длиннокрылую акулу под названием Squalus longimanus в 1830 году.,0.01896171699305908,В каком году кубинский учёный Фелипе Поэй описал длиннокрылую акулу под названием Squalus longimanus?
