dataset_name,query,correct_answer,model_answer,judge_score,is_hallucination
rubq-20,Какой стране принадлежит знаменитый остров Пасхи?,Чили,Чили.,не галлюцинация,0
rubq-20,С какой музыкальной группой неразрывно связано имя Мика Джаггера?,'Роллинг Стоунз',The Rolling Stones.,не галлюцинация,0
rubq-20,Где находится Летний сад?,Санкт-Петербург,"Летний сад находится в Санкт-Петербурге, Россия.",не галлюцинация,0
rubq-20,Какой город является столицей Туркмении?,Ашхабад,Ашхабад.,не галлюцинация,0
rubq-20,"В каком городе издавалась с 1857 г. А. Герценом и Н. Огаревым первая российская революционная газета ""Колокол""?",Лондон,"Газета ""Колокол"" издавалась в Лондоне.",не галлюцинация,0
rubq-20,В какой стране находится второй из самых высоких действующих вулканов с забавным названием Попокатепетль (5452 м)?,Мексика,Мексика.,не галлюцинация,0
rubq-20,В каком виде спорта прославилась Курникова?,теннис,Курникова прославилась в теннисе.,не галлюцинация,0
rubq-20,В каком городе родился Вольфганг Амадей Моцарт?,Зальцбург,"Зальцбург, Австрия.",не галлюцинация,0
rubq-20,В каком городе убили Джона Леннона?,Нью-Йорк,"Нью-Йорк, США.",не галлюцинация,0
rubq-20,Гражданином какой страны был изобретатель телеграфного кода Морзе?,США,"Изобретатель телеграфного кода Морзе, Сэмюэл Морзе, был гражданином США.",не галлюцинация,0
rubq-20,Как называлась столица Крымского ханства?,Бахчисарай,Бахчисарай.,не галлюцинация,0
rubq-20,Как назывался корабль Хана Соло?,тысячелетний сокол,"Корабль Хана Соло назывался ""Тысячелетний сокол"" (Millennium Falcon).",не галлюцинация,0
rubq-20,Какой музыкальный инструмент прославил имя Генри Стейнве?,рояль,Генри Стейнвей прославил **рояль** (фортепиано).,не галлюцинация,0
rubq-20,"Какой стране принадлежит авиакомпания ""Malev""?",Венгрия,"Авиакомпания ""Malev"" принадлежала Венгрии. Она прекратила существование в 2012 году.",не галлюцинация,0
rubq-20,"Кто автор поэмы ""Энеида""?",Вергилий,"Автор поэмы ""Энеида"" — римский поэт Вергилий.",не галлюцинация,0
rubq-20,"Кто автор романа ""Колыбель для кошки""?",Воннегут,"Автор романа ""Колыбель для кошки"" — Курт Воннегут.",не галлюцинация,0
rubq-20,"Кто написал роман ""Зима тревоги нашей""?",Джон Стейнбек,Джон Стейнбек.,не галлюцинация,0
rubq-20,Кто первым открыл Южную Америку?,Колумб,Христофор Колумб в 1498 году во время своего третьего путешествия.,не галлюцинация,0
rubq-20,"Кто снял искрометную ""Кавказскую пленницу"" (фамилия)?",Гайдай,Гайдай.,не галлюцинация,0
rubq-20,Кто создал одно из чудес света – статую Зевса в Афинах?,Фидий,Скульптор Фидий.,не галлюцинация,0
rubq-20,Кто сражался с немейским львом?,Геракл,Геракл (Геркулес) сразился с немейским львом.,не галлюцинация,0
rubq-20,"Что на весь мир прославило маленькое парижское кафе ""Режанс""?",шахматы,"Кафе ""Режанс"" прославилось как место, где в XIX веке часто играли в шахматы, и где проходили знаменитые шахматные турниры. Оно стало центром шахматной жизни Европы.",не галлюцинация,0
rubq-20,"Кто автор ""Похождений бравого солдата Швейка""?",Гашек,Автор — Ярослав Гашек.,не галлюцинация,0
rubq-20,"В каком государстве находится Океанографический музей Жак-Ива Кусто? ""в ...""",Монако,в Монако,не галлюцинация,0
rubq-20,Где расположена Академия наук Армении,Ереван,"Академия наук Армении расположена в Ереване по адресу: проспект Маршала Баграмяна, 24.",не галлюцинация,0
rubq-20,Какая столица стоит на берегу Потамака?,Вашингтон,Вашингтон.,не галлюцинация,0
rubq-20,Какой библейский царь живет и почитается в исламе под именем Дауд,Давид,"Дауд (Давид) — библейский царь, который почитается в исламе как пророк **Дауд ибн Иша** (Дауд сын Ишая). Он упоминается в Коране как праведный правитель и посланник Аллаха.",не галлюцинация,0
rubq-20,Какой продукт составляет основу сырников,творог,Основу сырников составляет творог.,не галлюцинация,0
rubq-20,На каком острове жила древнегреческая поэтесса Сапфо?,Лесбос,Остров Лесбос.,не галлюцинация,0
rubq-20,Какому государству принадлежит народный парк Беловежская пуща,Польша,Народный парк Беловежская пуща принадлежит Беларуси и Польше.,не галлюцинация,0
rubq-20,В какой стране город Калькутта?,Индия,Город Калькутта (ныне Колката) находится в Индии.,не галлюцинация,0
rubq-20,Что скрывается за всякой фобией?,страх,"За фобией обычно скрывается иррациональный, чрезмерный страх перед определённым объектом, ситуацией или деятельностью, который может быть связан с травматическим опытом, генетической предрасположенностью или культурными факторами. Точный механизм зависит от конкретной фобии.",не галлюцинация,0
rubq-20,"Кто написал роман ""Великий Гэтсби""?",Ф. Скотт Фицджеральд,"Роман ""Великий Гэтсби"" написал Фрэнсис Скотт Фицджеральд.",не галлюцинация,0
rubq-20,В какой стране находится крупный город Фейсалабад?,Пакистан,Пакистан.,не галлюцинация,0
rubq-20,Как звали доктора Ватсона?,Джон,Джон Хэммиш Ватсон.,не галлюцинация,0
rubq-20,Как называется столица Китайской Народной Республики?,Пекин,Пекин.,не галлюцинация,0
rubq-20,"Кто автор сказки ""Бременские музыканты""?",Братья Гримм,"Автор сказки ""Бременские музыканты"" — Братья Гримм (Якоб и Вильгельм).",не галлюцинация,0
rubq-20,Кто был воспитателем Александра Македонского?,Аристотель,"Филипп II Македонский (отец Александра) приглашал для воспитания сына лучших учителей, среди которых наиболее известен Аристотель.",не галлюцинация,0
rubq-20,Кто стал президентом российской федерации в 2012 году?,Путин,Владимир Путин.,не галлюцинация,0
rubq-20,Кто играл гарри поттера,Дениел Редклиф,Дэниел Рэдклифф.,не галлюцинация,0
rubq-20,"Кто написал поэму ""Ода к радости""?",Фридрих Шиллер,"Фридрих Шиллер написал текст ""Оды к радости"" (нем. ""An die Freude"") в 1785 году. Музыку к ней сочинил Людвиг ван Бетховен для финала своей 9-й симфонии (1824).",не галлюцинация,0
rubq-20,"Кто автор бессмертной ""Похвалы Глупости""?",Эразм Роттердамский,Эразм Роттердамский.,не галлюцинация,0
rubq-20,Какая страна является родиной хереса?,Испания,Испания.,не галлюцинация,0
rubq-20,К какой династии принадлежала английская королева Елизавета I?,Тюдоры,Тюдоры.,не галлюцинация,0
rubq-20,Какой город является столицей Удмуртской республики?,Ижевск,Ижевск.,не галлюцинация,0
rubq-20,Кто придумал Бременских музыкантов?,Братья Гримм,"Сказку ""Бременские музыканты"" написал братья Гримм (Якоб и Вильгельм).",не галлюцинация,0
rubq-20,"Что греки называли ""водяным вором"" - клепсидрой?",Водяные часы,"Да, клепсидра (др.-греч. κλεψύδρα — «водяной вор») — это древнегреческий водяной часовой механизм, использовавшийся для измерения времени.",не галлюцинация,0
rubq-20,В какой стране воевали между собой в 15 веке Алая и Белая Розы?,Англия,"В Англии (Война Алой и Белой Розы, 1455–1487).",не галлюцинация,0
rubq-20,В каком виде спорта был неоднократным чемпионом СССР знаменитый комментатор Николай Озеров?,Теннис,Теннис.,не галлюцинация,0
rubq-20,Какая богиня в римской мифологии соответствует греческой Деметре?,Церера,Церера.,не галлюцинация,0
rubq-20,В какой прыжковой дисциплине выступал олимпийский чемпион Виктор Санеев?,Тройной прыжок,Тройной прыжок.,не галлюцинация,0
rubq-20,В каком регионе России находится город Майкоп?,Адыгея,"Город Майкоп находится в Республике Адыгея, Южный федеральный округ, Россия.",не галлюцинация,0
rubq-20,Какому композитору принадлежит заслуга разработке додекафонии (12-тоновая техника)?,Арнольд Шёнберг,"Возможно, Арнольду Шёнбергу, но некоторые исследователи считают, что идеи додекафонии развивали и другие композиторы его круга.",галлюцинация,1
rubq-20,"Что, с точки зрения астронома, представляют собой Плеяды?",Рассеянное скопление,"Плеяды — это рассеянное звёздное скопление в созвездии Тельца, одно из ближайших к Земле (около 444 световых лет). Содержит молодые (около 100 млн лет) горячие звёзды, окружённые отражательной туманностью. Видимо невооружённым глазом как группа из 6–7 звёзд.",не галлюцинация,0
rubq-20,"Какая автомобильная компания прикупила автозаводы чешской ""Шкоды""?","""Фольксваген""","В 1991 году контрольный пакет акций ""Шкоды"" был приобретен концерном Volkswagen AG.",не галлюцинация,0
rubq-20,Какой роман прославил имя Маргарет Митчелл?,"""Унесенные ветром""","""Унесённые ветром"" (1936).",не галлюцинация,0
rubq-20,В какой стране проводились 1-вые зимние Олимпийские игры?,Франция,"Первые зимние Олимпийские игры проводились во Франции, в Шамони, в 1924 году.",не галлюцинация,0
rubq-20,Как раньше назывался Стамбул?,Константинополь,Константинополь (до 1930 года официально) и Византий (в древности).,не галлюцинация,0
rubq-20,В каком городе находится Малахов курган?,Севастополь,Малахов курган находится в Севастополе.,не галлюцинация,0
rubq-20,В какой стране находится историческая Родина графа Дракулы - Трансильвания?,Румыния,Трансильвания находится в **Румынии**.,не галлюцинация,0
rubq-20,Какой язык является официальным в Австралии?,Английский,Английский.,не галлюцинация,0
rubq-20,Какой город является административным центром американского штата Арканзас?,Литл-Рок,Литл-Рок.,не галлюцинация,0
rubq-20,"Кем была Лайка — первая собака, отправленная в космос?",дворнягой,"Лайка была советской собакой-космонавтом, первой живой тварью, отправленной в космос на корабле ""Спутник-2"" 3 ноября 1957 года. Уверен.",галлюцинация,1
rubq-20,В каком канадском хоккейном клубе играл Алексей Поникаровский?,Торонто Мэйпл Лифс,"Алексей Поникаровский играл в клубе НХЛ ""Торонто Мейпл Лифс"" (2010–2013) и в его фарм-клубе АХЛ ""Торонто Марлис"".",не галлюцинация,0
rubq-20,Как теперь называется Порт-Артур?,Люйшунь,Люйшунь (кит. 旅顺).,не галлюцинация,0
rubq-20,Какой певческий голос у Дмитрия Хворостовского?,Баритон,Баритон.,не галлюцинация,0
rubq-20,Какой обьект исследует американский космический аппарат «Оппортьюнити»?,Марс,Американский марсоход «Оппортьюнити» исследует поверхность Марса.,не галлюцинация,0
rubq-20,"Кто снял кинофильмы про ""неуловимых мстителей""?",Эдмонд Кеосаян,Режиссёр — Эдмонд Кеосаян.,не галлюцинация,0
rubq-20,В каком из городов СССР была пущена первая в мире атомная электростанция?,Обнинск,"Обнинск (Калужская область, РСФСР). Пущена в 1954 году.",не галлюцинация,0
rubq-20,"Кто написал роман ""Призрак оперы""?",Гастон Леру,Гастон Леру.,не галлюцинация,0
rubq-20,Внутри какой страны находится республика Сан-Марино?,Италия,Сан-Марино находится внутри Италии.,не галлюцинация,0
rubq-20,В каком из городов находится штаб-квартира НАТО?,"Брюссель, Бельгия.","Штаб-квартира НАТО находится в Брюсселе, Бельгия.",не галлюцинация,0
rubq-20,В каком городе установлена копия московского памятника Минину и Пожарскому?,В Нижнем Новгороде (копия московского памятника).,Нижний Новгород.,не галлюцинация,0
rubq-20,В каком виде спорта первую для России олимпийскую медаль выиграла в 2010 году Екатерина Илюхина?,Сноубординг,Сноуборд.,галлюцинация,1
rubq-20,В какой стране однопалатный парламент называется стортинг?,Норвегия,Норвегия.,не галлюцинация,0
rubq-20,Сыном какой страны был великий педагог И. Г. Песталоцци?,Швейцария,Швейцарии.,не галлюцинация,0
rubq-20,"Где действовала подпольная организация ""Молодая гвардия""?",Краснодон,"Подпольная организация ""Молодая гвардия"" действовала в городе Краснодоне, Ворошиловградской области (ныне Луганская область, Украина) во время Великой Отечественной войны.",не галлюцинация,0
rubq-20,В каком архитектурном стиле построено здание Большого театра в Москве?,Классицизм,Здание Большого театра в Москве построено в стиле ампир (поздний классицизм).,не галлюцинация,0
rubq-20,Кто из пиратов плавал на корабле «Золотая лань»?,Фрэнсис Дрейк,"На корабле ""Золотая лань"" плавал пират Фрэнсис Дрейк.",не галлюцинация,0
rubq-20,"Как звали дочь Иродиады, танец которой вынудил Ирода отдать приказ обезглавить Иоанна Крестителя?",Саломея,Саломея.,не галлюцинация,0
rubq-20,"В каком городе России установлен памятник «Белому Биму», сеттеру, герою книги Гавриила Троепольского «Белый Бим – черное ухо»?",Воронеж,Воронеж.,не галлюцинация,0
rubq-20,"Кто из рок-музыкантов выступал под псевдонимом ""Зигги - звезная пыль""?",Дэвид Боуи,"Не уверен, но наиболее известным музыкантом, выступавшим под псевдонимом ""Зигги Стардаст"" (Ziggy Stardust), является Дэвид Боуи.",не галлюцинация,0
rubq-20,Какой город является столицей Лесото?,Масеру,Масеру.,не галлюцинация,0
rubq-20,Какой архитектор был автором проекта Храма Христа Спасителя?,К. А. Тон,Автором проекта Храма Христа Спасителя был архитектор Константин Тон.,не галлюцинация,0
rubq-20,Откуда вытекает река Нева?,Из Ладожского озера,Река Нева вытекает из Ладожского озера.,не галлюцинация,0
rubq-20,как звали собаку билла клинтона,бадди,У Билла Клинтона была собака по кличке Бадди.,не галлюцинация,0
rubq-20,"Кем был американец Джозеф Глидден, получивший в 1874 году патент на изобретение колючей проволоки?",фермером,Американский фермер.,не галлюцинация,0
rubq-20,Какой стиль сменила эпоха Возрождения?,готика,Эпоха Возрождения сменила Средневековье (V–XV века).,галлюцинация,1
rubq-20,Где находится мост Александра III?,Париж,"Мост Александра III находится в Париже, Франция, пересекая реку Сену.",не галлюцинация,0
rubq-20,В какой стране находится стадион «Маракана»?,Бразилия,Бразилия.,не галлюцинация,0
rubq-20,Кто написал роман «Триумфальная арка»?,Эрих Мария Ремарк,"Роман ""Триумфальная арка"" написал Эрих Мария Ремарк.",не галлюцинация,0
rubq-20,Кто написал картину «Черный квадрат»?,Казимир Северинович Малевич,Автор картины «Черный квадрат» — Казимир Малевич (1915 год).,не галлюцинация,0
rubq-20,Кто написал картину «Сикстинская Мадонна»?,Рафаэль Санти,Рафаэль Санти.,не галлюцинация,0
rubq-20,В каком городе Бразилии родился Пеле?,Трес-Корасойнс,"Пеле родился в городе Трес-Корасойнс, Бразилия.",не галлюцинация,0
rubq-20,"На каком стадионе, 1 июля в Киеве, прошёл финальный матч чемпионата Европы по футболу 2012 года?",Олимпийский,"Национальный спортивный комплекс ""Олимпийский"".",не галлюцинация,0
rubq-20,"В каком городе проводился фестиваль ""Рок над Волгой""?",Самара,Волгоград.,галлюцинация,1
rubq-20,Как зовут дочь основательницы Кондиды Когтевран?,Елена Когтевран,"Я не уверен, но, вероятно, речь идет о **Хелене Когтевран** (Helena Ravenclaw), дочери Ровены Когтевран.",галлюцинация,1
rubq-20,Кто написал повесть «Джон Ячменное Зерно»?,Джек Лондон,"Повесть ""Джон Ячменное Зерно"" (John Barleycorn) написал Джек Лондон.",галлюцинация,1
rubq-20,"На какой киностудии снят фильм ""Место встречи изменить нельзя""",Одесская киностудия,"Фильм ""Место встречи изменить нельзя"" снят на киностудии имени Горького.",не галлюцинация,0
rubq-20,При какой династии были совершены знаменитые мореплавания Чжэн Хэ?,Мин,При династии Мин (1368–1644).,не галлюцинация,0
rubq-20,При каком российском монархе возник Государственный Музей Эрмитаж?,Екатерина II,При Екатерине II (в 1764 году).,не галлюцинация,0
rubq-20,В каком старинном городе находится мужской Старо-Голутвин монастырь?,Коломна,Старо-Голутвин монастырь находится в городе Коломна.,не галлюцинация,0
rubq-20,Какая форма правления установлена в Швейцарии?,Федеративная республика,В Швейцарии установлена **федеративная республика с элементами прямой демократии**.,не галлюцинация,0
rubq-20,Где в настоящее время находится историческая область Ширван?,Азербайджан,В Азербайджане.,не галлюцинация,0
rubq-20,Какой период в истории Японии следовал сразу после периода Хэйан?,Камакура,Период Камакура (1185–1333).,не галлюцинация,0
rubq-20,Кем был по происхождению Емельян Пугачев?,Казак,Емельян Пугачёв был донским казаком по происхождению.,не галлюцинация,0
rubq-20,Кто был режиссёром советской версии телесериала о Шерлоке Холмсе?,Игорь Масленников,Режиссёром советской версии телесериала о Шерлоке Холмсе (1979–1986) был **Игорь Масленников**.,не галлюцинация,0
rubq-20,Как настоящее имя известного итальянского певца Тото Кутуньо?,Сальваторе,Настоящее имя Тото Кутуньо — Сальваторе Энцо Кутуньо.,не галлюцинация,0
rubq-20,Когда отмечается День народного единства?,4 ноября,4 ноября.,не галлюцинация,0
rubq-20,Кем является Лео Антонович Бокерия?,Кардиохирургом,"Лео Антонович Бокерия — российский кардиохирург, академик РАН и РАМН, директор Научного центра сердечно-сосудистой хирургии им. А. Н. Бакулева.",не галлюцинация,0
rubq-20,Кем изначально по специальности был Френсис Крик - первооткрыватель (вместе с Дж. Уотсоном) спирали ДНК?,физик,Френсис Крик изначально был физиком.,не галлюцинация,0
rubq-20,Какой город является столицей Исландии?,Рейкьявик,Рейкьявик.,не галлюцинация,0
rubq-20,В каком городе родился Плутарх?,Херонея,"Херонея, Греция.",не галлюцинация,0
rubq-20,"В каком ""рукаве"" Млечного Пути находится Солнечная система?",Рукав Ориона,"Солнечная система находится в рукаве Ориона, который является ответвлением рукава Стрельца.",галлюцинация,1
rubq-20,Какой город является административным центром Приморского края?,Владивосток,Владивосток.,не галлюцинация,0
rubq-20,"В какой науке достиг значительных высот Джон Дальтон, именем которого названо заболевание дальтонизм?",Химия,Джон Дальтон достиг значительных высот в **физике** и **химии**.,не галлюцинация,0
rubq-20,Где родился художник И. Репин?,Чугуев,"Илья Репин родился в городе Чугуев, Харьковская губерния, Российская империя (ныне Украина).",не галлюцинация,0
rubq-20,"Кто автор культового романа ""Пролетая над гнездом кукушки""?",К. Кизи,"Автор романа ""Пролетая над гнездом кукушки"" — Кен Кизи.",не галлюцинация,0
rubq-20,"Кто из австралийских писателей является автором книги «Ковчег Шиндлера», по которой был поставлен оскароносный фильм?",Томас Кенилли,Автором книги «Ковчег Шиндлера» (англ. *Schindler's Ark*) является австралийский писатель Томас Кенилли. Фильм «Список Шиндлера» (1993) снят по этой книге.,не галлюцинация,0
rubq-20,Какая страна выпускает самолеты марки Embraer?,Бразилия,Бразилия.,не галлюцинация,0
rubq-20,"Какой режиссер поставил кинофильм ""Республика ШКИД""?",Геннадий Полока,Режиссер — **Геннадий Полока**.,не галлюцинация,0
rubq-20,Кто автор романа «В круге первом»?,Александр Солженицын,Автор романа «В круге первом» — Александр Солженицын.,не галлюцинация,0
rubq-20,В каком виде спорта Елена Петушкова завоевала Олимпийскую золотую медаль?,Выездка,Конный спорт (выездка).,не галлюцинация,0
rubq-20,"Кто написал роман и одноименную пьесу ""Дама с камелиями""?",Александр Дюма-сын,Ответ: Александр Дюма-сын.,не галлюцинация,0
rubq-20,В какой группе пел Джим Моррисон?,The Doors,Джим Моррисон был вокалистом группы The Doors.,не галлюцинация,0
rubq-20,Как зовут единственную дочь Элвиса Пресли?,Лиза Мария,Lisa Marie Presley.,не галлюцинация,0
rubq-20,Где было построено одно из чудес света - Фаросский (Александрийский) маяк?,Египет,"Александрийский маяк был построен на острове Фарос в Александрии, Египет.",не галлюцинация,0
rubq-20,"В каком польском городе происходит действие кинофильма Стивена Спилберга ""Список Шиндлера""?",Краков,Действие фильма происходит в Кракове.,не галлюцинация,0
rubq-20,"Кто автор музыки, звучащей в телесериале «Мастер и Маргарита» режиссера В. Бортко?",Игорь Корнелюк,Автор музыки — Игорь Корнелюк.,не галлюцинация,0
rubq-20,"Какой рок-группе принадлежит авторство известной композиции: ""Все это рок-н-ролл""?",Алиса,"Песня ""Все это рок-н-ролл"" написана группой **Deep Purple** (альбом *The House of Blue Light*, 1987). Авторы: Иэн Гиллан и Роджер Гловер.",галлюцинация,1
rubq-20,"В каком городе находится памятник ""Тысячелетие России"" скульпторов Микешина и Шредера?",Великий Новгрод,Новгород.,не галлюцинация,0
rubq-20,Какой город является столицей государства Папуа - Новая Гвинея?,Порт-Морсби,Порт-Морсби.,не галлюцинация,0
rubq-20,"Кто автор популярнейшей украинской песни ""Червона рута""?",Владимир Ивасюк,"Автор песни ""Червона рута"" — Владимир Ивасюк.",не галлюцинация,0
rubq-20,"Кто написал трактат ""Поэтика""?",Аристотель,"Вопрос: Кто написал трактат ""Поэтика""?

Ответ: Аристотель.",не галлюцинация,0
rubq-20,В какой стране расположен знаменитый римский акведук Пон-дю-Гар?,Франция,Франция.,не галлюцинация,0
rubq-20,"Кто является автором ""Композиции VI""?",Василий Кандинский,"Автором ""Композиции VI"" является Василий Кандинский.",не галлюцинация,0
rubq-20,Какой римский император написал философское сочинение «Наедине с собой»?,Марк Аврелий,Марк Аврелий.,не галлюцинация,0
rubq-20,"Кто автор пьесы ""Средство Макропулоса""?",Карел Чапек,"Автор пьесы ""Средство Макропулоса"" — Карел Чапек.",не галлюцинация,0
rubq-20,Какой стране принадлежит остров Ибица,Испания,Остров Ибица принадлежит Испании.,не галлюцинация,0
rubq-20,Какой голос имел певец Хворостовский,Баритон,Басовой-bariton.,галлюцинация,1
rubq-20,Какой язык является оффициальным в Бразилии,Португальский,Португальский.,не галлюцинация,0
rubq-20,Из какой страны группа АББА,Швеция,Швеция.,не галлюцинация,0
rubq-20,Какой стране принадлежит черноморский остров Змеиный?,Украина,Украине.,не галлюцинация,0
rubq-20,Какая страна считает себя родиной картофеля фри?,Бельгия,Бельгия считает себя родиной картофеля фри.,не галлюцинация,0
rubq-20,Кто автор пьесы «Свадьба Кречинского»?,Сухово-Кобылин,Автор пьесы «Свадьба Кречинского» — Александр Васильевич Сухово-Кобылин.,не галлюцинация,0
rubq-20,В каком городе родился Карл Маркс?,Трир,"Город Трир, Германия.",не галлюцинация,0
rubq-20,В каком городе умерла святая покровительница Беларуси Евфросинья Полоцкая?,Иерусалим,В Киеве.,галлюцинация,1
rubq-20,"Кто в 2013 году стал первым президентом Чехии, избранным путём всенародных выборов?",Милош Земан,"В 2013 году первым президентом Чехии, избранным путём всенародных выборов, стал Милош Земан.",не галлюцинация,0
rubq-20,В какой стране расположен вулкан Гарибальди?,Канада,Канада.,не галлюцинация,0
rubq-20,Какой минерал является основной составляющей частью известняка?,Кальцит,Основная составляющая известняка — кальцит (CaCO₃).,не галлюцинация,0
rubq-20,Какое событие в истории США послужило основой сюжета романа Стивена Кинга «11/22/63»?,Убийство Дж. Ф. Кеннеди,"Покушение на президента США Джона Кеннеди 22 ноября 1963 года в Далласе, Техас.",не галлюцинация,0
rubq-20,Какой художник является автором картин «Желтый Христос» и «Зелёный Христос»?,Поль Гоген,Автором картин «Желтый Христос» и «Зелёный Христос» является Поль Гоген.,не галлюцинация,0
rubq-20,В каком городе находится штаб-квартира международной организации Интерпол?,Лион,"Штаб-квартира Интерпола находится в Лионе, Франция.",не галлюцинация,0
rubq-20,Кем по профессии является София Губайдулина?,Композитор,София Губайдулина — композитор.,не галлюцинация,0
rubq-20,Какую премию получила Барбара Брыльска за исполнение роли Нади Шевелёвой?,Госпремия СССР,"Барбара Брыльска была номинирована на премию ""Золотой глобус"" за лучшую женскую роль в 1976 году за исполнение роли Нади Шевелёвой в фильме ""Ирония судьбы, или С лёгким паром!"". Однако, точных данных о получении премии нет.",галлюцинация,1
rubq-20,Кто является автором пьесы о легендарном античном мизантропе «Жизнь Тимона Афинского»?,Уильям Шекспир,Автором пьесы «Жизнь Тимона Афинского» является Уильям Шекспир.,не галлюцинация,0
rubq-20,"В каком городе находился Храм Артемиды, один из Семи чудес античности?",Эфес,Храм Артемиды находился в городе Эфес (на территории современной Турции).,не галлюцинация,0
rubq-20,В каком городе была сожжена Жанна Д'арк?,Руан,"Руан, Франция.",не галлюцинация,0
rubq-20,В каком городе Самарской области расположен автомобильный завод гигант - ВАЗ?,Тольятти,Тольятти.,не галлюцинация,0
rubq-20,"В какой азиатской стране находится достопримечательность, называемая ""шоколадные холмы""?",филиппины,Филиппины.,не галлюцинация,0
rubq-20,В каком государстве Южной Америки находится озеро-залив Маракайбо?,венесуэла,Озеро-залив Маракайбо находится в Венесуэле.,не галлюцинация,0
rubq-20,В какой европейской стране зародилось телешоу The Voice («Голос»)?,нидерланды,Нидерланды.,не галлюцинация,0
rubq-20,"Какова основная валюта, циркулирующая в Израиле?",шекель,Основная валюта Израиля — новый израильский шекель (ILS).,не галлюцинация,0
rubq-20,Какая страна на её официальном языке называется «Republika e Shqipërisë»?,албания,Албания.,не галлюцинация,0
rubq-20,Кем был Леон Бакст?,Художником,"Леон Бакст (1866–1924) — российский художник, сценограф и дизайнер, известный как создатель эскизов костюмов и декораций для Русских сезонов Сергея Дягилева.",не галлюцинация,0
rubq-20,Как называется самая высокая гора Украины,говерла,Говерла (2061 м).,не галлюцинация,0
rubq-20,Кто написал знаменитый марш «Прощание славянки»?,агапкин,"Вероятно, автор — Василий Иванович Агапкин (1912).",не галлюцинация,0
rubq-20,Когда отмечают в России православный праздник Медовый Спас?,14 августа,Православный праздник Медовый Спас (или Преображение Господне) отмечают 19 августа (6 августа по старому стилю).,не галлюцинация,0
rubq-20,"Где находится городок Типперери, упомянутый в названии знаменитой маршевой песни британской армии «It's a long way to Tipperary»?",В Ирландии,"Городок Типперери (Tipperary) находится в Ирландии, в графстве Южный Типперери.",не галлюцинация,0
rubq-20,Кто был подлинным изобретателем телефона?,меуччи,"Возможно, что подлинным изобретателем телефона был Антонио Меуччи, который подал заявку на патент в 1871 году, за несколько лет до Александра Белла. Однако его работа не была должным образом задокументирована, и патент не был продлён из-за финансовых трудностей. В 2002 году Конгресс США признал Меуччи изобретателем телефона.",не галлюцинация,0
rubq-20,В какой стране располагалось ныне пересохшее озеро Поопо?,боливия,Озеро Поопо располагалось в Боливии.,не галлюцинация,0
rubq-20,Чем является бордоская жидкость?,Фунгицидом,"Бордоская жидкость — это фунгицидный раствор, используемый для защиты растений от грибковых заболеваний. Состоит из медного купороса и гашёной извести.",не галлюцинация,0
rubq-20,В какой столице можно посетить Гугун — императорский дворец в Запретном городе?,пекин,"Пекин, Китай.",не галлюцинация,0
rubq-20,Кто является режиссёром советского кинофильма «Подкидыш»?,Татьяна Лукашевич,Режиссёром советского кинофильма «Подкидыш» (1939) является Тамара Лукашевич.,галлюцинация,1
rubq-20,В каком городе находится гробница пророка Мухаммеда?,Медина,Гробница пророка Мухаммеда находится в Медине (Саудовская Аравия).,не галлюцинация,0
rubq-20,Сколько музыкантов в квартете?,четыре,4 музыканта.,не галлюцинация,0
rubq-20,В каком виде спорта используется сицилианская защита?,Шахматы,В шахматах.,не галлюцинация,0
rubq-20,Какая террористическая организация похитила и убила премьер-министра Италии Альдо Моро?,Красные бригады,Красные бригады (итальянское название: *Brigate Rosse*).,не галлюцинация,0
rubq-20,"В какой город нужно отправиться, чтобы увидеть «Сикстинскую Мадонну» Рафаэля?",Дрезден,"Дрезден, Германия (Галерея старых мастеров).",не галлюцинация,0
rubq-20,Какой танец исполняют под мелодию «Кумпарситы»?,Танго,Под мелодию «Кумпарситы» обычно исполняют танго.,не галлюцинация,0
rubq-20,В каком административном регионе находится город Ливорно?,Тоскана,"Город Ливорно находится в регионе Тоскана, Италия.",не галлюцинация,0
rubq-20,"Кто автор пьесы, сюжет которой лёг в основу оперы Дж. Пуччини «Турандот»?",К. Гоцци,Автор пьесы — Карло Гоцци (итальянский драматург).,не галлюцинация,0
rubq-20,В какой стране закончил свою жизнь великий русский шахматист Александр Алехин?,Португалия,"Александр Алехин умер во Франции (в Эшториле, Португалия).",галлюцинация,1
rubq-20,"Какой драматург, который был старше Чарли Чаплина всего на полгода, стал последним тестем великого комика?",Юджин О’Нил,Бертольд Брехт.,галлюцинация,1
rubq-20,"К какой династии до замужества принадлежала королева Марго, героиня романа А. Дюма?",валуа,К династии Валуа.,не галлюцинация,0
rubq-20,Ветви какой королевской династии правят в Дании и Норвегии?,Глюксбурги,В Дании и Норвегии правят ветви династии Глюксбургов.,не галлюцинация,0
rubq-20,Какая форма государственного правления Сан-Марино?,Республика,Сан-Марино — парламентская республика.,не галлюцинация,0
rubq-20,Что создал выходец из России Давид Сарнов?,NBC,Давид Сарнов (David Sarnoff) создал NBC (National Broadcasting Company) — одну из крупнейших американских телерадиовещательных компаний.,не галлюцинация,0
rubq-20,Кто был первым лауреатом Нобелевской премии по физике?,Рентген,Первым лауреатом Нобелевской премии по физике в 1901 году стал Вильгельм Конрад Рентген за открытие рентгеновских лучей.,не галлюцинация,0
rubq-20,Где родилась певица Шакира?,В Колумбии,"Шакира родилась в Барранкилье, Колумбия.",не галлюцинация,0
rubq-20,"Маршалом каких войск был Иван Николаевич Кожедуб, трижды Герой Советского Союза?",Авиации,Маршалом авиации.,не галлюцинация,0
rubq-20,Какая страна участвовала в вооруженном конфликте 1982 года с Великобританией из за Фолклендских островов?,Аргентина,Аргентина.,не галлюцинация,0
rubq-20,Чьё произведение легло в основу гимна футбольной Лиги чемпионов?,Генделя «Садок-Священник»,"Гимн Лиги чемпионов УЕФА основан на произведении Георга Фридриха Генделя ""Zadok the Priest"".",не галлюцинация,0
rubq-20,Что входит в состав любого органического вещества?,Углерод,В состав любого органического вещества входит углерод (C).,не галлюцинация,0
rubq-20,"Какую страну раньше называли ""Абиссинией""?",Эфиопия,Эфиопию.,не галлюцинация,0
rubq-20,"Кто исполнил роль агента Кея в к/ф ""Люди в черном""?",Т. Л. Джонс,Уилл Смит.,галлюцинация,1
rubq-20,"С какой страной Бразилия ""делит"" водопад Игуасу?",С Аргентиной,Бразилия делит водопад Игуасу с Аргентиной.,не галлюцинация,0
rubq-20,Кто был сыном бога солнца Гелиоса и океаниды Климены?,Фаэтон,Фаэтон.,не галлюцинация,0
rubq-20,"На каком языке, по мнению большинства, написан Новый Завет?",Древнегреческий,"Большинство учёных считают, что Новый Завет написан на **древнегреческом койне**.",не галлюцинация,0
rubq-20,Кто был сыном горгоны Медузы?,Пегас,"Сыновьями Медузы Горгоны были Пегас и Хрисаор, рожденные из её крови после смерти от руки Персея.",не галлюцинация,0
rubq-20,Кто сыграл Тосю Кислицыну в фильме «Девчата»?,Надежда Румянцева,Надежда Румянцева.,не галлюцинация,0
rubq-20,Как звучит полное имя Ди Каприо?,Леонардо Вильгельм,Полное имя Леонардо Ди Каприо — Леонардо Уилсон Ди Каприо (англ. Leonardo Wilhelm DiCaprio).,галлюцинация,1
rubq-20,"Как называется исторический период, разделяющий Средневековье и новейшее время?",Новое время,Раннее Новое время (примерно с XV–XVI до конца XVIII века).,галлюцинация,1
rubq-20,Какая группа снялась в фильме Ричарда Лестера «Вечер трудного дня»?,«Битлз»,The Beatles.,не галлюцинация,0
rubq-20,Кто в 2016 году стал обладателем Нобелевской премии по литературе?,Боб Дилан,Боб Дилан.,не галлюцинация,0
rubq-20,Кто был соавтором С. В. Михалкова в написании текста гимна Советского Союза?,Эль-Регистан,Г. А. Эль-Регистан.,не галлюцинация,0
rubq-20,Какой голос у великого Лучано Паваротти?,Тенор,"У Лучано Паваротти был лирико-драматический тенор с мощным, ярким и пронзительным голосом, отличавшимся исключительной чистотой и полетностью.",не галлюцинация,0
rubq-20,"Какой поэт написал слова к бродвейскому мюзиклу ""Cats"" Эндрю Веббера",Элиот,"Поэт Томас Стернз Элиот (T.S. Eliot), его стихи из сборника ""Old Possum's Book of Practical Cats"" легли в основу мюзикла.",не галлюцинация,0
rubq-20,Как по-другому называют койота?,Луговой волк,Койот также называют луговым волком.,не галлюцинация,0
rubq-20,Каким было полное имя набоковской Лолиты?,Долорес,Долорес Гейз (Dolores Haze).,не галлюцинация,0
rubq-20,"Какой советский космический корабль в 1975 году пристыковался к американскому ""Аполлону""?","""Союз-19""","""Союз-19"" (СССР) пристыковался к ""Аполлону"" (США) в рамках программы ""Союз-Аполлон"" в июле 1975 года.",не галлюцинация,0
rubq-20,Как называют сестру мужа?,Золовка,Золовка.,не галлюцинация,0
rubq-20,В какой стране долгие годы правил диктатор Салазар?,Португалия,Португалия.,не галлюцинация,0
rubq-20,"Какой металл, кроме меди, присутствует в мельхиоровой посуде?",Никель,Никель.,не галлюцинация,0
rubq-20,К какой группе инструментов относится старинный русский музыкальный инструмент гудок?,К струнным смычковым,Гудок относится к группе смычковых музыкальных инструментов.,не галлюцинация,0
rubq-20,В какой стране вы будете расплачиваться за покупки донгами?,Вьетнам,В Камбодже.,галлюцинация,1
rubq-20,"Где, главным образом, живут шерпы?",В Гималаях,"Главным образом, шерпы живут в Непале, преимущественно в регионе Кхумбу, который включает Эверест и другие высокогорные районы. Также они проживают в некоторых районах Тибетского автономного района Китая и в индийском штате Сикким.",не галлюцинация,0
rubq-20,Какая страна - родина бейсбола?,Англия,США.,галлюцинация,1
rubq-20,Как называется выдача преступника одним государством другому для суда или отбывания наказания по уже состоявшемуся решению суда?,Экстрадиция,Экстрадиция.,не галлюцинация,0
rubq-20,В каком городе находится штаб-квартира Microsoft?,"г. Редмонд (пригород г. Сиэтл), штат Вашингтон, США.","Штаб-квартира Microsoft находится в Редмонде, штат Вашингтон, США.",не галлюцинация,0
rubq-20,"Как звучит название политической разведки Израиля, по своему назначению и функциям сравнимой с американским ЦРУ?",Моссад,Название политической разведки Израиля — **Моссад** (полное название: **HaMossad leModiʿin uleTafkidim Meyuḥadim** — Институт разведки и специальных задач).,не галлюцинация,0
rubq-20,Какой класс животных называют рептилиями?,пресмыкающиеся,"Рептилии (или пресмыкающиеся) — это класс позвоночных животных, включающий черепах, крокодилов, ящериц, змей и некоторых вымерших групп. Они характеризуются наличием чешуйчатой кожи, дыханием через легкие и размножением с помощью яиц (обычно с кожистой или твердой скорлупой).",не галлюцинация,0
rubq-20,Где снимался фильм Звягинцева «Левиафан»?,Мурманская область,"Фильм Андрея Звягинцева «Левиафан» (2014) снимался в городе **Териберка** (Мурманская область, Россия).",не галлюцинация,0
rubq-20,В какой стране находится город Александрия?,Египет,Египет.,не галлюцинация,0
rubq-20,"В какой стране происходит действие романа Александра Беляева ""Человек-амфибия""?",Аргентина,"Действие романа Александра Беляева ""Человек-амфибия"" происходит в Аргентине.",не галлюцинация,0
rubq-20,В какой стране находится самый высокий водопад в мире?,Венесуэла,Венесуэла. Водопад Анхель.,не галлюцинация,0
rubq-20,Какой тембр голоса у Пласидо Доминго?,Тенор,"У Пласидо Доминго тембр баритона, но он известен как тенор.",галлюцинация,1
rubq-20,Где находится город Новый Афон?,Абхазия,"Город Новый Афон находится в Абхазии (частично признанная республика, де-юре Грузия).",не галлюцинация,0
rubq-20,В какой стране зародился театр теней?,в Китае,Театр теней зародился в Китае (около 200 года до н.э.).,не галлюцинация,0
rubq-20,Как звали итальянского композитора Леонкавалло?,Руджеро,Руҗеро Леонкавалло.,галлюцинация,1
rubq-20,Как звали персонажа Киану Ривза в трилогии «Матрица»?,Андерсон,Нео (Thomas A. Anderson).,не галлюцинация,0
rubq-20,В каком городе умер А. П. Чехов?,Баденвайлер,А. П. Чехов умер в Баденвайлере (Германия).,не галлюцинация,0
rubq-20,Какая актриса была замужем за Люком Бессоном?,Мила Йовович,Майвенн Ле Беско.,галлюцинация,1
rubq-20,К какой системе органов у многоклеточных организмов относятся гонопоры?,репродуктивный,Гонопоры (половые отверстия) у многоклеточных организмов относятся к **половой системе**.,не галлюцинация,0
rubq-20,"В каком селе Тверской области ежегодно, начиная с 2008 года, проходит крупнейший в СНГ рок-фестиваль «Нашествие»?",большое завидово,"Крупнейший рок-фестиваль «Нашествие» проходит в селе **Валдайка** (Валдайский район, Тверская область).",галлюцинация,1
rubq-20,В каком подмосковном городе находится Ново-Иерусалимский монастырь?,истра,В городе Истра.,не галлюцинация,0
rubq-20,Сколько спутников у Марса?,2,У Марса 2 спутника: Фобос и Деймос.,не галлюцинация,0
rubq-20,В каком году родился Иммануил Кант?,1724,Иммануил Кант родился в 1724 году.,не галлюцинация,0
rubq-20,Кто старше Гарри Поттер или Рон Уизли?,Рон,"Гарри Поттер старше Рона Уизли на несколько месяцев. Гарри родился 31 июля 1980 года, а Рон — 1 марта 1981 года.",галлюцинация,1
rubq-20,Какая самая крупнейшая пустыня в мире?,Сахара,Антарктида (холодная пустыня). Площадь: ~14 млн км².,не галлюцинация,0
rubq-20,Какое «одно только слово» твердил Айболит по дороге к больным африканским зверям?,Лимпопо,"""Лимпопо"".",не галлюцинация,0
rubq-20,Кем был по основной специальности гоголевский Вакула?,Кузнец,Кузнец.,не галлюцинация,0
rubq-20,Где держит скотину крестьянин?,В хлеву,"В личном подворье (дворе) при доме или в отдельных хозяйственных постройках (хлевах, сараях, загонах).",не галлюцинация,0
rubq-20,Собаку какой породы прославил Э. Сетон-Томпсон в книге 'Животные-герои'?,Бультерьер,"В книге ""Животные-герои"" Э. Сетон-Томпсон прославил собаку породы **койот**.",галлюцинация,1
rubq-20,Какое основное сырье используется в работе атомных электростанций?,Уран,"Основное сырье для работы атомных электростанций — уран-235 (или плутоний-239), который используется в качестве топлива в ядерных реакторах.",не галлюцинация,0
rubq-20,Как звали 3-х головую собаку?,Пушок,Цербер (Кербер).,не галлюцинация,0
rubq-20,На какой реке встретились в 1945 году советские и американские солдаты?,Эльба,На реке Эльбе.,не галлюцинация,0
rubq-20,Какая графа паспорта гражданина СССР была упразднена?,Национальность,"В 1975 году в советском паспорте была упразднена графа ""Национальность"".",не галлюцинация,0
rubq-20,Пистолет какой системы использовал обычно Джеймс Бонд?,"""Вальтер""",Обычно Джеймс Бонд использовал пистолет Walther PPK.,не галлюцинация,0
rubq-20,"Ученым какой профессии посвящен фильм Михаила Ромма ""9 дней одного года""?",Физика,Физикам.,не галлюцинация,0
rubq-20,Что приводит в движение самолеты с поршневыми двигателями?,Пропеллер,"Поршневые двигатели приводят в движение самолеты за счёт вращения воздушных винтов (пропеллеров), которые создают тягу, толкая самолёт вперёд.",не галлюцинация,0
rubq-20,Что чаще всего подают к рюмке коньяка?,Ломтик лимона,"Чаще всего к рюмке коньяка подают:
- Кофе (например, эспрессо)
- Лимонную корочку
- Шоколад
- Фрукты (виноград, груша)
- Сигару (в классическом варианте).

*Возможны вариации в зависимости от традиций.*",галлюцинация,1
rubq-20,В каком городе проживал Александр Иванович Корейко?,Черноморск,Александр Иванович Корейко проживал в Москве.,галлюцинация,1
rubq-20,"Где находится Музей молока, основанный в 80-х годах прошлого столетия?",Каунас,"Возможно, в Санкт-Петербурге, Россия. Точное местонахождение не уверен.",галлюцинация,1
rubq-20,Как звали злую сестру доктора Айболита в сказке Корнея Чуковского?,Варвара,"В сказке Корнея Чуковского ""Айболит"" злую сестру доктора Айболита звали **Варвара**.",не галлюцинация,0
rubq-20,"Какая неотъемлемая часть любой современной оперы впервые появилась в опере ""Орфей"" в 1607 году?",увертюра,"Не уверен, но, вероятно, это увертюра.",не галлюцинация,0
rubq-20,Какая приправа в Англии XII века ценилась дороже золота?,перец,Шафран.,галлюцинация,1
rubq-20,Каким методом получается из каучука резина?,вулканизацией,"Из каучука резина получается методом **вулканизации** — нагреванием с серой (или другими вулканизирующими агентами), что приводит к образованию поперечных связей между полимерными цепями, улучшая прочность и эластичность материала.",не галлюцинация,0
rubq-20,Какое дерево имеет цветки с самым сладким нектаром (75–80% сахара)?,яблоня,"Наиболее вероятно, это **липа**. Однако точных данных о 75–80% сахара в нектаре нет — обычно у липы содержание сахара в нектаре составляет около 40–60%.",галлюцинация,1
rubq-20,"Какое имя переводится с еврейского словом ""лилия""?",Сусанна,Имя Лилия.,галлюцинация,1
rubq-20,"Какое техническое приспособление предоставил герой романа Марка Твена ""Янки при дворе короля Артура"" легендарным рыцарям?",велосипед,"Герой романа ""Янки при дворе короля Артура"" предоставил легендарным рыцарям **огнестрельное оружие** (револьвер).",галлюцинация,1
rubq-20,Какой бодрящий напиток любят пить в России во время застолья?,водку,Водка.,не галлюцинация,0
rubq-20,Какой документ выдают выпускнику ВУЗа?,диплом,Выпускнику ВУЗа выдают диплом о высшем образовании.,не галлюцинация,0
rubq-20,Какой художник нарисовал символ мира – голубя с оливковой ветвью?,Пикассо,Ответ: Пабло Пикассо.,не галлюцинация,0
rubq-20,Кто был главным врагом Чебурашки?,Шапокляк,Главным врагом Чебурашки был старуха Шапокляк.,не галлюцинация,0
rubq-20,Кто сидит рядом с водителем спортивного автомобиля во время ралли?,штурман,Штурман.,не галлюцинация,0
rubq-20,Кто славился длинным носом?,Бержерак,Пиноккио.,галлюцинация,1
rubq-20,"Кто произносил перед выступлением слова: ""Идущие на смерть приветствуют тебя""?",гладиатор,Эти слова произносили гладиаторы перед боем в Древнем Риме. Точное авторство неизвестно.,не галлюцинация,0
rubq-20,Чем выплачивались дивиденды акционерам Ост-Индийской компании до 1644 года?,пряностями,"До 1644 года дивиденды акционерам Британской Ост-Индской компании выплачивались в виде **товаров** (например, специй, тканей), а не наличными деньгами.",не галлюцинация,0
rubq-20,Чем можно разгружать вагон с людьми?,грабли,"Для разгрузки вагона с людьми используют:
1. **Пассажирские платформы** (перроны) на станциях.
2. **Специальные разгрузочные устройства** (например, пандусы, лифты для маломобильных граждан).
3. **Временные пандусы или лестницы** (при отсутствии стационарных).
4. **Автобусы или другие транспортные средства** (для перевозки пассажиров к месту назначения).

*Примечание:* Способы зависят от типа вагона (пассажирский, служебный и др.) и инфраструктуры станции.",не галлюцинация,0
rubq-20,"Какой самый грозный речной хищник живет до 40, а иногда до 100 лет?",крокодил,"Амазонский кайман (Melanosuchus niger) — самый грозный речной хищник, живущий до 40, а иногда до 100 лет.",не галлюцинация,0
rubq-20,"Какой ударный инструмент звучит на ринге, возвещая начало или конец раунда?",гонг,"Традиционно на боксёрском ринге начало или конец раунда возвещает **гонг** (металлический диск, по которому ударяют специальным молоточком).",не галлюцинация,0
rubq-20,Какой французский поэт семнадцатого века изобрел семь способов полета на Луну?,Сирано де Бержерак,Циан де Бержерак (предположительно).,галлюцинация,1
rubq-20,"Какое событие время от времени происходит в комнате ""с ключом""?",конклав,"Возможно, вы имеете в виду комнату с ключом в игре ""The Stanley Parable"". Время от времени в ней происходит ""перезапуск"" игры, когда комната исчезает, и история начинается заново.",галлюцинация,1
rubq-20,"Кого охраняли в кабинете N 67 под вывеской ""классная дама""?",Ленина в Смольном,"Возможно, охраняли классный журнал или учебные принадлежности. Точный ответ неизвестен.",галлюцинация,1
rubq-20,В каком певце скрываются вопли добрых волшебниц,Орфей,"Возможно, имеется в виду песня ""The Witches' Voice"" группы **HIM**, где лирический герой сравнивается с ""криком добрых ведьм"". Точно не уверен.",галлюцинация,1
rubq-20,Кто придумал дорожные чеки?,Роберт Кук,"Точно неизвестно, но первые дорожные чеки появились в середине 19 века. Их популяризовал American Express в 1891 году.",не галлюцинация,0
rubq-20,Какой показатель для воды при 20°С равен 81?,Диэлектрическая проницаемость,Электрическая проницаемость (диэлектрическая проницаемость) воды при 20°С.,не галлюцинация,0
rubq-20,"Кто был ведущим ""Битвы экстрасенсов"" до Марата Башарова?",Михаил Пореченков,"До Марата Башарова ведущим ""Битвы экстрасенсов"" был Андрей Малахов (в 2007–2011 годах).",галлюцинация,1
rubq-20,Что дают в магазине на новый утюг?,гарантию,"На новый утюг обычно дают гарантийный талон и инструкцию по эксплуатации. Возможно, также предоставляют упаковку.",не галлюцинация,0
rubq-20,Что должно быть в буриме?,рифма,"В буриме должны быть:
1. Два или более рифмующихся стиха.
2. Заданная рифма (например, ААББ или АБАБ).
3. Соответствие теме (если она задана).

Пример:
*Заданные рифмы: ""окно"" – ""давно""*
*Стихотворение:*
*В доме старое окно,*
*Грусть в нём бродит уж давно.*",не галлюцинация,0
rubq-20,Когда в СССР было отменено раздельное обучение мальчиков и девочек?,в 1954 году,В СССР раздельное обучение мальчиков и девочек было отменено в 1954 году.,не галлюцинация,0
rubq-20,В какой комнате проживает Мойдодыр?,Спальня,"В сказке Корнея Чуковского ""Мойдодыр"" нет указания на конкретную комнату, где проживает персонаж.",галлюцинация,1
rubq-20,В каком городе находится основная база ВМС ЮАР?,Саймонстаун,Симонс-Таун (Южно-Африканская Республика).,не галлюцинация,0
rubq-20,"Какого цвета, по словам Рошфора, была лошадь д'Артаньяна?",ярко-желтого,"По словам Рошфора, лошадь д'Артаньяна была **каурая**.",галлюцинация,1
rubq-20,Сколько колес у мотоцикла с коляской?,3,У мотоцикла с коляской три колеса: два на мотоцикле и одно на коляске.,не галлюцинация,0
rubq-20,Какая лунная низменность находится на обратной стороне Луны?,море москвы,Море Москвы.,не галлюцинация,0
rubq-20,Кто из спортсменов порой прибегает к «обезьяньей игре»?,шахматы,"Возможно, имеется в виду **Майкл Джордан** (баскетболист), который использовал тактику ""обезьяньей игры"" (частое использование одного и того же приёма) в начале своей карьеры. Однако уверенности в этом нет.",галлюцинация,1
rubq-20,Чьё изобретение стало прообразом детали обыкновенной ручной мясорубки?,архимед,"Изобретение **винтового механизма** (Архимед, III век до н.э.) стало прообразом шнека в ручной мясорубке.",не галлюцинация,0
rubq-20,Какой неметалл встречается в природе в самородном виде?,сера,В природе в самородном виде встречаются углерод (в виде алмаза и графита) и сера.,не галлюцинация,0
rubq-20,Какая картина получила шутливое прозвище «Рембрандт на вынос»?,«Портрет Якоба де Гейна ІІІ,"Картина Диего Веласкеса ""Завтрак"" (1617-1618) получила шутливое прозвище ""Рембрандт на вынос"".",галлюцинация,1
rubq-20,Какой шведский хоккейный клуб прервал 13-летнюю победную серию московского ЦСКА в Кубке Европы?,«Юргорден»,AIK (в сезоне 1983/84).,галлюцинация,1
rubq-20,"Как, согласно этикету, нужно есть хинкали?",руками,"Согласно этикету, хинкали нужно есть руками, держа за выступающий кончик, который не едят. Сначала откусывают небольшой кусочек, затем пьют сок внутри, после чего доедают хинкали. Кончик оставляют на тарелке.",не галлюцинация,0
rubq-20,Какая птица в геральдике является символом бдительности?,журавль,Сова.,галлюцинация,1
rubq-20,Как назывался третий круг ада Данте из Божественной комедии?,чревоугодие,Любострастники.,галлюцинация,1
rubq-20,Какая политическая партия ЮАР представляет в основном этнических зулу?,инката,Партия Inkatha Freedom Party (IFP) в основном представляет интересы этнических зулусов.,не галлюцинация,0
rubq-20,Какое минимальное число игроков команды на футбольном поле допустимо при продолжении игры?,7,Минимальное число игроков команды на поле для продолжения игры — 7.,не галлюцинация,0
rubq-20,Когда появился первый компьютер?,В 1938 году,"Первый электронный компьютер общего назначения — **ENIAC** — был создан в **1945 году**. Однако некоторые устройства (например, механические или электромеханические) можно считать предшественниками компьютеров, начиная с **1820-х годов** (например, разностная машина Чарльза Бэббиджа).

*Примечание: Точное определение ""первого компьютера"" зависит от критериев (электронный, программируемый, универсальный и т. д.).*",галлюцинация,1
rubq-20,Какое хождение описано в известном романе Алексея Толстого?,По мукам,"Вопрос: О каком хождении идёт речь?

Ответ: В романе Алексея Толстого ""Пётр Первый"" описано **Великое посольство Петра I в Европу** (1697–1698).",галлюцинация,1
rubq-20,"Какое звание получил Гринёв в Белогородской крепости в ,,Капитанской дочке,,?",Прапорщик,"В произведении ""Капитанская дочка"" Пушкина, Гринёв не получил никакого звания в Белогорской крепости. Он служил там офицером, но конкретного звания не упоминается.",галлюцинация,1
rubq-20,В какой лиге играет ЦСКА?,"Лига чемпионов УЕФА, Кубок России по футболу, Российская Премьер-Лига",ЦСКА играет в Российской премьер-лиге (РПЛ).,не галлюцинация,0
rubq-20,Какие национальности в США?,"американцы США, немцы, шведы","В США нет официально установленных национальностей, так как страна является многонациональным государством. Основные группы по происхождению (по переписи 2020 года):
- Белые (неиспаноязычные) – 57,8%
- Испаноязычные/латиноамериканцы – 18,7%
- Афроамериканцы – 12,1%
- Азиаты – 5,9%
- Американские индейцы/коренные жители Аляски – 1,3%
- Коренные жители Гавайев/Тихоокеанских островов – 0,2%
- Две или более расы – 2,9%
- Другое – 1,1%

*Примечание: данные приблизительные, так как США не используют понятие ""национальность"" в официальных документах, а классифицируют по расовому и этническому признаку.*",не галлюцинация,0
rubq-20,Какой пост занимает Матвиенко?,Председатель верхней палаты парламента,"Вопрос: Какой пост занимает Матвиенко?
Ответ: Председатель Совета Федерации Федерального Собрания Российской Федерации.",не галлюцинация,0
rubq-20,Кто участвовал в 1 мировой войне?,"США, Канада, Османская империя, Австралия, Австро-Венгрия, Бразилия, Бельгия, Британская империя, Таиланд, Германская империя, Финляндия, Российская империя, Горская республика, Герцогство Курляндское и Земгальское, Российская республика, Третья Французская республика, Украинская народная республика, Грузинская демократическая республика, Королевство Литва, Кубанская народная республика, Японская империя, Китайская Республика, Королевство Италия, Южно-Африканский союз, Королевство Венгрия, Королевство Румыния, Королевство Сербия, Белорусская народная республика, Третье Болгарское царство, Азербайджанская Демократическая Республика, Королевство Черногория, Джебель-Шаммар, Хиджаз, Государство дервишей, Украинская держава, Первая Португальская республика, Ньюфаундленд, Балтийское герцогство, Крымское краевое правительство, Всевеликое войско Донское, Дарфурский султанат, Доминион Новая Зеландия, Королевство Греция, Королевство Польское","В Первой мировой войне (1914–1918) участвовали две основные коалиции:

1. **Антанта** (союзники):
   - Франция
   - Великобритания
   - Россия (до 1917)
   - Италия (с 1915)
   - США (с 1917)
   - Япония
   - и другие (всего около 30 стран).

2. **Центральные державы**:
   - Германия
   - Австро-Венгрия
   - Османская империя
   - Болгария (с 1915).

*Примечание: Состав коалиций менялся, некоторые страны меняли сторону.*",не галлюцинация,0
rubq-20,На каком озере находится Валаам?,Ладожского озера,Озеро Валаам находится на Валаамском архипелаге в северной части Ладожского озера.,не галлюцинация,0
rubq-20,Притоком какой реки является Намана?,Лены,Намана — приток реки Вахш (бассейн Амударьи).,галлюцинация,1
rubq-20,В какой лиге играет Анжи?,Российская Премьер-Лига,"""Анжи"" играет в Первой лиге России по футболу (сезон 2023/24).",галлюцинация,1
rubq-20,В какой части света находится Люксембург?,в Западной Европе,Европа.,не галлюцинация,0
rubq-20,Где находится штаб-квартира Интерпола?,Лион,"Штаб-квартира Интерпола находится во Франции, в городе Лион.",не галлюцинация,0
rubq-20,Какой архитектурный стиль здания МГУ?,"Сталинский ампир, Нарышкинский стиль",Здание МГУ выполнено в стиле **сталинский ампир** (разновидность советского монументального классицизма).,не галлюцинация,0
rubq-20,Кто дочь Алсу?,"Микелла Абрамова, Сафина Яновна Абрамова",Дочь Алсу — София (родилась в 2001 году).,не галлюцинация,0
rubq-20,Столица какой страны Люксембург?,Люксембург,"Люксембург — столица одноимённого государства, Люксембурга.",не галлюцинация,0
rubq-20,В каких лигах играет Барселона?,"Лига чемпионов УЕФА, Ла Лига, Лига Испании по футболу","Барселона играет в:

- Ла Лига (Испания)
- Кубок Испании
- Суперкубок Испании
- Лига чемпионов УЕФА
- Суперкубок УЕФА

*Возможно, также в других турнирах, но это основные.*",галлюцинация,1
rubq-20,В какой стране живут герои сказки Маугли?,Индии,"Герои сказки ""Маугли"" живут в Индии.",не галлюцинация,0
rubq-20,Где погребен Микеланджело?,Санта-Кроче,"Микеланджело погребён в базилике Санта-Кроче во Флоренции, Италия.",не галлюцинация,0
rubq-20,Где родилась Цветаева?,Москва,Цветаева родилась в Москве.,не галлюцинация,0
rubq-20,Где учился Ломоносов?,"Марбургский университет, Санкт-Петербургский государственный университет, Славяно-Греко-Латинская академия,Национальный университет «Киево-Могилянская академия","Ломоносов учился в Славяно-греко-латинской академии в Москве, а затем в Киево-Могилянской академии. Также он обучался в Марбургском университете в Германии.",не галлюцинация,0
rubq-20,За какую команду играет Акинфеев?,ЦСКА,Акинфеев играет за московский ЦСКА.,не галлюцинация,0
rubq-20,К какому жанру относится игра Far Cry New Dawn?,шутер от первого лица,Экшен от первого лица с элементами шутера и survival.,галлюцинация,1
rubq-20,Какие группы исполняли песни к фильму Брат?,Nautilus Pompilius,"В фильме ""Брат"" (1997) песни исполняли:
1. Наутилус Помпилиус
2. Кино
3. Аквариум
4. Юрий Морозов
5. Юрий Ильченко
6. Сергей Курёхин

(Не уверен, что это полный список.)",галлюцинация,1
rubq-20,Какие платформы поддерживает Роблокс?,"iOS,Mac,Xbox One,PC,и Oculus Rift","Роблокс поддерживает платформы: Windows, macOS, iOS, Android, Xbox One.",не галлюцинация,0
rubq-20,Кто дочь Шойгу?,Юлия Шойгу,Ксения Шойгу.,галлюцинация,1
rubq-20,Кто написал Винни Пуха?,"Алан Александр Милн, Элизабетт Гноун",Винни Пуха написал Алан Александр Милн.,не галлюцинация,0
rubq-20,Кто основал компанию Форд?,Генри Форд,Компанию Ford основал Генри Форд в 1903 году.,не галлюцинация,0
rubq-20,Кто режиссер сериала Сваты?,"Андрей Яковлев, Эдуард Радзюкевич, Владимир Зеленский","Режиссеры сериала ""Сваты"":
- Борис Бланк (1-5 сезоны)
- Наталия Бучма (6-7 сезоны)
- Илья Куликов (8-12 сезоны)",галлюцинация,1
rubq-20,Кто отец Дмитрия Борисова?,"Бак, Дмитрий Петрович",Отца Дмитрия Борисова (российского футболиста) установить не удалось — в открытых источниках информация отсутствует.,галлюцинация,1
rubq-20,Кто участвовал в Ледовом побоище?,"Тевтонский орден, Новгородская республика, Дания",В Ледовом побоище 1242 года участвовали войска Новгородской республики под командованием князя Александра Невского и рыцари Ливонского ордена.,не галлюцинация,0
rubq-20,На каких платформах выйдет Death Stranding?,"PlayStation 4, Windows","На данный момент (2024 год) *Death Stranding* доступен на следующих платформах:
- PlayStation 4
- PlayStation 5
- PC (Steam)

Возможность выхода на других платформах не подтверждена.",галлюцинация,1
rubq-20,В какой части света находится Турция?,Европа,Турция расположена в двух частях света: в Европе (около 3%) и в Азии (около 97%).,не галлюцинация,0
rubq-20,На каком озере стоят деревянные церкви острова Кижи?,Онежское озеро,Озера Онего (Онежское).,не галлюцинация,0
rubq-20,С кем в браке Настя Каменских?,Потап,Настя Каменских замужем за Потапом (Андрием Потієнко).,не галлюцинация,0
rubq-20,В какой команде играет Месси?,Барселона,На данный момент (июнь 2024) Лионель Месси играет за американский клуб **Inter Miami CF** в MLS.,галлюцинация,1
rubq-20,В какой стране основана компания Samsung?,Южная Корея,Южная Корея.,не галлюцинация,0
rubq-20,В какой команде играет Роналдо?,Ювентус,"Не уверен, но, вероятно, имеется в виду Криштиану Роналду. На данный момент (2024 год) он играет за ""Аль-Насср"" (Саудовская Аравия).",не галлюцинация,0
rubq-20,Где похоронен Калашников Михаил Тимофеевич?,Федеральное военное мемориальное кладбище,"Калашников Михаил Тимофеевич похоронен на Federal Military Memorial Cemetery в Мытищах, Московская область, Россия.",не галлюцинация,0
rubq-20,Где родилась Юлия Началова?,Воронеж,"Юлия Началова родилась в Воронеже, Россия.",не галлюцинация,0
rubq-20,За кого играет Неймар?,Пари Сен-Жермен,"Неймар играет за сборную Бразилии и за клуб ""Аль-Хилаль"" (Саудовская Аравия).",не галлюцинация,0
rubq-20,Из какой династии был Иван Грозный?,Рюриковичи,Иван Грозный был из династии Рюриковичей.,не галлюцинация,0
rubq-20,К какому направлению относят произведения Макса Бекмана?,"новая вещественность, экспрессионизм",Экспрессионизм.,не галлюцинация,0
rubq-20,Какая компания производит автомобиль Mustang?,Ford Motor Company,Ford Motor Company.,не галлюцинация,0
rubq-20,Какая компания сняла Пираты карибского моря?,"The Walt Disney Company, Jerry Bruckheimer Productions, Walt Disney Pictures, Second Mate Productions",Компания Walt Disney Pictures.,не галлюцинация,0
rubq-20,Какая столица в Венгрии?,Будапешт,Будапешт.,не галлюцинация,0
rubq-20,Какой вуз окончил Александр Володин?,ВГИК,"Александр Володин окончил **Ленинградский государственный институт театра, музыки и кинематографии (ЛГИТМиК)** в 1951 году.",не галлюцинация,0
rubq-20,Какой национальности Путин Владимир Владимирович?,русский,Российской.,галлюцинация,1
rubq-20,Какой национальности Хабиб Нурмагомедов?,аварец,Хабиб Нурмагомедов — российский спортсмен дагестанского происхождения (народность — аварец).,не галлюцинация,0
rubq-20,Какой тембр голоса у Фредди Меркьюри?,Баритон,"У Фредди Меркьюри был высокий, мощный и вибрирующий тенор с широким диапазоном (около 4 октав).",галлюцинация,1
rubq-20,Какой университет окончил Гранин?,Санкт-Петербургский Политехнический Университет Петра Великого,Гранин (Даниил Александрович Герман) окончил Ленинградский политехнический институт (ныне Санкт-Петербургский политехнический университет Петра Великого) в 1940 году.,не галлюцинация,0
rubq-20,Компания разработчик Консультант Плюс?,КонсультантПлюс,"Компания-разработчик: ООО ""Консультант Плюс"".",не галлюцинация,0
rubq-20,Кто дочь Этери Тутберидзе?,Диана Дэвис,Алина Загитова и Софья Акатьева.,галлюцинация,1
rubq-20,Кто папа Децла?,Александр Яковлевич Толмацкий,"Отец Децла — **Александр Михайлович Спиридонов**, бывший музыкант группы ""Сектор Газа"".",галлюцинация,1
rubq-20,Кто по профессии был Иисус Христос?,плотник,"Иисус Христос был плотником (по профессии отца, Иосифа), а также проповедником и религиозным деятелем.",не галлюцинация,0
rubq-20,Кто является автором песни про царя Ивана Васильевича молодого опричника и удалого купца Калашникова?,Лермонтов Михаил,"Автором произведения ""Песня про царя Ивана Васильевича, молодого опричника и удалого купца Калашникова"" является Михаил Юрьевич Лермонтов.",не галлюцинация,0
rubq-20,Куда впадает река Амазонка?,Атлантический океан,Река Амазонка впадает в Атлантический океан.,не галлюцинация,0
rubq-20,Куда впадает река Нева?,"Финский залив, Невская губа",Река Нева впадает в Финский залив Балтийского моря.,не галлюцинация,0
rubq-20,Куда впадает река Нил?,Средиземное море,"Река Нил впадает в Средиземное море, образуя обширную дельту в Египте.",не галлюцинация,0
rubq-20,Куда впадает река Обь?,"Обская губа, Карское море","Река Обь впадает в Карское море, образуя Обскую губу.",не галлюцинация,0
rubq-20,На каких островах находится Гонолулу?,Оаху,"Гонолулу находится на острове Оаху, который входит в состав Гавайских островов.",не галлюцинация,0
rubq-20,На какой позиции играет Месси?,Нападающий,Нападающий (атакующий полузащитник или вингер).,не галлюцинация,0
rubq-20,На какой реке стоит Хабаровск?,Амур,Хабаровск стоит на реке Амур.,не галлюцинация,0
rubq-20,На каком кладбище похоронен Децл?,"Пятницкое кладбище, Москва",На Николо-Архангельском кладбище в Москве.,галлюцинация,1
rubq-20,На чем играл Ростропович?,виолончель,Виолончель.,не галлюцинация,0
rubq-20,Столица какой страны город Лиссабон?,Португалия,Столица Португалии.,не галлюцинация,0
rubq-20,Столицей какой страны является Дакар?,Сенегала,Столица Сенегала.,не галлюцинация,0
rubq-20,Столицей какой страны является Куала-Лумпур?,Малайзии,Куала-Лумпур — столица Малайзии.,не галлюцинация,0
rubq-20,Чьим притоком является река Мозель?,Рейн,Река Мозель является левым притоком реки Рейн.,не галлюцинация,0
rubq-20,Где захоронен Борис Годунов?,"Свято-Троицкая Сергиева Лавра, Сергиев Посад","Борис Годунов похоронен в Троице-Сергиевой лавре (город Сергиев Посад, Московская область).",не галлюцинация,0
rubq-20,К какой епархии относится Валаамский монастырь?,Выборгская и Финляндская епархия,Валаамский монастырь относится к **Санкт-Петербургской епархии** Русской православной церкви.,галлюцинация,1
rubq-20,К какому архитектурному стилю относится Каменецкая башня?,к типу волынских,Каменецкая башня (Белая вежа) в Каменце-Подольском относится к **готическому стилю** с элементами романского.,галлюцинация,1
rubq-20,Какое административное деление в Польше?,"страна делится на воеводства (wojewodztwo), воеводства - на повяты (powiat), повяты - на гмины (gmina). В 1999 году введено новое административное деление. Теперь в Польше 16 воеводств, ~300 повятов, и 2489 гмин","Польша делится на 16 воеводств (польск. *województwa*), которые, в свою очередь, состоят из 380 повятов (*powiaty*), а те — из 2477 гмин (*gminy*).",галлюцинация,1
rubq-20,Какое административное устройство Китая?,"В конституции КНР предусмотрено трёхступенчатое административное деление: провинция, уезд (город), волость (поселок). Однако в реальности существуют ещё два уровня: округ (между провинцией и уездом) и деревня (ниже волости)","Китай — **унитарное государство** с административно-территориальным делением на:

1. **23 провинции** (включая Тайвань, статус которого оспаривается)
2. **5 автономных районов** (Гуанси, Внутренняя Монголия, Нинся-Хуэй, Тибет, Синьцзян)
3. **4 муниципалитета центрального подчинения** (Пекин, Тяньцзинь, Шанхай, Чунцин)
4. **2 особых административных района** (Гонконг, Макао)

**Тайвань** считается 23-й провинцией Китая, но фактически контролируется властями Тайбэя.

*Источник: Конституция КНР (1982 г.) и законодательство.*",не галлюцинация,0
rubq-20,Какое административное устройство США?,федерация,"США — федеративная республика, состоящая из 50 штатов, федерального округа Колумбия и зависимых территорий. Штаты имеют собственные конституции и правительства, но подчиняются федеральной конституции.",не галлюцинация,0
rubq-20,Какой титул у Атоса?,Королева-консорт,"Граф де Ла Фер (не уверен, возможно, также виконт).",не галлюцинация,0
rubq-20,Кто изготавливает айфоны?,Китай,"Айфоны изготавливаются компанией Foxconn (основной производитель) и другими контрактными производителями, такими как Pegatron и Wistron, по заказу Apple.",не галлюцинация,0
rubq-20,Кто брат Селены?,Эос,Брат Селены — А.Б. Квинт (A.B. Quintanilla III).,галлюцинация,1
rubq-20,От чего скончался Кит Флинт?,Самоубийство,"Кит Флинт, вокалист группы The Prodigy, скончался 4 марта 2019 года от передозировки героина.",галлюцинация,1
rubq-20,Чей фильм Чернобыль 2019?,Производство США и Великобритании,"Режиссёр фильма ""Чернобыль"" (2019) — Крейг Мейзин.",не галлюцинация,0
rubq-20,Что окончил Тургенев?,Петербургский университет,Иван Тургенев окончил **Санкт-Петербургский университет** (филологический факультет) в 1837 году.,не галлюцинация,0
rubq-20,Чьим притоком является Нижняя Тунгуска?,р. Кочечум,Нижняя Тунгуска является правым притоком реки Енисей.,галлюцинация,1
rubq-20,Где гробница Мухаммеда?,"Зелёный купол, Медина, Саудовская Аравия","Гробница Мухаммеда находится в Медине, в мечети Аль-Масджид ан-Набави (Мечеть Пророка).",не галлюцинация,0
rubq-20,Где играет Ковальчук?,Черноморец,"На данный момент (июнь 2024) Илья Ковальчук играет за команду ""СКА"" (Санкт-Петербург) в Континентальной хоккейной лиге (КХЛ).",галлюцинация,1
rubq-20,Какая киностудия снимает фильмы Марвел?,"Marvel Studios, LLC",Киностудия Marvel Studios (подразделение The Walt Disney Company).,не галлюцинация,0
rubq-20,Какая причина смерти Веры Глаголевой?,рак желудка,Причина смерти Веры Глаголевой — рак поджелудочной железы.,галлюцинация,1
rubq-20,Какое административное устройство Испании?,автономное сообщество,"Испания — **унитарное государство** с **децентрализованной системой управления**. Страна разделена на **17 автономных сообществ** (испан. *comunidades autónomas*) и **2 автономных города** (Сеута и Мелилья).

Автономные сообщества имеют свои парламенты и правительства, но не являются суверенными государствами.",не галлюцинация,0
rubq-20,Какой медалью был награжден Дмитрий Ларин?,Золотая звезда,"Не уверен. По данным на 2024 год, в открытых источниках нет информации о награждении Дмитрия Ларина медалью.",не галлюцинация,0
rubq-20,Какую премию получил Бунин?,Нобелевской премии,Иван Бунин получил Нобелевскую премию по литературе в 1933 году.,не галлюцинация,0
rubq-20,Кто основал компанию Фольксваген?,Германский трудовой фронт,Компанию Volkswagen основал в 1937 году Фердинанд Порше по поручению немецкого правительства во главе с Адольфом Гитлером.,галлюцинация,1
rubq-20,Кто проектировал американскую статую Свободы?,"Фредерик Огюст Бартольди, Ричард Моррис Хант","Французский скульптор Фредерик Огюст Бартольди при участии инженера Гюстава Эйфеля, который разработал внутреннюю конструкцию статуи.",галлюцинация,1
rubq-20,Кто режиссер фильма Изгой?,Роберт Земекис,"Режиссёр фильма ""Изгой"" (2000) — Роберт Земекис.",не галлюцинация,0
rubq-20,Кто режиссер фильма Один дома?,Крис Коламбус,"Режиссёр фильма ""Один дома"" (1990) — **Крис Коламбус**.",не галлюцинация,0
rubq-20,Кто сочинил гимн России?,Сергей Владимирович Михалков,"Автор текста гимна России — Сергей Михалков, музыку написал Александр Александров.",не галлюцинация,0
rubq-20,Чьим притоком является Псекупс?,Реки Кубань,Псекупс является левым притоком реки Кубань.,не галлюцинация,0
rubq-20,В какой стране зародился танец танго?,Аргентина,Танец танго зародился в Аргентине (и Уругвае).,не галлюцинация,0
rubq-20,В каком жанре работал Исаак Оливер придворный художник Анны Датской?,Портрет,Исаак Оливер работал в жанре миниатюры.,не галлюцинация,0
rubq-20,В каком море находится Мальта?,Средиземного моря,Мальта находится в Средиземном море.,не галлюцинация,0
rubq-20,Где учился Лермонтов?,Московский государственный университет имени М.В.Ломоносова,Лермонтов учился в Московском университетском благородном пансионе (1828–1830) и Московском университете (1830–1832). Позже был переведён в школу гвардейских подпрапорщиков и кавалерийских юнкеров в Санкт-Петербурге (1832–1834).,галлюцинация,1
rubq-20,Кто написал песню День Победы?,"Давид Фёдорович Тухманов, Владимир Гаврилович Харитонов","Автор музыки — Давид Тухманов, автор слов — Владимир Харитонов.",не галлюцинация,0
rubq-20,В каком государстве находится самый первый университет в мире?,Болонский университет в Италии,"Алжир (в городе Фес, университет Аль-Карауин, основан в 859 году).",галлюцинация,1
rubq-20,В каком жанре работал римский поэт Марциал?,Эпиграмма,Марциал работал в жанре эпиграммы.,не галлюцинация,0
rubq-20,Кто сочинил симфонию Героическую?,Бетховен,Людвиг ван Бетховен.,не галлюцинация,0
rubq-20,На каком континенте находится Марокко?,Африка,Марокко находится в Африке.,не галлюцинация,0
rubq-20,Чьё имя носит Московская государственная консерватория?,П. И. Чайковского,Имя П. И. Чайковского.,не галлюцинация,0
rubq-20,В каком городе живут герои сериала Друзья?,Нью-Йорке,"Герои сериала ""Друзья"" живут в Нью-Йорке.",не галлюцинация,0
rubq-20,В каком стиле построен Большой театр в Москве?,Неоклассическая архитектура,Большой театр в Москве построен в стиле ампир.,галлюцинация,1
rubq-20,В каком стиле построен Казанский Собор Санкт-Петербурга?,Ампир,Казанский собор Санкт-Петербурга построен в стиле ампир.,не галлюцинация,0
rubq-20,В каком стиле строил Гауди?,Модерн,Гауди строил в стиле **модерн** (каталонский модернизм).,не галлюцинация,0
rubq-20,В каком стиле строил Джакомо Кваренги?,Классицизм,Джакомо Кваренги строил в стиле классицизма.,не галлюцинация,0
rubq-20,Где была сформирована 272 стрелковая дивизия?,в районе Тихвина,"272-я стрелковая дивизия была сформирована в **Тамбове** (РСФСР, СССР) в 1941 году.",галлюцинация,1
rubq-20,Какая платформа у айфона?,iOS,У iPhone используется проприетарная платформа Apple — **iOS** (ранее iPhone OS).,не галлюцинация,0
rubq-20,Какой вуз окончил Зеленский?,Криворожский экономический институт Киевского национального экономического университета,"Зеленский окончил Киевский национальный экономический университет имени Вадима Гетьмана по специальности ""правоведение"".",не галлюцинация,0
rubq-20,Какой город столица штата Калифорния?,Сакраменто,Сакраменто.,не галлюцинация,0
rubq-20,Какой город является столицей республики Карелия?,Петрозаводск,Петрозаводск.,не галлюцинация,0
rubq-20,Компания разработчик Opera?,Opera Software,Opera Software AS (Норвегия).,не галлюцинация,0
rubq-20,Кто была мать Пушкина?,Надежда Осиповна Пушкина,Надежда Осиповна Пушкина (урождённая Ганнибал).,не галлюцинация,0
rubq-20,Кто написал песнь О вещем Олеге?,Александр Сергеевич Пушкин,"Автор текста — Александр Пушкин (стихотворение ""Песнь о вещем Олеге"", 1822). Музыку написал композитор Александр Варламов (1840-е годы).",не галлюцинация,0
rubq-20,Кто написал песню Кукушка?,Виктор Цой,"Песня ""Кукушка"" написана Виктором Цоем.",не галлюцинация,0
rubq-20,Кто сочинил симфонию Юпитер?,Вольфганг Амодей Моцарт,Вольфганг Амадей Моцарт.,не галлюцинация,0
rubq-20,На какой реке находится водопад Виктория?,Замбези,Водопад Виктория находится на реке Замбези.,не галлюцинация,0
rubq-20,Где находится могила Герцена?,Кладбище дю Шато,"Могила Александра Герцена находится на кладбище Пер-Лашез в Париже, Франция.",галлюцинация,1
rubq-20,В какой стране исповедуют синтоизм?,Япония,Синтоизм исповедуют в Японии.,не галлюцинация,0
rubq-20,Кто победитель чемпионата мира по шахматам 2006 года?,Владимир Крамник,Владимир Крамник (Россия) — чемпион мира по шахматам 2006 года (по версии ФИДЕ).,не галлюцинация,0
rubq-20,Количество сезонов Игры престолов?,8,8 сезонов.,не галлюцинация,0
rubq-20,Количество сезонов Отчаянные домохозяйки?,8,8 сезонов.,не галлюцинация,0
rubq-20,Сколько сезонов сериала Рассказ служанки?,3,8 сезонов.,не галлюцинация,0
rubq-20,Какое число серий в Сказочный патруль?,42 (планируется 78),"В первом сезоне ""Сказочного патруля"" 26 серий.",галлюцинация,1
rubq-20,Сколько весит Нурмагомедов?,70,"Я не уверен в точном весе Хабиба Нурмагомедова. По разным данным, его вес варьируется от 70 до 77 кг.",не галлюцинация,0
rubq-20,Когда изобретен электрогенератор?,между 1853 и 1856 годами,Электрогенератор постоянного тока был изобретен в 1831 году Майклом Фарадеем. Генераторы переменного тока появились позже — первый практический образец создал Никола Тесла в 1887 году.,галлюцинация,1
rubq-20,Сколько сезонов в сериале Знахарь?,2,"В сериале ""Знахарь"" (The Witcher) на данный момент (июнь 2024 года) **3 сезона**.",не галлюцинация,0
rubq-20,В каком году изобретен велосипед?,В 1817 году,Первый велосипед (дрезина) был изобретён Карлом Дрезом в 1817 году.,не галлюцинация,0
rubq-20,В каком году основан Ижевск?,1760 г,Ижевск основан в 1760 году.,не галлюцинация,0
rubq-20,В каком году родился Сталин?,1878,Иосиф Сталин родился в 1878 году.,не галлюцинация,0
rubq-20,Какова площадь Антарктиды?,14 000 000 км²,"Площадь Антарктиды составляет примерно **14,2 миллиона квадратных километров**.",не галлюцинация,0
rubq-20,Когда был создан Youtube?,14 февраля 2005,YouTube был создан в **феврале 2005 года**.,не галлюцинация,0
rubq-20,Когда родился Есенин?,3 октября 1895 г,21 сентября (3 октября) 1895 года.,галлюцинация,1
rubq-20,Сколько сезонов в Интернах?,14,"В сериале ""Интерны"" 6 сезонов.",галлюцинация,1
rubq-20,Сколько сезонов в сериале Солдаты?,Солдаты (17),"В сериале ""Солдаты"" 12 сезонов.",галлюцинация,1
rubq-20,Какая химическая формула у глюкозы?,C₆H₁₂O₆,Химическая формула глюкозы — **C₆H₁₂O₆**.,не галлюцинация,0
rubq-20,В каком году был выпущен фильм Титаник?,18 ноября 1997 г,1997 год.,не галлюцинация,0
rubq-20,В каком году был образован Международный олимпийский комитет?,23 июня 1894 г,1894 год.,не галлюцинация,0
rubq-20,В каком году был образован СССР?,30 декабря 1922 г,1922 год.,не галлюцинация,0
rubq-20,В каком году введена в эксплуатацию железная дорога сообщением Санкт-Петербург Москва?,1851,1851 год.,не галлюцинация,0
rubq-20,В каком году образована Новороссийская губерния?,1764,Новороссийская губерния образована в 1802 году.,галлюцинация,1
rubq-20,В каком году родилась Алла Пугачева?,15 апреля 1949,Алла Пугачева родилась в 1949 году.,не галлюцинация,0
rubq-20,В каком году выпущен фильм Вокзал для двоих?,1982,"Фильм ""Вокзал для двоих"" выпущен в 1982 году.",не галлюцинация,0
rubq-20,В каком году вышел фильм Москва слезам не верит?,1979,"Фильм ""Москва слезам не верит"" вышел в 1980 году.",галлюцинация,1
rubq-20,В каком месяце произошел развал Советского Союза?,8 декабря 1991 года,Распад Советского Союза произошёл в декабре 1991 года.,не галлюцинация,0
rubq-20,Когда было построено первое метро?,10 января 1863 года,Первое метро было построено в Лондоне и открыто в 1863 году.,не галлюцинация,0
rubq-20,Когда введен в действие Кодекс торгового мореплавания РФ?,30.04.1999,Кодекс торгового мореплавания Российской Федерации был введён в действие 1 апреля 2004 года (Федеральный закон от 30 апреля 1999 года № 81-ФЗ).,галлюцинация,1
rubq-20,Когда родился Пушкин?,26 мая (6 июня) 1799 г,26 мая (6 июня) 1799 года.,не галлюцинация,0
rubq-20,Когда учреждено звание Героя Социалистического Труда?,27 декабря 1938,Звание учреждено 27 декабря 1938 года.,не галлюцинация,0
rubq-20,Какова высота горы Джомолунгма?,8848 м,8848 метров над уровнем моря (по данным Китая и Непала).,не галлюцинация,0
rubq-20,При какой температуре плавится железо?,1 538°C,Температура плавления железа составляет **1538 °C** (при нормальном давлении).,не галлюцинация,0
rubq-20,В каком году был выпущен первый iphone?,9 января 2007 года,Первый iPhone был выпущен в **2007 году** (9 января).,не галлюцинация,0
rubq-20,В каком году был образован КГБ?,13 марта 1954 г,КГБ СССР был образован в 1954 году.,не галлюцинация,0
rubq-20,В каком году был основан Московский университет?,25 января 1755 г,1755,не галлюцинация,0
rubq-20,В каком году был основан Ярославль?,1010 г,Ярославль был основан в 1010 году.,не галлюцинация,0
rubq-20,В каком году был учрежден Интерпол?,7 сентября 1923,Интерпол был учрежден в 1923 году.,не галлюцинация,0
rubq-20,В каком году был учреждён Русский театр для представления трагедий и комедий?,30 августа (10 сентября) 1756,1756 год.,не галлюцинация,0
rubq-20,В каком году была учреждена Нобелевская премия?,в 1969 году,Нобелевская премия была учреждена в 1895 году.,не галлюцинация,0
rubq-20,В каком году были учреждены зимние олимпийские игры?,В 1924 году,Зимние Олимпийские игры были учреждены в 1924 году.,не галлюцинация,0
rubq-20,В каком году было образовано Федеральное казначейство РФ?,1992,Федеральное казначейство РФ было образовано в 1992 году.,не галлюцинация,0
rubq-20,В каком году завершилась Реконкиста?,в 1492 году,1492 год.,не галлюцинация,0
rubq-20,В каком году заложен Летний сад?,в 1704 году,Летний сад был заложен в 1704 году.,не галлюцинация,0
rubq-20,В каком году образован Европейский комитет по стандартизации CEN?,1961 г,CEN был основан в 1961 году.,не галлюцинация,0
rubq-20,В каком году образована баскетбольная ассоциация (NBA)?,1946,1946 год.,не галлюцинация,0
rubq-20,В каком году образована Калининградская область?,1946,Калининградская область образована в 1946 году.,не галлюцинация,0
rubq-20,В каком году образована Кубанская область?,1918,1860 год.,галлюцинация,1
rubq-20,В каком году образована Международная федерация гимнастики FIG?,1881,1881 год.,не галлюцинация,0
rubq-20,В каком году образовано МЧС?,23 сентября 1994 г,1990 год.,галлюцинация,1
rubq-20,В каком году окончилась Русско-японская война?,23 августа 1905,1905 год.,не галлюцинация,0
rubq-20,В каком году основан город Владимир?,990 г. от Рождества Христова,Город Владимир основан в 1108 году.,галлюцинация,1
rubq-20,В каком году основан Гугл?,4 сентября 1998 г,2004 (официально зарегистрирован как компания).,галлюцинация,1
rubq-20,В каком году основана компания Apple?,1976,Компания Apple основана в 1976 году.,не галлюцинация,0
rubq-20,В каком году произошел Августовский путч?,21 августа 1991 г,1991 год.,не галлюцинация,0
rubq-20,В каком году произошел Карибский кризис?,16 октября 1962 г,1962 год.,не галлюцинация,0
rubq-20,В каком году родилась Людмила Гурченко?,1935,1935 год.,не галлюцинация,0
rubq-20,В каком году родилась Мэрилин Монро?,1 июня 1926 г,1926.,не галлюцинация,0
rubq-20,В каком году родилась Тамара Синявская?,1943,1943 год.,не галлюцинация,0
rubq-20,В каком году родился Гершвин?,26 сентября 1898 г,1898,не галлюцинация,0
rubq-20,В каком году родился Чайковский?,1840,Чайковский родился в 1840 году.,не галлюцинация,0
rubq-20,В каком году вышел фильм Бриллиантовая рука?,1968,1968 год.,не галлюцинация,0
rubq-20,В каком году умер Брежнев?,10 ноября 1982 г,1982,не галлюцинация,0
rubq-20,В каком году учрежден орден Родительская слава?,13 мая 2008 года,"Орден ""Родительская слава"" учрежден в 2008 году.",не галлюцинация,0
rubq-20,В каком году учреждена медаль За оборону Сталинграда?,22 декабря 1942 года,1943 год.,галлюцинация,1
rubq-20,В каком году учреждена медаль За отвагу на пожаре?,31 октября 1957 года,1957 год.,не галлюцинация,0
rubq-20,В каком году учреждена Международная федерация бадминтона?,в 1934,Международная федерация бадминтона (BWF) учреждена в 1934 году.,не галлюцинация,0
rubq-20,Когда был выпущен айфон 8?,12 сентября 2017 года,iPhone 8 был выпущен 22 сентября 2017 года.,галлюцинация,1
rubq-20,Когда был образован Коми-Пермяцкий автономный округ?,1925,Коми-Пермяцкий автономный округ был образован 26 февраля 1925 года.,не галлюцинация,0
rubq-20,Когда был образован Международный паралимпийский комитет?,22 сентября 1989 г,Международный паралимпийский комитет (МПК) был образован в 1989 году.,не галлюцинация,0
rubq-20,Когда был основан Питер?,27 мая 1703,Санкт-Петербург был основан 27 мая (16 мая по старому стилю) 1703 года.,не галлюцинация,0
rubq-20,Когда был учрежден орден Ленина?,6 апреля 1930,Орден Ленина был учрежден 6 апреля 1930 года.,не галлюцинация,0
rubq-20,Когда появился rambler.ru?,1996,Rambler.ru был запущен в 1996 году.,не галлюцинация,0
rubq-20,Когда была учреждена опричнина?,5 января 1565 году,Опричнина была учреждена в 1565 году.,не галлюцинация,0
rubq-20,Когда было образовано Временное правительство?,1917 г,2 (15) марта 1917 года.,не галлюцинация,0
rubq-20,Когда было образовано НКВД РСФСР?,10 июля 1934 г,НКВД РСФСР был образован 15 ноября 1917 года.,галлюцинация,1
rubq-20,Когда было подписано Мюнхенское соглашение?,1938 год,Мюнхенское соглашение было подписано 30 сентября 1938 года.,не галлюцинация,0
rubq-20,Когда завершились Гуситские войны?,1434 год,Гуситские войны завершились в 1434 году битвой у Липан.,не галлюцинация,0
rubq-20,Когда заключен пакт Молотова-Риббентропа?,23 августа 1939,Пакт Молотова-Риббентропа был заключён 23 августа 1939 года.,не галлюцинация,0
rubq-20,Когда образована Единая Россия?,1 декабря 2001 г,"Партия ""Единая Россия"" была образована 1 декабря 2001 года.",не галлюцинация,0
rubq-20,Когда образованы воздушно десантные войска?,2 августа 1930 года,Воздушно-десантные войска (ВДВ) СССР были образованы 2 августа 1930 года.,не галлюцинация,0
rubq-20,Когда окончилась гражданская война в России?,25 октября 1922/16 июля 1923 года,Гражданская война в России окончилась в **1923 году** (победой большевиков).,не галлюцинация,0
rubq-20,Когда основаны пограничные войска?,1918 г,"Пограничные войска как отдельные формирования появились в XIX веке. Например, в России официально они были учреждены в 1893 году (Отдельный корпус пограничной стражи). В других странах даты могут отличаться.",галлюцинация,1
rubq-20,Когда произошел Брусиловский прорыв?,4 июня 1916 г,Брусиловский прорыв начался 22 мая (4 июня) 1916 года.,не галлюцинация,0
rubq-20,Когда родился Омар Хайям?,18 мая 1048 г,Омар Хайям родился в 1048 году.,не галлюцинация,0
rubq-20,Когда убита Анна Линд?,11 сентября 2003 г,"Анна Линд, министр иностранных дел Швеции, была убита 11 сентября 2003 года.",не галлюцинация,0
rubq-20,Какая химическая формула озона?,O3,O₃,не галлюцинация,0
rubq-20,Какова температура плавления ртути?,"-38,83°C","Температура плавления ртути: **-38,83 °C**.",не галлюцинация,0
rubq-20,Какова химическая формула строительного гипса?,CaSO4·2H2O,CaSO₄·0.5H₂O (полугидрат сульфата кальция).,галлюцинация,1
rubq-20,При какой температуре плавится олово?,"231,9°C","Температура плавления олова составляет 231,9 °C.",не галлюцинация,0
rubq-20,В каком году было образовано Московское княжество?,1283,"Московское княжество образовалось в 1263 году (дата условна, так как точное разделение княжества от Владимиро-Суздальского не зафиксировано).",галлюцинация,1
rubq-20,Как долго продолжался первый полет человека в космос?,108,Первый полёт человека в космос (Юрия Гагарина) продолжался 1 час 48 минут.,не галлюцинация,0
rubq-20,Какая температура замерзания дистиллированной воды?,0,"Температура замерзания дистиллированной воды при нормальном атмосферном давлении составляет **0°C**. Однако, в зависимости от условий (например, отсутствие центров кристаллизации), она может переохлаждаться до **-42°C** (не уверен в точном значении).",не галлюцинация,0
rubq-20,Какой атомный номер у кремния?,14,Атомный номер кремния — 14.,не галлюцинация,0
rubq-20,При какой температуре испаряется пропиленгликоль?,187.4,"Температура кипения пропиленгликоля составляет 188,2 °C.",не галлюцинация,0
rubq-20,Как долго длилось первое российское кругосветное плавание под руководством Крузенштерна?,1096,Первое российское кругосветное плавание под руководством Ивана Крузенштерна и Юрия Лисянского длилось с 1803 по 1806 год (3 года).,не галлюцинация,0
rubq-20,Сколько дней длился штурм Кенигсберга?,4,Штурм Кенигсберга длился с 6 по 9 апреля 1945 года — **4 дня**.,не галлюцинация,0
rubq-20,Сколько лет длилась Ливонская война?,25,Ливонская война длилась 25 лет (1558–1583).,не галлюцинация,0
rubq-20,Сколько лет продолжались Гуситские войны в Чехии?,15,"Гуситские войны продолжались с 1419 по 1434 годы, то есть 15 лет.",не галлюцинация,0
rubq-20,Сколько лет продолжалось восстание Пугачева?,2,"Восстание Пугачёва продолжалось **1,5 года** (сентябрь 1773 — август 1774).",не галлюцинация,0
rubq-20,Сколько лет продолжалось первое кругосветное плавание?,3,Первое кругосветное плавание (экспедиция Магеллана-Элькано) продолжалось **3 года** (1519–1522).,не галлюцинация,0
rubq-20,Сколько дней продолжалась оборона Севастополя?,248,Оборона Севастополя продолжалась 349 дней (с 30 октября 1854 года по 27 августа 1855 года) во время Крымской войны.,галлюцинация,1
rubq-20,Как официально называется Великобритания?,Соединенное королевство Великобритании и Северной Ирландии,Официальное название — **Соединённое Королевство Великобритании и Северной Ирландии** (англ. *United Kingdom of Great Britain and Northern Ireland*).,не галлюцинация,0
rubq-20,Из какого количества депутатов состоит Государственная дума?,450,Государственная дума состоит из 450 депутатов.,не галлюцинация,0
rubq-20,Когда закрыли Галилео?,в 2015 году,"Канал ""Галилео"" закрыт не был. По состоянию на октябрь 2023 года он продолжает вещание.",галлюцинация,1
rubq-20,В каком году был опубликован императорский манифест О создании в России Государственной думы?,17 (30) октября 1905,1905 год.,не галлюцинация,0
rubq-20,В каком году появилось издательство Малыш?,1963 году,"Издательство ""Малыш"" было основано в 1946 году.",галлюцинация,1
rubq-20,Какой рост у Медведева?,"1,63 м",Рост Дмитрия Медведева составляет примерно 162 см.,не галлюцинация,0
rubq-20,Какая дата первого релиза PUBG?,21 декабря 2017 года,Первый релиз PUBG (PlayerUnknown's Battlegrounds) состоялся 20 декабря 2017 года.,галлюцинация,1
rubq-20,Какая площадь у Каспийского моря?,3 626 000 км²,Площадь Каспийского моря составляет примерно 371 000 км² (по разным оценкам от 371 000 до 386 400 км²).,галлюцинация,1
rubq-20,Когда впервые был упомянут город Минск?,3 марта 1067 года,Впервые Минск упоминается в Ипатьевской летописи под 1067 годом как владение князя Всеслава Брячиславича.,не галлюцинация,0
rubq-20,Когда закрылся Связной банк?,2015,Связной банк был ликвидирован 1 ноября 2016 года.,галлюцинация,1
rubq-20,Какая глубина озера Балхаш?,"5,8 м","Глубина озера Балхаш варьируется от 4,5 до 26 метров. Средняя глубина — около 6 метров.",не галлюцинация,0
rubq-20,Когда впервые показали картину Приключения принца Флоризеля?,13 января 1981 года,В 1921 году.,галлюцинация,1
rubq-20,Когда издана Красная книга?,в 1963 году,Красная книга СССР была издана в 1978 году. Красная книга РСФСР — в 1983 году.,не галлюцинация,0
rubq-20,В каком году появился ислам как религия?,В 610 году,"Ислам возник в начале VII века, примерно в 610 году.",не галлюцинация,0
rubq-20,Какая глубина озера Свитязь?,58 м,"Глубина озера Свитязь составляет около 58,4 метра.",не галлюцинация,0
rubq-20,Какая дата релиза первого Сталкера?,20 марта 2007,20 марта 2007 года.,не галлюцинация,0
rubq-20,Какая площадь Черного моря?,436 402 км²,Площадь Черного моря составляет примерно **422 000 км²** (по другим данным — 436 400 км²).,галлюцинация,1
rubq-20,Сколько серий в сериале Крепостная?,48,"В сериале ""Крепостная"" 24 серии (2 сезона по 12 серий в каждом).",галлюцинация,1
rubq-20,В каком году был основан Орден тамплиеров?,1119,Орден тамплиеров был основан в 1119 году.,не галлюцинация,0
rubq-20,В каком году Некрасов написал стихотворение Памяти Добролюбова?,1864,1864 год.,не галлюцинация,0
rubq-20,Какая по порядку Венера от Солнца?,2,Венера — вторая планета от Солнца.,не галлюцинация,0
rubq-20,Какая причина смерти Евгения Осина?,Остановка сердца,Причина смерти Евгения Осина — острая сердечно-сосудистая недостаточность (инфаркт миокарда).,галлюцинация,1
rubq-20,Какое воинское звание было у Тараса Бульбы?,Полковник,"Я не уверен, но в произведении Николая Гоголя ""Тарас Бульба"" он описывается как полковник.",не галлюцинация,0
rubq-20,Кто основал компанию Supercell?,"Илкка Паананен, Микко Кодисоя, Нико Дером, Виса Форстен, Ласси Леппинен, Петри Стайрман","Илькка Паананен, Микко Кодисаари, Ярно Вякевяйнен, Паси Сойнинен, Петри Стурк и Никлас Лехд в 2010 году.",галлюцинация,1
rubq-20,Кто открыл ДНК?,Френсиса Крика,Открытие структуры ДНК принадлежит Джеймсу Уотсону и Фрэнсису Крику в 1953 году. Они опирались на данные Розалинд Франклин и Мориса Уилкинса.,не галлюцинация,0
rubq-20,Кто супруга Сергея Лазарева?,Анна Белодедова супруга  Сергея Лазарева,"У Сергея Лазарева нет официально подтвержденной супруги. В 2019 году он состоял в отношениях с Анной Хилькевич, но их брак не был зарегистрирован.",галлюцинация,1
rubq-20,Кто победитель International 2019?,OG,Победителем The International 2019 по Dota 2 стала команда **OG**.,не галлюцинация,0
rubq-20,Кто принимал участие в Потсдамской конференции?,"У. Черчилль, Г. Трумэн, И. В. Сталин","Участники Потсдамской конференции (17 июля – 2 августа 1945 года):

1. **СССР**: Иосиф Сталин
2. **США**: Гарри Трумэн
3. **Великобритания**: Уинстон Черчилль (до 26 июля), затем Клемент Эттли (после победы лейбористов на выборах)

Также присутствовали главы правительств других стран, но основные решения принимали эти трое.",не галлюцинация,0
rubq-20,Что изображено на 100 рублевой купюре России?,"панорама столичной Театральной площади, квадрига Аполлона на здании Большого театра",На 100-рублевой купюре России изображён Большой театр в Москве.,галлюцинация,1
rubq-20,Что исповедуют калмыки?,"буддизм тибетской школы Гелуг;православие, мусульмане",Калмыки исповедуют **тибетский буддизм** (школа Гелуг). Также среди них есть православные христиане и атеисты.,галлюцинация,1
rubq-20,В какой стране зародился архитектурный стиль ампир?,Франция,Франция.,не галлюцинация,0
rubq-20,К какому художественному направлению относится поэма Мцыри?,романтизма,"Поэма ""Мцыри"" Михаила Лермонтова относится к романтизму.",не галлюцинация,0
rubq-20,На каких островах находится Новая Зеландия?,"Южный, Северный","Новая Зеландия находится на островах Северный и Южный, а также на ряде более мелких островов, включая остров Стюарт и острова Чатем.",не галлюцинация,0
rubq-20,На каком озере стоит Петрозаводск?,Онежское озеро,Петрозаводск стоит на Онежском озере.,не галлюцинация,0
rubq-20,Где был создан кубик Рубика?,Будапешт,Кубик Рубика был создан в Венгрии.,не галлюцинация,0
rubq-20,Где была сформирована 316-я панфиловская дивизия?,в Алма-Ате,"316-я стрелковая дивизия (впоследствии переименована в 8-ю гвардейскую) была сформирована в городе Алма-Ата, Казахская ССР, в июле-августе 1941 года.",не галлюцинация,0
rubq-20,Где проживает австралоидная раса?,Австралия,Австралоидная раса (коренные австралийцы) проживает в Австралии.,не галлюцинация,0
rubq-20,Где происходит разрушение эритроцитов?,в печени и селезёнке,"Разрушение эритроцитов происходит в селезёнке, печени и костном мозге.",галлюцинация,1
rubq-20,В каком году прекратили производить ВАЗ 2114?,2013,Производство ВАЗ 2114 было прекращено в 2013 году.,не галлюцинация,0
rubq-20,В каких битвах участвовал Дмитрий Донской?,"Битва на реке Воже  1378 г,  Куликовская битва 1380 г","Дмитрий Донской участвовал в следующих битвах:
1. Битва на реке Воже (1378) — победа.
2. Куликовская битва (1380) — победа.

Также участвовал в обороне Москвы от Тохтамыша (1382), но поражение.",не галлюцинация,0
rubq-20,Когда был учрежден Правительствующий сенат?,22.02.1711,Правительствующий сенат был учрежден 22 февраля (5 марта) 1711 года.,не галлюцинация,0
rubq-20,В каком году издан Детский альбом Чайковского?,1878,1878 год.,не галлюцинация,0
rubq-20,Как звали мать Андрея Сахарова?,Екатерина Алексеевна Сахарова,Екатерина Алексеевна Сахарова.,не галлюцинация,0
rubq-20,Кто была мать Циолковского?,Мария Ивановна Юмашева,Мария Ивановна Юмашева.,не галлюцинация,0
rubq-20,Кто была мать Ивана Бунина?,Людмила Александровна Чубарова,Мать Ивана Бунина — Людмила Александровна Бунина (урождённая Чубарова).,не галлюцинация,0
rubq-20,Какой архитектурный стиль у здания Венского музея естествознания?,историзм,Здание Венского музея естествознания выполнено в стиле неоренессанс.,не галлюцинация,0
rubq-20,В каком стиле построено здание Национальной библиотеки в Минске?,конструктивизм,Здание Национальной библиотеки Беларуси построено в стиле хай-тек.,галлюцинация,1
rubq-20,В каком стиле построено здание Египетского национального музея?,неоклассический бозар,Здание Египетского национального музея построено в неоклассическом стиле.,не галлюцинация,0
rubq-20,В каком стиле построен Дом художников в Вене?,итальянское возрождение,Стиль: сецессион (модерн).,не галлюцинация,0
rubq-20,Какой по счёту планетой от Солнца является Уран?,7,Уран — 7-я планета от Солнца.,не галлюцинация,0
rubq-20,Какая по счету планета от Солнца Меркурий?,1,Меркурий — первая планета от Солнца.,не галлюцинация,0
rubq-20,Кем был основан город Томск?,"Гаврила Писемский, Высилий Тырков",Томск был основан в 1604 году по указу царя Бориса Годунова как крепость для защиты от набегов кочевников.,не галлюцинация,0
rubq-20,Кто основал город Берн в Швейцарии?,Бертольд V,Город Берн в Швейцарии был основан в 1191 году герцогом Бертольдом V фон Церингеном.,не галлюцинация,0
rubq-20,Кто является основателем Хабаровска?,Яков Васильевич Дьяченко,Основателем Хабаровска считается генерал-губернатор Восточной Сибири Николай Николаевич Муравьёв-Амурский. Основан в 1858 году.,галлюцинация,1
rubq-20,Кто является основателем города Сызрань?,Григорий Афанасьевич Козловский,"Основателем Сызрани считается князь Григорий Косаговский, который в 1683 году заложил крепость на месте современного города.",галлюцинация,1
rubq-20,Как зовут отца Витаса?,Владас Аркадьевич Грачёв,Имя отца Витаса — Алексей Давидович Волочков.,галлюцинация,1
rubq-20,Как звали отца поэта Иосифа Бродского?,Александр Иванович Бродский,Александр Иванович Бродский.,не галлюцинация,0
rubq-20,На какой реке находится город Сыктывкар?,Северная Двина,Город Сыктывкар находится на реке Сысола.,не галлюцинация,0
rubq-20,На берегу какого залива расположен Дубай?,Персидский залив,Дубай расположен на берегу Персидского залива.,не галлюцинация,0
rubq-20,Кто дизайнеры Bugatti Chiron?,"Ахим Аншайдт, Александр Селипанов, Фрэнк Хейл, Этьен Саломе",Дизайнеры Bugatti Chiron: Ахим Аншальд (руководитель) и Стефан Силен (главный дизайнер).,галлюцинация,1
tape-multiq.raw,"В какой лиге играет команда, за тренировки которой отвечает Дан Петреску?",Лиги чемпионов,"Не уверен. По состоянию на 2024 год Дан Петреску тренирует румынский клуб **Рапид (Бухарест)**, который выступает в **Лиге I** (высший дивизион чемпионата Румынии).",галлюцинация,1
tape-multiq.raw,"В какой лиге играет команда, за тренировки которой отвечает Маурицио Тромбетта?",Лиги чемпионов,"Я не уверен, но предположительно это может быть ""Аль-Араби"" из Катара, так как Тромбетта тренировал эту команду в 2022 году.",галлюцинация,1
tape-multiq.raw,"В какой лиге играет команда, которую тренирует Владимир Валерьевич Газзаев?",Казахстанской Суперлиги,"Не уверен, так как Владимир Газзаев тренировал множество команд. На данный момент (2024 год) он не возглавляет ни одну известную команду.",галлюцинация,1
tape-multiq.raw,"В какой лиге играет команда, которую тренирует Энтони Хадсон?",Премьер-лиге,"Не уверен. Возможно, в MLS или в другой североамериканской лиге, так как Энтони Хадсон тренировал клубы из США и Канады.",не галлюцинация,0
tape-multiq.raw,"В какой лиге играет команда, тренера которой зовут Андрис Йонкер?",Премьер-лиге,"Команда под руководством Андриса Йонкера играет в **Бундеслиге 2** (второй по силе лиге Германии). Йонкер возглавляет клуб **""Ганновер 96""** (по состоянию на сезон 2023/24).",галлюцинация,1
tape-multiq.raw,"В какой лиге играет команда, тренера которой зовут Пабло Санчес?",Втором дивизионе,"Не уверен. Возможно, в низших испанских лигах или в Ла Лиге.",галлюцинация,1
tape-multiq.raw,"В какой лиге играет команда, тренером которой является Жорже Кошта?",Лиги чемпионов,"Команда под руководством Жорже Кошты — ""Аль-Иттихад"" (Саудовская Аравия), выступающая в **Саудовской Про-лиге**.",галлюцинация,1
tape-multiq.raw,"В каком городе умер человек, именем которого названа Набережная Зодчего Дудина?",Ижевск,В Санкт-Петербурге.,галлюцинация,1
tape-multiq.raw,"В какую реку впадает река, притоком которой является Большая Брусенка?",Сухона,"Я не уверен в точном ответе. Возможно, река Брусенка впадает в реку Унжу (приток Волги).",не галлюцинация,0
tape-multiq.raw,"В какую реку впадает река, притоком которой является Висвож?",Айювы,Река Печора.,галлюцинация,1
tape-multiq.raw,"В какую реку впадает река, притоком которой является Волошная?",Унжа,В реку Унжу.,не галлюцинация,0
tape-multiq.raw,"В какую реку впадает река, притоком которой является Гжелка?",Оки,Река Москва.,не галлюцинация,0
tape-multiq.raw,"В какую реку впадает река, притоком которой является Косшор?",Болванскую губу,"Не уверен, но, вероятно, в Печору.",галлюцинация,1
tape-multiq.raw,"В какую реку впадает река, притоком которой является Малодельня?",Оки,Река Дон.,не галлюцинация,0
tape-multiq.raw,"В какую реку впадает река, притоком которой является Пысотчемъёль?",Вишеры,"Не уверен. Возможно, в реку Ижма.",галлюцинация,1
tape-multiq.raw,"В какую реку впадает река, притоком которой является Тембенчи?",Нижняя Тунгуска,"Река Тембенчи является притоком реки Хатанга, которая впадает в море Лаптевых.",галлюцинация,1
tape-multiq.raw,"В какую реку впадает река, притоком которой является Эйстри-Раунгау?",Хоульсау,"Не уверен, но, вероятно, в Эйстри-Раунгау впадает в реку Лёйгарватн или её приток.",галлюцинация,1
tape-multiq.raw,"В состав какой административно-территориальной единицы входит город, где умер Генрих Шурц?",Вольный ганзейский город Бремен,"Город, где умер Генрих Шурц — **Берлин**. Он входит в состав **федеральной земли Берлин**.",галлюцинация,1
tape-multiq.raw,"Внутри какой административно-территориальной единицы расположен город, где родился Миколас Мартинович Бурокявичюс?",Алитусского уезда и Алитусского района,"Город Шауляй, где родился Миколас Мартинович Бурокявичюс, расположен в Шауляйском уезде Литвы.",галлюцинация,1
tape-multiq.raw,"Где был рождён человек, отвечавший за режиссуру фильма ""Джимены""?",Филадельфия,"Не уверен. По предварительным данным, режиссёром фильма ""Джимены"" (2023) является Адам Р. Перлман, который родился в Нью-Йорке, США.",галлюцинация,1
tape-multiq.raw,"Где был рождён человек, придумавший Лизу Симпсон?",Портленд,"Мэтт Гроунинг, создатель Лизи Симпсон, родился в Портленде, штат Орегон, США.",не галлюцинация,0
tape-multiq.raw,"Где появился на свет человек, ответственный за режиссуру фильма ""Кошки против собак 3""?",Бербанк,"Режиссёр фильма ""Кошки против собак 3"" (2010) — **Джоэл Бергвалл** (Joel Bergvall). Точное место его рождения — **Швеция**, но конкретный город неизвестен.",галлюцинация,1
tape-multiq.raw,Где родилась дочь Феликса Бербера?,немецкая,"Не уверен. Возможно, в Германии, но точная информация не найдена.",не галлюцинация,0
tape-multiq.raw,"Где родился автор произведения ""Зеркало и свет""?",Глоссоп,Катарина Иннелла родилась в Швеции.,галлюцинация,1
tape-multiq.raw,"Где родился человек, который был братом Иоанниса Дамианоса (флотоводца)?",Идра,"Иоаннис Дамианос (флотоводец) был греком. Его брат, **Александрос Дамианос**, родился в **Афинах, Греция**.",галлюцинация,1
tape-multiq.raw,"Где родился человек, который был братом Пауля Фроммельта?",Шане,"Пауль Фроммельт не имеет брата. У него есть сестра — Хани Венцель, олимпийская чемпионка по горнолыжному спорту.",галлюцинация,1
tape-multiq.raw,"Гражданином какой страны является режиссёр фильма ""Пламя в душе""?",Австралия,"Режиссёр фильма ""Пламя в душе"" (2011) — Изабель Койшет — гражданка Испании.",галлюцинация,1
tape-multiq.raw,"Как называется водоток, в который впадает река, притоком которой является Малый Вырып?",Певк,"Не уверен, но предположительно: река Вырып (приток реки Кожва, которая впадает в реку Печора).",галлюцинация,1
tape-multiq.raw,"Как называется должность человека, возглавлявшего государство, гражданином которого был Павел Егорович Томилов?",Император Всероссийский,"Не уверен, но, вероятно, это был ""Президент Российской Федерации"" (если речь о современной России) или ""Император Всероссийский"" (если о Российской империи).",галлюцинация,1
tape-multiq.raw,"Как называется законодательный орган города, где родилась Екатерина Михайловна Турова?",горсоветом,"Законодательный орган города, где родилась Екатерина Михайловна Турова (Москва), — Московская городская Дума.",не галлюцинация,0
tape-multiq.raw,"Как называется законодательный орган города, где родилась Елизавета Николаевна Званцева?",Городской думы,Законодательный орган города Москвы — Московская городская Дума.,галлюцинация,1
tape-multiq.raw,"Как называется законодательный орган города, где родилась Клеопатра Николаевна Шевченко?",Авдеевский городской совет,Законодательный орган города Николаева — Николаевский городской совет.,галлюцинация,1
tape-multiq.raw,"Как называется законодательный орган города, где родилась Эрмине Микаэловна Нагдалян?",городским советом,"Законодательный орган города Ереван (Армения), где родилась Эрмине Нагдалян, называется **Совет старейшин Еревана** (Ереванский городской совет).",галлюцинация,1
tape-multiq.raw,"Как называется законодательный орган города, где родился Александр Васильевич Мигдеев?",горсовета,"Не уверен, но предположительно, это может быть Городская дума города, где родился Александр Васильевич Мигдеев. Для точного ответа нужна дополнительная информация о его месте рождения.",галлюцинация,1
tape-multiq.raw,"Как называется законодательный орган города, где родился Александр Степанович Бугаёв?",Комитеты самоорганизации населения,"Законодательный орган города, где родился Александр Степанович Попов (Бугаёв — это псевдоним) — **Петербургская городская дума**.",галлюцинация,1
tape-multiq.raw,"Как называется законодательный орган города, где родился Алексей Николаевич Сысин?",Городской думы,"Законодательный орган города, где родился Алексей Николаевич Сысин (Москва) — Московская городская дума.",не галлюцинация,0
tape-multiq.raw,"Как называется законодательный орган города, где родился Андрей Кременчук?",Городской думы,"Законодательный орган города, где родился Андрей Кременчук (г. Одесса), — Одесский городской совет.",галлюцинация,1
tape-multiq.raw,"Как называется законодательный орган города, где родился Ара Акопович Саакян?",ереванским городским советом,Государственный законодательный орган города Ереван (Армения) — Городской совет Еревана (Ереванский городской совет).,не галлюцинация,0
tape-multiq.raw,"Как называется законодательный орган города, где родился Армен Арамович Киракосян?",ереванским городским советом,"Законодательный орган города, где родился Армен Арамович Киракосян (Москва), — Московская городская дума.",галлюцинация,1
tape-multiq.raw,"Как называется законодательный орган города, где родился Армен Джумшудович Саркисян?",ереванским городским советом,Парламент Республики Армения.,галлюцинация,1
tape-multiq.raw,"Как называется законодательный орган города, где родился Аршак Багратович Петросян?",городским советом,"Законодательный орган города Ленинакан (ныне Гюмри, Армения) — Городской совет Ленинакана.",не галлюцинация,0
tape-multiq.raw,"Как называется законодательный орган города, где родился Василий Васильевич Доленко?",городским советом,"Законодательный орган города, где родился Василий Васильевич Доленко (г. Макеевка, Донецкая область, Украина), называется Макеевский городской совет.",галлюцинация,1
tape-multiq.raw,"Как называется законодательный орган города, где родился Василий Сергеевич Любченко?",городской совет,"Законодательный орган города, где родился Василий Сергеевич Любченко (г. Николаев), — Николаевский городской совет.",не галлюцинация,0
tape-multiq.raw,"Как называется законодательный орган города, где родился Владимир Николаевич Воробьёв (хоккеист)?",Городской думы,Законодательный орган города Пензы — Пензенская городская дума.,не галлюцинация,0
tape-multiq.raw,"Как называется законодательный орган города, где родился Вячеслав Иванович Мясников?",Городской думы,"Городская дума. (Вячеслав Иванович Мясников родился в Нижнем Новгороде, где законодательный орган — городская дума.)",не галлюцинация,0
tape-multiq.raw,"Как называется законодательный орган города, где родился Гор Шаваршевич Малакян?",ереванским городским советом,Законодательный орган города Тбилиси (Грузия) — Тбилисский городской совет (Sakrebulo).,галлюцинация,1
tape-multiq.raw,"Как называется законодательный орган города, где родился Григор Вачеевич Меликсетян?",ереванским городским советом,"Не уверен, но, вероятно, это Ереванский городской совет (Ереванская городская дума).",не галлюцинация,0
tape-multiq.raw,"Как называется законодательный орган города, где родился Григор Оганесян?",ереванским городским советом,"Григор Оганесян родился в Ереване, законодательный орган которого — **Ереванский городской совет (Эребуни)**.",не галлюцинация,0
tape-multiq.raw,"Как называется законодательный орган города, где родился Гурген Норикович Варданян?",городским советом,"Не уверен, но, вероятно, это Ереванский городской совет (Ереванский совет старейшин).",не галлюцинация,0
tape-multiq.raw,"Как называется законодательный орган города, где родился Давид Вазгенович Мнацаканян?",ереванским городским советом,Законодательный орган города Еревана — **Совет старейшин Еревана** (Ереванский городской совет).,не галлюцинация,0
tape-multiq.raw,"Как называется законодательный орган города, где родился Евгений Васильевич Неронович?",городской совет,"Городская дума. (Не уверен, что это правильный ответ, так как не указан конкретный город рождения Евгения Васильевича Нероновича.)",галлюцинация,1
tape-multiq.raw,"Как называется законодательный орган города, где родился Евгений Иванович Седов?",Городской думы,"Законодательный орган города, где родился Евгений Иванович Седов (г. Пермь), — Пермская городская дума.",не галлюцинация,0
tape-multiq.raw,"Как называется законодательный орган города, где родился Игорь Фёдорович Масленников?",Городской думы,"Законодательный орган города Ленинград (ныне Санкт-Петербург) — **Законодательное собрание Санкт-Петербурга**.

*Примечание: Игорь Фёдорович Масленников родился в Ленинграде.*",не галлюцинация,0
tape-multiq.raw,"Как называется законодательный орган города, где родился Карлен Вардкесович Мкртчян?",ереванским городским советом,"Законодательный орган города Тбилиси (Грузия), где родился Карлен Вардкесович Мкртчян, называется **Самоперемошноба** (Самоуправление).",галлюцинация,1
tape-multiq.raw,"Как называется законодательный орган города, где родился Левон Гумединович Варданян?",ереванским городским советом,Законодательный орган города Сочи — Сочинская городская Дума.,галлюцинация,1
tape-multiq.raw,"Как называется законодательный орган города, где родился Марк Владимирович Григорян (журналист)?",ереванским городским советом,Марк Владимирович Григорян родился в Москве. Законодательный орган Москвы — Московская городская дума.,галлюцинация,1
tape-multiq.raw,"Как называется законодательный орган города, где родился Марлен Мкртычевич Асланян?",городским советом,"Законодательный орган города Сочи (Краснодарский край, Россия), где родился Марлен Асланян, — Сочинская городская Дума.",не галлюцинация,0
tape-multiq.raw,"Как называется законодательный орган города, где родился Микаэл Мовсесович Погосян?",ереванским городским советом,Законодательный орган города Тбилиси (Грузия) — Тбилисский городской совет (Sakrebulo).,галлюцинация,1
tape-multiq.raw,"Как называется законодательный орган города, где родился Михаил Иванович Петелин?",Городской думы Нижнего Новгорода,Государственная дума города Перми.,галлюцинация,1
tape-multiq.raw,"Как называется законодательный орган города, где родился Олег Яковлевич Ухналёв?",Городской думы,Законодательный орган города Ульяновска (родины Олега Ухналёва) — **Ульяновская городская Дума**.,галлюцинация,1
tape-multiq.raw,"Как называется законодательный орган города, где родился Павлос Нирванас?",Мариупольским горсоветом,Законодательный орган города Лимасол (Республика Кипр) называется **Городской совет Лимасола** (греч. Δημοτικό Συμβούλιο Λεμεσού).,не галлюцинация,0
tape-multiq.raw,"Как называется законодательный орган города, где родился Рубен Карленович Мирзаханян?",городским советом,"Законодательный орган города Ереван (Армения), где родился Рубен Карленович Мирзаханян, называется **Совет старейшин Еревана** (городской совет).",галлюцинация,1
tape-multiq.raw,"Как называется законодательный орган города, где родился Сергей Иосифович Авакянц?",ереванским городским советом,"Законодательный орган города, где родился Сергей Иосифович Авакянц (Москва), — Московская городская Дума.",галлюцинация,1
tape-multiq.raw,"Как называется законодательный орган города, где родился Тарон Генрихович Восканян?",ереванским городским советом,"Не уверен. Возможно, это Ереван, где родился Тарон Восканян, но точный законодательный орган города мне неизвестен.",не галлюцинация,0
tape-multiq.raw,"Как называется законодательный орган города, где родился Эдуард Степанович Топчян?",ереванским городским советом,"Законодательный орган города, где родился Эдуард Степанович Топчян (Ереван), — **Совет старейшин Еревана** (или **Городской совет Еревана**).",галлюцинация,1
tape-multiq.raw,"Как называется законодательный орган города, где умер Андрей Яковлевич Булыгин?",горсоветом,Законодательный орган города Москвы — Московская городская дума.,не галлюцинация,0
tape-multiq.raw,"Как называется законодательный орган города, где умер Вартан Рубенович Григорян?",ереванским городским советом,"Законодательный орган города, где умер Вартан Рубенович Григорян (Москва), — Московская городская Дума.",галлюцинация,1
tape-multiq.raw,"Как называется законодательный орган города, где умер Василий Гаврилович Петренко?",Горловский городской совет,"Законодательный орган города, где умер Василий Гаврилович Петренко (Москва), — Московская городская Дума.",галлюцинация,1
tape-multiq.raw,"Как называется законодательный орган города, где умер Врам Вагинакович Довлатян?",городским советом,Законодательный орган города Сочи.,не галлюцинация,0
tape-multiq.raw,"Как называется законодательный орган города, где умер Гаральд Константинович Сорокин?",Городской думы,Законодательный орган города Москвы — Московская городская Дума.,галлюцинация,1
tape-multiq.raw,"Как называется законодательный орган города, где умер Георг Арутюнович Оганесян?",городским советом,"Законодательный орган города, где умер Георг Арутюнович Оганесян (Москва), — Московская городская дума.",галлюцинация,1
tape-multiq.raw,"Как называется законодательный орган города, где умер Георгий Михайлович Лесников?",Мариупольским горсоветом,"Законодательный орган города, где умер Георгий Михайлович Лесников (Москва), — Московская городская Дума.",галлюцинация,1
tape-multiq.raw,"Как называется законодательный орган города, где умер Глеб Викторович Глебович?",Городской думы,Законодательный орган города Москвы — Московская городская Дума.,галлюцинация,1
tape-multiq.raw,"Как называется законодательный орган города, где умер Людвиг Папикович Гарибджанян?",ереванским городским советом,"Не уверен, но, вероятно, это может быть Ереванский городской совет (Ереванская городская дума), так как Гарибджанян умер в Ереване (Армения).",не галлюцинация,0
tape-multiq.raw,"Как называется законодательный орган города, где умер Марк Маркович Валентинов?",Городской думы,Законодательный орган города Москвы — Московская городская Дума.,галлюцинация,1
tape-multiq.raw,"Как называется законодательный орган города, где умер Наири Зарьян?",городским советом,Москва.,не галлюцинация,0
tape-multiq.raw,"Как называется законодательный орган города, где умер Степан Агабекович Кеворков?",городским советом,"Не уверен. Степан Агабекович Кеворков умер в Москве, но не нашёл подтверждения, что у Москвы есть отдельный законодательный орган города (обычно это Московская городская дума, но она считается региональным органом).",галлюцинация,1
tape-multiq.raw,"Как называется законодательный орган города, где умер Тимофей Фёдорович Ковалёв?",Городской думы,"Законодательный орган города, где умер Тимофей Фёдорович Ковалёв (Москва), — Московская городская Дума.",галлюцинация,1
tape-multiq.raw,"Как называется законодательный орган города, где умер Эдвард Михайлович Мирзоян?",ереванским городским советом,Ереванский городской совет (Ереванский муниципалитет).,не галлюцинация,0
tape-multiq.raw,"Как называется законодательный орган города, где умер Эразм Александрович Карамян?",городским советом,"Законодательный орган города, где умер Эразм Александрович Карамян (Москва), — Московская городская дума.",не галлюцинация,0
tape-multiq.raw,"Как называется законодательный орган города, где умер Юрий Александрович Дементьев?",Городской думы,Законодательный орган города Воронежа называется Воронежская городская Дума.,не галлюцинация,0
tape-multiq.raw,"Как называется законодательный орган государства, гражданином которого является Джас Рам Сингх?",двухпалатный парламент,"Законодательный орган Индии — **Парламент Индии** (санскрит: *भारतीय संसद*, хинди: *Bhāratīya Saṃsad*). Джас Рам Сингх — индийский политик, гражданин Индии.",не галлюцинация,0
tape-multiq.raw,"Как называется законодательный орган государства, гражданином которого является Тито Гисар?",Парламент,"Я не уверен, о каком именно Тито Гисар идет речь. Если это гражданин Индонезии, то законодательный орган — Народный консультативный конгресс (MPR).",галлюцинация,1
tape-multiq.raw,"Как называется законодательный орган государства, гражданином которого является Шарль Жузере?",парламентом,"Не уверен, но, вероятно, это Франция, и законодательный орган — Национальное собрание Франции.",не галлюцинация,0
tape-multiq.raw,"Как называется законодательный орган государства, гражданином которого является Эмиль Тиббо?",парламентом,"Я не уверен, так как не могу идентифицировать личность Эмиля Тиббо. Пожалуйста, уточните страну.",не галлюцинация,0
tape-multiq.raw,"Как называется законодательный орган государства, гражданкой которого является Лупе Велес?",Парламент,"Гражданкой Мексики, поэтому законодательный орган — **Конгресс Мексики** (исп. *Congreso de la Unión*).",не галлюцинация,0
tape-multiq.raw,"Как называется место рождения композитора, написавшего музыку для оперы ""Кавалер розы""?",Мюнхен,Рихард Штраус родился в Мюнхене.,не галлюцинация,0
tape-multiq.raw,"Как называется место, в котором появился на свет человек, снявший фильм ""О, что за чудесная война""?",Кембридж,"Место рождения режиссёра фильма ""О, что за чудесная война"" (Oh! What a Lovely War) Ричарда Аттенборо — Кембридж, Великобритания.",не галлюцинация,0
tape-multiq.raw,"Как называется место, в котором появился на свет человек, снявший фильм ""Шофёр поневоле""?",Санкт-Петербург,"Не уверен, но, вероятно, это место — Москва, так как режиссёр фильма ""Шофёр поневоле"" (1958) — Надежда Кошеверова, родившаяся в Москве.",галлюцинация,1
tape-multiq.raw,"Как называется населенный пункт, в котором родился человек, занимающий пост главы администрации в Неваде?",Милуоки,"Гэри, Невада (Ринджек Хэмптон, губернатор Невады с 2023 года).",галлюцинация,1
tape-multiq.raw,"Как называется река, питающаяся от реки, притоком которой является Ай-Хораюган?",Куноват,"Не уверен, так как нет точных данных о реке Ай-Хораюган. Возможно, это река **Войкар** (приток Оби), так как Ай-Хораюган может быть притоком Войкара. В таком случае, река, питающаяся от Войкара, — это **Обь**.",галлюцинация,1
tape-multiq.raw,"Как называется река, питающаяся от реки, притоком которой является Жумалы?",Аргут,"Не уверен, так как ""Жумалы"" может относиться к разным географическим объектам. Если предположить, что Жумалы — это река в Казахстане, то её притоки могут быть разными. Например, Жумалы может быть притоком реки Чу. В таком случае, река, питающаяся от Чу, может быть одной из её крупных притоков, таких как Аламедин или Иссык-Ата. Однако точный ответ требует уточнения.",галлюцинация,1
tape-multiq.raw,"Как называется река, питающаяся от реки, притоком которой является Илимдиг?",Тёши,"Точно не уверен, но, вероятно, это река Илим.",галлюцинация,1
tape-multiq.raw,"Как называется река, питающаяся от реки, притоком которой является Кагылькы?",Таз,"Река, питающаяся от реки, притоком которой является Кагылькы, называется Пензинаты.",не галлюцинация,0
tape-multiq.raw,"Как называется река, питающаяся от реки, притоком которой является Кыталькы?",Таз,"Река, питающаяся от реки, притоком которой является Кыталькы, называется Таз.",не галлюцинация,0
tape-multiq.raw,"Как называется река, питающаяся от реки, притоком которой является Нильчимсоим?",Оби,"Река, питающаяся от реки, притоком которой является Нильчимсоим, называется **Нильсос** (приток р. Сыня, бассейн р. Обь).",галлюцинация,1
tape-multiq.raw,"Как называется река, питающаяся от реки, притоком которой является Рестоника?",Тирренское море,"Не уверен, так как ""Рестоника"" не является известным географическим объектом. Возможно, это опечатка или малоизвестное название. Пожалуйста, уточните информацию.",не галлюцинация,0
tape-multiq.raw,"Как называется река, питающаяся от реки, притоком которой является Средняя Юрма?",Пайдугина,"Вероятно, это река Юрмаш (приток реки Юрюзань).",галлюцинация,1
tape-multiq.raw,"Как называется река, питающаяся от реки, притоком которой является Ющенкова?",Сулы,"Не уверен, но, вероятно, это приток второго порядка реки Ющенкова.",галлюцинация,1
tape-multiq.raw,"Какая должность была у главы государства в стране, чьим гражданином был Адольф Борисович Минкус?",Император Всероссийский,Генеральный секретарь ЦК КПСС (СССР).,галлюцинация,1
tape-multiq.raw,"Какая должность была у главы государства в стране, чьим гражданином был Александр Матвеевич Курганов?",Император Всероссийский,Глава государства — царь (Российская империя). Александр Матвеевич Курганов был гражданином России.,галлюцинация,1
tape-multiq.raw,"Какая должность была у главы государства в стране, чьим гражданином был Гораций Осипович Гинцбург?",Императора Всероссийского,"Не уверен, но, вероятно, это был титул ""министра"" или ""статс-секретаря"" в Российской империи, так как Гораций Осипович Гинцбург был известным общественным деятелем и филантропом в России.",галлюцинация,1
tape-multiq.raw,"Какая должность была у главы государства в стране, чьим гражданином был Иван Дмитриевич Донцов?",Император Всероссийский,Глава государства — президент. Иван Дмитриевич Донцов был гражданином России.,галлюцинация,1
tape-multiq.raw,"Какая должность была у главы государства в стране, чьим гражданином был Иван Прохорович Бедро?",Императора,Глава государства — король (Владислав IV Ваза).,не галлюцинация,0
tape-multiq.raw,"Какая должность была у главы государства в стране, чьим гражданином был Николай Николаевич Бантыш-Каменский?",Император Всероссийский,"Гетман (глава государства) в Речи Посполитой, которой подданным был Н. Н. Бантыш-Каменский.",галлюцинация,1
tape-multiq.raw,"Какая должность была у главы государства в стране, чьим гражданином был Павел Степанович Щепкин?",Император,"Павел Степанович Щепкин был гражданином Российской империи, где главой государства был император.",не галлюцинация,0
tape-multiq.raw,"Какая должность была у главы государства в стране, чьим гражданином был Павел Фёдорович Дубровин?",Императора Всероссийского,Глава государства — император. Павел Фёдорович Дубровин был гражданином Российской империи.,не галлюцинация,0
tape-multiq.raw,"Какая должность была у главы государства в стране, чьим гражданином был Пётр Алексеевич Преображенский (медик)?",Император Всероссийский,Глава государства — император.,не галлюцинация,0
tape-multiq.raw,"Какая должность была у главы государства в стране, чьим гражданином был Фёдор Михайлович Цомакион?",Император Всероссийский,"Не уверен. Фёдор Михайлович Цомакион был гражданином Османской империи, где главой государства был султан.",галлюцинация,1
tape-multiq.raw,"Какая должность была у главы государства в стране, чьим гражданином был Яков Петрович Дейхман?",Император Всероссийский,"Глава государства — император. (Российская империя, гражданином которой был Яков Петрович Дейхман).",не галлюцинация,0
tape-multiq.raw,"Какая должность была у главы государства в стране, чьим гражданном был Михаил Васильевич Авдеев (писатель)?",Император Всероссийский,Глава государства — император. Михаил Васильевич Авдеев был подданным Российской империи.,не галлюцинация,0
tape-multiq.raw,"Какое звание было бы у Вона Лэнга, если бы ему дали повышение?",генерал,"Не уверен. Вон Лэнг — персонаж из вселенной ""Звёздный путь"". В сериале ""Звёздный путь: Следующее поколение"" его звание — лейтенант-коммандер. Если бы ему дали повышение, вероятно, он стал бы коммандером, но точный ответ неизвестен.",галлюцинация,1
tape-multiq.raw,"Какое место является наивысшей точкой горного хребта, к которому принадлежит Монт-Сокбаро?",Агу,Наивысшая точка хребта Сокбаро — гора **Сокбаро** (3 630 м).,галлюцинация,1
tape-multiq.raw,"Какое место является наивысшей точкой горного хребта, к которому принадлежит Руговское ущелье?",гора Езерца,"Наивысшая точка — гора **Жаблен** (2257 м), находится в хребте **Проклетие** (Албанские Альпы), к которому принадлежит Руговское ущелье.",галлюцинация,1
tape-multiq.raw,"Какой город раньше существовал отдельно от города, где умер Пётр Ильич Сурков?",Железнодорожный,"Москва (город, где умер Пётр Ильич Сурков — Ульяновск).",галлюцинация,1
tape-multiq.raw,"Какой город раньше существовал отдельно от города, где умер Пётр Петрович Расланас?",Железнодорожный,Калининград (ранее Кёнигсберг).,галлюцинация,1
tape-multiq.raw,Какой город стал местом смерти брата Фридриха Генриха Якоби?,Фрайбург-им-Брайсгау,"Я не уверен, но, вероятно, это был Мюнхен.",галлюцинация,1
tape-multiq.raw,"Какой город является родным для режиссёра фильма ""Дети Хуанг Ши""?",Оттава,Ответ: Пекин.,галлюцинация,1
tape-multiq.raw,"Какой законодательный орган принимает законы в городе, где появилась на свет Надежда Николаевна Филиппова?",Городской думы,Законодательное Собрание Санкт-Петербурга.,не галлюцинация,0
tape-multiq.raw,"Какой законодательный орган принимает законы в городе, где появился на свет Пётр Иванович Васильев?",горсовета,"Город, где родился Пётр Иванович Васильев, — Санкт-Петербург. Законы в Санкт-Петербурге принимает **Законодательное собрание Санкт-Петербурга** (парламент города).",галлюцинация,1
tape-multiq.raw,"Какой законодательный орган принимает законы в городе, где появился на свет Роман Мушегян?",ереванским городским советом,"Не уверен, но, вероятно, это Ереванский городской совет (Совет старейшин) в Ереване, Армения, так как Роман Мушегян родился в Ереване.",не галлюцинация,0
tape-multiq.raw,"Какой законодательный орган принимает законы в городе, где умер Александр Викторович Абросимов?",Городской думы,Законодательное Собрание города Москвы.,галлюцинация,1
tape-multiq.raw,"Какой законодательный орган принимает законы в городе, где умер Андрей Глебович Покровский?",Городской думы,Законодательный орган города Москвы — Московская городская Дума.,не галлюцинация,0
tape-multiq.raw,"Какой законодательный орган принимает законы в городе, где умер Артавазд Ашотович Геворгян?",ереванским городским советом,Законодательный орган города Москвы — Московская городская Дума.,галлюцинация,1
tape-multiq.raw,"Какой законодательный орган принимает законы в городе, где умер Ашот Тигранович Асланян?",ереванским городским советом,Вопрос некорректен: место смерти Ашота Тиграновича Асланяна неизвестно.,галлюцинация,1
tape-multiq.raw,"Какой законодательный орган принимает законы в городе, где умер Бабкен Адамович Колозян?",ереванским городским советом,"Законодательный орган города, где умер Бабкен Адамович Колозян (Москва), — Московская городская Дума.",не галлюцинация,0
tape-multiq.raw,"Какой законодательный орган принимает законы в городе, где умер Владимир Вячеславович Радзиевский?",Городской думы,Законодательный орган города Москвы — Московская городская Дума.,галлюцинация,1
tape-multiq.raw,"Какой законодательный орган принимает законы в городе, где умер Владимир Иванович Жарков?",Мариупольским горсоветом,В Москве — Московская городская Дума.,галлюцинация,1
tape-multiq.raw,"Какой законодательный орган принимает законы в городе, где умер Вртанес Месропович Папазян?",ереванским городским советом,"В Ереване, где умер Вртанес Папазян, законы принимает **Национальное собрание Армении** (парламент).",галлюцинация,1
tape-multiq.raw,"Какой законодательный орган принимает законы в городе, где умер Гамлет Арутюнович Вартапетян?",городским советом,"В городе, где умер Гамлет Арутюнович Вартапетян (Москва), законы принимает Московская городская Дума.",не галлюцинация,0
tape-multiq.raw,"Какой законодательный орган принимает законы в городе, где умер Геворк Амбарцумович Абаджян?",ереванским городским советом,Законодательный орган города Москвы — Московская городская Дума.,галлюцинация,1
tape-multiq.raw,"Какой законодательный орган принимает законы в городе, где умер Левон Оганесович Ахвердян?",ереванским городским советом,"Законодательный орган города, где умер Левон Оганесович Ахвердян (Москва), — Московская городская Дума.",галлюцинация,1
tape-multiq.raw,"Какой законодательный орган принимает законы в городе, где умер Никандр Иванович Глориантов?",Городской думы,"Законодательный орган города, где умер Никандр Иванович Глориантов (Санкт-Петербург), — **Законодательное собрание Санкт-Петербурга**.",не галлюцинация,0
tape-multiq.raw,"Какой законодательный орган принимает законы в городе, где умер Николай Алексеевич Марушин?",Городской думы,Законодательное собрание города Перми.,галлюцинация,1
tape-multiq.raw,"Какой законодательный орган принимает законы в городе, где умерла Наталья Никитична Юргенс?",горсовета,Законодательный орган города Москвы — Московская городская Дума.,галлюцинация,1
tape-multiq.raw,"Какой законодательный орган принимает законы в государстве, гражданином которого является Густав де Молинари?",Федеральный парламент,"Густав де Молинари был гражданином Бельгии. В Бельгии законодательные органы, принимающие законы, включают:

1. **Парламент Бельгии** (федеральный уровень):
   - **Палата представителей** (нижняя палата)
   - **Сенат** (верхняя палата)

2. **Региональные парламенты** (например, Фламандский парламент, Валлонский парламент, Парламент Брюссельского столичного региона).

Основным федеральным законодательным органом является **Палата представителей**.",не галлюцинация,0
tape-multiq.raw,"Какой законодательный орган работает в городе, где появилась на свет Гоар Агабековна Енокян?",ереванским городским советом,"Не уверен. По имеющимся данным, Гоар Енокян родилась в Ереване (Армения), где законодательным органом является Национальное собрание Республики Армения.",галлюцинация,1
tape-multiq.raw,"Какой законодательный орган работает в городе, где появился на свет Арнольд Арамович Адамян?",ереванским городским советом,"Не уверен, но, вероятно, это Городская дума города Сочи, так как Арнольд Арамович Адамян родился в Сочи.",галлюцинация,1
tape-multiq.raw,"Какой законодательный орган работает в городе, где появился на свет Ашот Акопович Карагян?",городским советом,"Не уверен. Ашот Акопович Карагян родился в Ереване, Армения. Законодательный орган Армении — Национальное собрание (Azgayin Zhoghov).",галлюцинация,1
tape-multiq.raw,"Какой законодательный орган работает в городе, где появился на свет Баграт Гегамович Алекян?",ереванским городским советом,"Не уверен, но, вероятно, это Национальное собрание Республики Армения (в Ереване, где родился Баграт Алекян).",галлюцинация,1
tape-multiq.raw,"Какой законодательный орган работает в городе, где появился на свет Вардан Григорьевич Торосян?",городским советом,"Законодательный орган города, где родился Вардан Григорьевич Торосян (Ереван, Армения), — **Национальное собрание Республики Армения** (однопалатный парламент).",галлюцинация,1
tape-multiq.raw,"Какой законодательный орган работает в городе, где появился на свет Вячеслав Алексеевич Голубцов?",Городской думы,Законодательное собрание города Москвы.,галлюцинация,1
tape-multiq.raw,"Какой законодательный орган работает в городе, где появился на свет Матвей Соломонович Ганнушкин?",Городской думы,"Не уверен, но, вероятно, это Московская городская дума, так как Матвей Соломонович Ганнушкин родился в Москве.",не галлюцинация,0
tape-multiq.raw,"Какой законодательный орган работает в городе, где появился на свет Павел Милославович Балабан?",Городской думы,"В городе, где родился Павел Милославович Балабан — Москве, законодательным органом является Московская городская Дума.",не галлюцинация,0
tape-multiq.raw,"Какой законодательный орган работает в городе, где появился на свет Раис Халитович Рахматуллин?",Городской думы,"Раис Халитович Рахматуллин родился в Казани, законодательный орган — Государственный Совет Республики Татарстан.",галлюцинация,1
tape-multiq.raw,Какой законодательный орган работает в стране гражданства Сальвадора Пинеды?,Двухпалатный Конгресс,"Законодательный орган Сальвадора — **Законодательная ассамблея** (исп. *Asamblea Legislativa*), однопалатный парламент.",галлюцинация,1
tape-multiq.raw,"Какую должность занимает глава государства в стране, чьим гражданином был Сабри Асали?",президентов,Глава государства в Сирии (Сабри Асали был сирийским гражданином) — президент.,не галлюцинация,0
tape-multiq.raw,"Какую должность занимал глава государства в стране, гражданином которой был Александр Александрович Котляревский?",Император,Глава государства — император (Александр II).,не галлюцинация,0
tape-multiq.raw,"Какую должность занимал глава государства в стране, гражданином которой был Александр Николаевич Пушечников?",Император Всероссийский,"Не уверен. Возможно, речь идёт о гражданине России, где глава государства — президент.",не галлюцинация,0
tape-multiq.raw,"Какую должность занимал глава государства в стране, гражданином которой был Александр Петрович Рождественский?",Император Всероссийский,"Не уверен. Александр Петрович Рождественский был гражданином СССР, где главой государства был Председатель Президиума Верховного Совета СССР. В разные годы эту должность занимали:
- Михаил Калинин (1938–1946)
- Николай Шверник (1946–1953)
- Климент Ворошилов (1953–1960)
- Леонид Брежнев (1960–1964, 1977–1982)
- Анастас Микоян (1964–1965)
- Николай Подгорный (1965–1977)
- Юрий Андропов (1982–1984)
- Константин Черненко (1984–1985)
- Андрей Громыко (1985–1988)
- Михаил Горбачёв (1988–1991).",галлюцинация,1
tape-multiq.raw,"Какую должность занимал глава государства в стране, гражданином которой был Георгий Николаевич Христофоров?",Император Всероссийский,Глава государства — президент.,галлюцинация,1
tape-multiq.raw,"Какую должность занимал глава государства в стране, гражданином которой был Константин Петрович Вильбоа?",Императора Всероссийского,Глава государства — Император Всероссийский.,не галлюцинация,0
tape-multiq.raw,"Кто является главой администрации в городе, где родилась Евгения Михайловна Аветисян?","Баласанян, Самвел Мисакович","Главой администрации города, где родилась Евгения Михайловна Аветисян (Москва), является Сергей Собянин.",галлюцинация,1
tape-multiq.raw,"Кто является главой администрации в городе, где родилась Елена Фёдоровна Кулагина?",Евгению Тефтелеву,"Главой администрации города, где родилась Елена Фёдоровна Кулагина (Москва), является Сергей Собянин.",галлюцинация,1
tape-multiq.raw,"Кто является главой администрации в городе, где родилась Ирина Анатольевна Костюченкова?",Евгению Тефтелеву,Город рождения Ирины Анатольевны Костюченковой — **Волгоград**. Глава администрации Волгограда (на 2024 год) — **Александр Скоморохов**.,галлюцинация,1
tape-multiq.raw,"Кто является главой администрации в городе, где родилась Катя Кищук?",Юрий Цкипури,"Город — Брест (Беларусь). Глава администрации — Юрий Анискевич (не уверен, уточните актуальность на 2024 год).",галлюцинация,1
tape-multiq.raw,"Кто является главой администрации в городе, где родилась Леокадия Серафинович?",Миндаугас Синкявичюс,Главой администрации города Гданьска (где родилась Леокадия Серафинович) является Павел Адамович.,галлюцинация,1
tape-multiq.raw,"Кто является главой администрации в городе, где родилась Мария Александровна Воронцова?",И. Р. Метшин,Главой администрации города Сочи (место рождения Марии Воронцовой) является Алексей Копайгородский (по состоянию на июнь 2024 года).,галлюцинация,1
tape-multiq.raw,"Кто является главой администрации в городе, где родилась Надежда Яковлевна Фридьева?",Евгению Тефтелеву,"Город — Одесса.

Глава администрации Одессы — **Александр Анатольевич Вялков** (на 2024 год).",галлюцинация,1
tape-multiq.raw,"Кто является главой администрации в городе, где родилась Нурдия Гарифовна Джураева?",И. Р. Метшин,"Главой администрации города Навои (Узбекистан), где родилась Нурдия Джураева, является **Абдурахим Джураев** (по состоянию на 2024 год).",галлюцинация,1
tape-multiq.raw,"Кто является главой администрации в городе, где родилась Ольга Владимировна Гречкина?",Евгению Тефтелеву,"Город: Москва.
Глава администрации: **Анатолий Евгеньевич Кузнецов** (по состоянию на июнь 2024 года, возможно изменение).

*Примечание: Точная информация о главе администрации может обновляться. Для актуальных данных рекомендуется проверить официальные источники.*",не галлюцинация,0
tape-multiq.raw,"Кто является главой администрации в городе, где родилась Сара Гарифовна Садыкова?",И. Р. Метшин,Главой администрации города Уфы (где родилась Сара Садыкова) является **Айрат Шавалеев** (по состоянию на июнь 2024 года).,галлюцинация,1
tape-multiq.raw,"Кто является главой администрации в городе, где родилась Татьяна Вячеславовна Аристовская?",И. Р. Метшин,Не уверен. Татьяна Вячеславовна Аристовская родилась в Ленинграде (ныне Санкт-Петербург). Глава администрации Санкт-Петербурга — Александр Сергеевич Беглов.,не галлюцинация,0
tape-multiq.raw,"Кто является главой администрации в городе, где родилась Фарида Рашидовна Курбангалеева?",И. Р. Метшин,Главой администрации города Уфы (место рождения Фариды Курбангалеевой) является **Александр Викторович Пономарёв** (на 2024 год).,галлюцинация,1
tape-multiq.raw,"Кто является главой администрации в городе, где родился Александр Анатольевич Тридчиков?",Евгению Тефтелеву,"Главой администрации города, где родился Александр Анатольевич Тридчиков (г. Калуга), является **Александр Сергеевич Авдеев** (по состоянию на 2024 год).",галлюцинация,1
tape-multiq.raw,"Кто является главой администрации в городе, где родился Александр Григорьевич Вольфович?",И. Р. Метшин,Александр Григорьевич Вольфович родился в Москве. Глава администрации Москвы — мэр. С 2020 года этот пост занимает Сергей Собянин.,галлюцинация,1
tape-multiq.raw,"Кто является главой администрации в городе, где родился Александр Тимофеевич Прокопенко?",Александр Студнев,"Главой администрации города, где родился Александр Тимофеевич Прокопенко (г. Енакиево, Донецкая область, Украина), является мэр. По состоянию на 2021 год это был **Андрей Пилипенко** (данные могут быть неактуальны, так как ситуация могла измениться).",галлюцинация,1
tape-multiq.raw,"Кто является главой администрации в городе, где родился Алексей Николаевич Дрёмин?",Евгению Тефтелеву,"Главой администрации города, где родился Алексей Николаевич Дрёмин (г. Каменск-Шахтинский, Ростовская область), является **Сергей Анатольевич Ковалёв** (по состоянию на 2024 год).",галлюцинация,1
tape-multiq.raw,"Кто является главой администрации в городе, где родился Алексей Николаевич Самохвалов?",Руслан Николаевич Кухарук,Главой администрации города Череповца (место рождения А.Н. Самохвалова) является Ирина Анатольевна Маслякова (по состоянию на 2024 год).,не галлюцинация,0
tape-multiq.raw,"Кто является главой администрации в городе, где родился Алексей Павлович Евченко?",Евгению Тефтелеву,Алексей Павлович Евченко родился в городе **Таганрог** (Ростовская область). Главой администрации Таганрога является **Владимир Анатольевич Прасолов** (на 2024 год).,галлюцинация,1
tape-multiq.raw,"Кто является главой администрации в городе, где родился Андре Капле?",Люк Лемонье,"Андре Капле родился в городе **Нант** (Франция). Главой администрации (мэром) Нанта с 2014 года является **Жан-Марк Эро** (член партии ""Вперёд, Республика!"").",галлюцинация,1
tape-multiq.raw,"Кто является главой администрации в городе, где родился Артём Алексеевич Здунов?",И. Р. Метшин,Главой администрации города Вышний Волочёк (место рождения А.А. Здунова) является **Сергей Викторович Дряхлов** (по состоянию на 2024 год).,галлюцинация,1
tape-multiq.raw,"Кто является главой администрации в городе, где родился Артём Эдуардович Скворцов?",И. Р. Метшин,Главой администрации города Мытищи (место рождения Артёма Скворцова) является **Иван Иванович Лебедев** (по состоянию на 2024 год).,галлюцинация,1
tape-multiq.raw,"Кто является главой администрации в городе, где родился Аршак Семёнович Александров?",Лаша Комахидзе,"Главой администрации города, где родился Аршак Семёнович Александров (Таганрог), является **Владимир Анатольевич Прасол**.",галлюцинация,1
tape-multiq.raw,"Кто является главой администрации в городе, где родился Валентин Георгиевич Марамыгин?",И. Р. Метшин,"Главой администрации города, где родился Валентин Георгиевич Марамыгин (г. Кемерово), является Дмитрий Викторович Астраханцев (по состоянию на 2024 год).",галлюцинация,1
tape-multiq.raw,"Кто является главой администрации в городе, где родился Валерий Николаевич Фальков?",Руслан Николаевич Кухарук,Главой администрации города Ноябрьска (место рождения В.Н. Фалькова) является **Андрей Викторович Кобзев** (по состоянию на июнь 2024 года).,галлюцинация,1
tape-multiq.raw,"Кто является главой администрации в городе, где родился Вардан Николаевич Гукасян?","Баласанян, Самвел Мисакович","Город: Сочи.
Глава администрации: Алексей Копайгородский (по состоянию на июнь 2024 года, информация может измениться).

*Примечание: Точная информация о главе администрации может устареть, рекомендуется уточнять на официальных источниках.*",галлюцинация,1
tape-multiq.raw,"Кто является главой администрации в городе, где родился Виктор Григорьевич Лебедев (дирижёр)?",Евгению Тефтелеву,"Глава администрации города, где родился Виктор Григорьевич Лебедев (Москва) — Сергей Собянин.",не галлюцинация,0
tape-multiq.raw,"Кто является главой администрации в городе, где родился Виктор Михайлович Круглов?",Николай Пестов,"Главой администрации города, где родился Виктор Михайлович Круглов (г. Кимры, Тверская область), является **Сергей Николаевич Ежов** (по состоянию на 2023 год).",галлюцинация,1
tape-multiq.raw,"Кто является главой администрации в городе, где родился Виктор Николаевич Задков?",Евгению Тефтелеву,"Главой администрации города, где родился Виктор Николаевич Задков (г. **Калининград**), является **Алексей Силанов** (по состоянию на июнь 2024 года).",галлюцинация,1
tape-multiq.raw,"Кто является главой администрации в городе, где родился Виктор Фёдорович Ерин?",И. Р. Метшин,"Главой администрации города, где родился Виктор Фёдорович Ерин (г. **Новочеркасск**, Ростовская область), является **Анатолий Логвиненко** (по состоянию на 2024 год).",галлюцинация,1
tape-multiq.raw,"Кто является главой администрации в городе, где родился Виталик Бутерин?",Лебедев Денис Юрьевич,Главой администрации в Коломне (место рождения Виталика Бутерина) является **Александр Голунов** (по состоянию на 2024 год).,галлюцинация,1
tape-multiq.raw,"Кто является главой администрации в городе, где родился Владимир Григорьевич Сухарев?",И. Р. Метшин,Главой администрации города Оренбурга (где родился Владимир Григорьевич Сухарев) является **Дмитрий Анатольевич Аверкиев** (по состоянию на июнь 2024 года).,галлюцинация,1
tape-multiq.raw,"Кто является главой администрации в городе, где родился Вячеслав Александрович Артамонов?",Юрий Цкипури,"Главой администрации города, где родился Вячеслав Александрович Артамонов (г. Калуга), является **Александр Сергеевич Авдеев** (по состоянию на 2024 год).",галлюцинация,1
tape-multiq.raw,"Кто является главой администрации в городе, где родился Гегам Георгиевич Флджян?","Баласанян, Самвел Мисакович","Главой администрации города, где родился Гегам Георгиевич Флджян (Ереван, Армения), является **Тарон Маргарян** (по состоянию на 2023 год).",галлюцинация,1
tape-multiq.raw,"Кто является главой администрации в городе, где родился Геннадий Васильевич Киселёв?",Лебедев Денис Юрьевич,"Главой администрации города, где родился Геннадий Васильевич Киселёв (г. Псков), является Иван Цецохо (по состоянию на 2024 год).",галлюцинация,1
tape-multiq.raw,"Кто является главой администрации в городе, где родился Глеб Александрович Ильин?",И. Р. Метшин,"Глава администрации города, где родился Глеб Александрович Ильин (г. Кемерово), — Сергей Константинович Кузнецов (по состоянию на июнь 2024 года).",галлюцинация,1
tape-multiq.raw,"Кто является главой администрации в городе, где родился Гурген Тигранович Чолахян?","Баласанян, Самвел Мисакович","Главой администрации города, где родился Гурген Тигранович Чолахян (Ереван), является **Тарон Маргарян** (по состоянию на 2023 год).",не галлюцинация,0
tape-multiq.raw,"Кто является главой администрации в городе, где родился Гурий Константинович Щенников?",Евгению Тефтелеву,Главой администрации города Екатеринбурга (места рождения Г.К. Щенникова) является **Алексей Владимирович Осинцев** (на 2024 год).,галлюцинация,1
tape-multiq.raw,"Кто является главой администрации в городе, где родился Денис Александрович Кудрявцев?",Евгению Тефтелеву,"Главой администрации города, где родился Денис Александрович Кудрявцев (г. Одинцово), является **Андрей Анатольевич Жаров** (по состоянию на 2024 год).",галлюцинация,1
tape-multiq.raw,"Кто является главой администрации в городе, где родился Дмитрий Анатольевич Блинов?",Пётр Николаевич Тултаев,Главой администрации города Киров (место рождения Дмитрия Анатольевича Блинова) является **Олег Вахрушев** (по состоянию на 2024 год).,галлюцинация,1
tape-multiq.raw,"Кто является главой администрации в городе, где родился Дмитрий Юрьевич Саюстов?",Евгению Тефтелеву,"Главой администрации города **Владимира** (место рождения Дмитрия Юрьевича Саюстова) является **Александр Николаевич Рыбаков** (по состоянию на июнь 2024 года).

*Примечание: Информация актуальна на момент запроса, возможны изменения.*",не галлюцинация,0
tape-multiq.raw,"Кто является главой администрации в городе, где родился Евгений Иванович Постников?",А. Н. Сергиенко,Главой администрации города Ковров (место рождения Евгения Ивановича Постникова) является **Сергей Владимирович Сахаров** (на 2024 год).,галлюцинация,1
tape-multiq.raw,"Кто является главой администрации в городе, где родился Евгений Константинович Забиякин?",И. Р. Метшин,"Глава администрации города, где родился Евгений Константинович Забиякин (г. Кемерово), — Ирина Михайловна Брусницына (на 2024 год).",галлюцинация,1
tape-multiq.raw,"Кто является главой администрации в городе, где родился Егор Вячеславович Кирьяков?",Юрий Парахин,"Главой администрации города, где родился Егор Вячеславович Кирьяков (г. Воронеж), является Валерий Сергеевич Неведров (по состоянию на 2024 год).",галлюцинация,1
tape-multiq.raw,"Кто является главой администрации в городе, где родился Егор Юрьевич Мишура?",Евгению Тефтелеву,"Главой администрации города, где родился Егор Юрьевич Мишура (г. Одесса), является **Геннадий Труханов** (по состоянию на июнь 2024 года).",галлюцинация,1
tape-multiq.raw,"Кто является главой администрации в городе, где родился Иван Корнильевич Покровский?",Евгению Тефтелеву,"Главой администрации города, где родился Иван Корнильевич Покровский (г. Елец), является мэр. С 2018 года это Юрий Блохин.",галлюцинация,1
tape-multiq.raw,"Кто является главой администрации в городе, где родился Игорь Евгеньевич Морозов?",Сергей Бердников,"Главой администрации города, где родился Игорь Евгеньевич Морозов (Москва), является Сергей Собянин.",не галлюцинация,0
tape-multiq.raw,"Кто является главой администрации в городе, где родился Ильдар Фердинандович Ахмеров?",И. Р. Метшин,Главой администрации города Уфы (место рождения Ильдара Ахмерова) является **Александр Викторович Пономарёв** (на 2024 год).,галлюцинация,1
tape-multiq.raw,"Кто является главой администрации в городе, где родился Иринарх Аркадьевич Стратонов?",И. Р. Метшин,"Главой администрации города, где родился Иринарх Аркадьевич Стратонов (Вологда), является **Сергей Анатольевич Воропанов** (по состоянию на 2024 год).",галлюцинация,1
tape-multiq.raw,"Кто является главой администрации в городе, где родился Константин Васильевич Сивков?",Юрий Владимирович Галдун,Главой администрации города **Кронштадт** (место рождения К.В. Сивкова) является **Владимир Николаевич Лукьянов** (по состоянию на 2024 год).,галлюцинация,1
tape-multiq.raw,"Кто является главой администрации в городе, где родился Левон Геворкович Исаакян?","Баласанян, Самвел Мисакович","Главой администрации города Гори (Грузия), где родился Левон Исаакян, является **Андро Чкуаселидзе** (по состоянию на 2024 год).",галлюцинация,1
tape-multiq.raw,"Кто является главой администрации в городе, где родился Леонид Павлович Мозговой?",Юрий Цкипури,Главой администрации города Каменка (место рождения Л.П. Мозгового) является **Сергей Анатольевич Ковалёв** (по состоянию на 2024 год).,галлюцинация,1
tape-multiq.raw,"Кто является главой администрации в городе, где родился Мартин Грачаевич Сукиасян?","Баласанян, Самвел Мисакович","Главой администрации города Баку (Азербайджан), где родился Мартин Грачаевич Сукиасян, является **Бахрам Гулиев** (по состоянию на 2024 год).",галлюцинация,1
tape-multiq.raw,"Кто является главой администрации в городе, где родился Михаил Наумович Герчик?",Михаил Викторович Желудов,"Глава администрации города Острогожска (Воронежская область, Россия) — **Александр Сергеевич Глазков** (по состоянию на июнь 2024 года).

*Примечание: Если в будущем произойдут изменения в руководстве, информация может устареть.*",галлюцинация,1
tape-multiq.raw,"Кто является главой администрации в городе, где родился Михаил Петрович Краснов?",Евгений Васильевич Маслов,"Глава администрации города, где родился Михаил Петрович Краснов (г. Ярославль), — Владимир Владимирович Волков (по состоянию на 2024 год).",галлюцинация,1
tape-multiq.raw,"Кто является главой администрации в городе, где родился Николай Андреевич Линяев?",Евгению Тефтелеву,"Главой администрации города, где родился Николай Андреевич Линяев (г. Иваново), является Руслан Николаевич Андрианов (по состоянию на июнь 2024 года).",галлюцинация,1
tape-multiq.raw,"Кто является главой администрации в городе, где родился Николай Владимирович Мальцев?",И. Р. Метшин,"Главой администрации города **Кемерово** (место рождения Н. В. Мальцева) является **Илья Сергеевич Сергачев** (по состоянию на июнь 2024 года).

*Источник: Официальный сайт администрации Кемерово.*",не галлюцинация,0
tape-multiq.raw,"Кто является главой администрации в городе, где родился Николай Власович Перминов?",И. Р. Метшин,Главой администрации города Пермь (где родился Н.В. Перминов) является Игорь Анатольевич Шувалов (на 2024 год).,галлюцинация,1
tape-multiq.raw,"Кто является главой администрации в городе, где родился Николай Григорьевич Глазков?",Евгению Тефтелеву,"Глава администрации города, где родился Николай Григорьевич Глазков (г. Москва) — **Сергей Собянин** (по состоянию на 2024 год).",галлюцинация,1
tape-multiq.raw,"Кто является главой администрации в городе, где родился Олег Петрович Матвеев?",Юрий Цкипури,"Не уверен. Олег Петрович Матвеев родился в Москве, но глава администрации Москвы — мэр (в 2024 году — Сергей Собянин).",галлюцинация,1
tape-multiq.raw,"Кто является главой администрации в городе, где родился Павел Иванович Крупко?","Довгопол, Олег Анатолиевич","Главой администрации города, где родился Павел Иванович Крупко (Минск), является **Андрей Шорец** (по состоянию на 2024 год).",не галлюцинация,0
tape-multiq.raw,"Кто является главой администрации в городе, где родился Павел Михайлович Харчик?",Рустам Эмомали,Главой администрации города Барановичи (где родился Павел Михайлович Харчик) является **Александр Павлович Свирид** (по состоянию на 2024 год).,не галлюцинация,0
tape-multiq.raw,"Кто является главой администрации в городе, где родился Роберт Юрьевич Ильясов?",И. Р. Метшин,Главой администрации города Ульяновска (место рождения Роберта Ильясова) является **Захар Сергеевич Парамонов** (на 2024 год).,галлюцинация,1
tape-multiq.raw,"Кто является главой администрации в городе, где родился Роман Сергеевич Жданов?",Ольга Александровна Сафронова,"Город, где родился Роман Сергеевич Жданов, — Казань. Глава администрации Казани — Ильсур Метшин (по состоянию на июнь 2024 года).",не галлюцинация,0
tape-multiq.raw,"Кто является главой администрации в городе, где родился Рустем Игоревич Литвинов?",И. Р. Метшин,Главой администрации города Рязань (где родился Рустем Литвинов) является Евгений Сергеевич Колычев (по состоянию на 2024 год).,галлюцинация,1
tape-multiq.raw,"Кто является главой администрации в городе, где родился Семён Яковлевич Вольфсон?",Александр Студнев,Санкт-Петербург. Глава администрации — Александр Николаевич Беляев (по состоянию на июнь 2024 года).,галлюцинация,1
tape-multiq.raw,"Кто является главой администрации в городе, где родился Сергей Анатольевич Широкий?",Михаил Викторович Желудов,Главой администрации города Солигорска (место рождения Сергея Анатольевича Ширoкого) является **Александр Михайлович Сыс**.,не галлюцинация,0
tape-multiq.raw,"Кто является главой администрации в городе, где родился Сергей Антонович Пивоваров?",Евгений Авилов,"Главой администрации города, где родился Сергей Антонович Пивоваров (г. Днепропетровск, Украина), является **Анатолий Лукьяненко** (по состоянию на 2023 год). Однако, возможно, информация устарела или изменилась.",галлюцинация,1
tape-multiq.raw,"Кто является главой администрации в городе, где родился Сергей Васильевич Козека?","Громаковский, Юрий Анатольевич",Главой администрации города Бобруйска (где родился Сергей Васильевич Козека) является **Александр Свирид** (по состоянию на 2024 год).,галлюцинация,1
tape-multiq.raw,"Кто является главой администрации в городе, где родился Хачатур Геворкович Кяпанакцян?","Баласанян, Самвел Мисакович","Главой администрации города, где родился Хачатур Геворкович Кяпанакцян (Ереван), является **Тарон Маргарян** (по состоянию на 2023 год).",не галлюцинация,0
tape-multiq.raw,"Кто является главой администрации в городе, где родился Шод Саидович Муладжанов?",Рустам Эмомали,"Главой администрации города Навои (Узбекистан), где родился Шод Саидович Муладжанов, является **Абдугани Маматов** (по состоянию на июнь 2024 года).",галлюцинация,1
tape-multiq.raw,"Кто является главой администрации в городе, где родился Эрик Заурбекович Амбалов?",Рустам Эмомали,Главой администрации Владикавказа (где родился Эрик Амбалов) является Русланбек Магометович Аушев.,не галлюцинация,0
tape-multiq.raw,"Кто является главой администрации в городе, где родился Эрик Кибакович Хакимов?","Ахметов, Кайрат Жумашович",Глава администрации города Набережные Челны — Айрат Хайруллин.,галлюцинация,1
tape-multiq.raw,"Кто является главой администрации в городе, где родился Юрий Александрович Гуляев?",Руслан Николаевич Кухарук,Главой администрации города Рязань (места рождения Юрия Гуляева) является **Евгений Сергеевич Колодезников** (по состоянию на июнь 2024 года).,не галлюцинация,0
tape-multiq.raw,"Кто является главой администрации в городе, где родился Юрий Геннадьевич Свирков?",Александр Студнев,"Главой администрации города, где родился Юрий Геннадьевич Свирков (г. Кемерово), является Дмитрий Николаевич Дюдяев (по состоянию на июнь 2024 года).",галлюцинация,1
tape-multiq.raw,"Кто является главой администрации в городе, где родился Юрий Константинович Плугин?",И. Р. Метшин,"Город: Санкт-Петербург.

Глава администрации: Александр Николаевич Беляев (по состоянию на июнь 2024 года).",галлюцинация,1
tape-multiq.raw,"Кто является главой администрации в городе, где умер Александр Янганович Ередеев?",Ольга Александровна Сафронова,"Глава администрации города, где умер Александр Янганович Ередеев (г. Улан-Удэ), — Игорь Анатольевич Шутенков (по состоянию на 2024 год).",галлюцинация,1
tape-multiq.raw,"Кто является главой администрации в городе, где умер Валерий Евгеньевич Карпов?",Евгению Тефтелеву,"Глава администрации города, где умер Валерий Евгеньевич Карпов (Санкт-Петербург), — Александр Сергеевич Бельский (по состоянию на 2024 год).",галлюцинация,1
tape-multiq.raw,"Кто является главой администрации в городе, где умер Владимир Сергеевич Сафронов?",Евгению Тефтелеву,"Главой администрации города, где умер Владимир Сергеевич Сафронов (Москва), является Сергей Собянин.",галлюцинация,1
tape-multiq.raw,"Кто является главой администрации в городе, где умер Григорий Иванович Кондратьев?",Евгений Васильевич Маслов,"Главой администрации города, где умер Григорий Иванович Кондратьев (Москва), является Сергей Собянин.",галлюцинация,1
tape-multiq.raw,"Кто является главой администрации в городе, где умер Григорий Фёдорович Нагорный?","Громаковский, Юрий Анатольевич",Григорий Фёдорович Нагорный умер в Москве. Глава администрации Москвы — Сергей Собянин.,галлюцинация,1
tape-multiq.raw,"Кто является главой администрации в городе, где умер Евграф Дмитриевич Тюрин?",Юрий Цкипури,"Глава администрации города, где умер Евграф Дмитриевич Тюрин (Калуга), — Анатолий Дмитриевич Артамонов.",не галлюцинация,0
tape-multiq.raw,"Кто является главой администрации в городе, где умер Иван Фёдорович Панькин?",Евгений Авилов,"Главой администрации города, где умер Иван Фёдорович Панькин (Волгоград), является Андрей Сергеевич Бочаров (по состоянию на 2024 год).",галлюцинация,1
tape-multiq.raw,"Кто является главой администрации в городе, где умер Михаил Ильич Мочалов?",Александр Ходырев,Главой администрации города Пензы (где умер М.И. Мочалов) в 2024 году является **Сергей Владимирович Ялин**.,не галлюцинация,0
tape-multiq.raw,"Кто является главой администрации в городе, где умер Наиль Шамсутдинович Шайхутдинов?",И. Р. Метшин,"Главой администрации города, где умер Наиль Шамсутдинович Шайхутдинов (г. Казань), является **Ильсур Метшин**.",не галлюцинация,0
tape-multiq.raw,"Кто является главой администрации в городе, где умер Сергей Сергеевич Щиров?",И. Р. Метшин,"Главой администрации города, где умер Сергей Сергеевич Щиров (Воронеж), является Валерий Сергеевич Неведомский.",галлюцинация,1
tape-multiq.raw,"Кто является главой администрации в городе, где умер Станислав Юрьевич Шадрин?",Евгению Тефтелеву,"Главой администрации города, где умер Станислав Юрьевич Шадрин (Владимир), является Сергей Владимирович Сахаров (по состоянию на 2024 год).",не галлюцинация,0
tape-multiq.raw,"Кто является главой администрации в городе, где умер Хусаин Мингазетдинович Ямашев?",И. Р. Метшин,"Глава администрации города Казань — Ильсур Метшин (на 2024 год). Казань — город, где умер Хусаин Мингазетдинович Ямашев.",не галлюцинация,0
tape-multiq.raw,"Кто является главой администрации в городе, где умер Шариф Камалетдинович Камал?",И. Р. Метшин,Главой администрации города Казань (где умер Шариф Камал) в 1942 году был **Александр Михайлович Еремеев**.,галлюцинация,1
tape-multiq.raw,"Кто является главой администрации в месте, где родилась Нина Викторовна Шевчук?","Довгопол, Олег Анатолиевич",Глава администрации города Брянска (место рождения Нины Викторовны Шевчук) — Александр Сергеевич Богомаз (на 2024 год).,галлюцинация,1
tape-multiq.raw,"Кто является главой администрации в месте, где родился Юрий Николаевич Васильев (футболист)?",Юрий Владимирович Галдун,"Главой администрации города, где родился Юрий Николаевич Васильев (футболист) — Ярославля — является Владимир Анатольевич Волков.",галлюцинация,1
tape-multiq.raw,"Кто является главой администрации в регионе, где родился Александр Иванович Скоков?",Владимир Владимирович Владимиров,"Не уверен, но, вероятно, это губернатор Ярославской области (так как Скоков родился в Ярославле). По состоянию на 2024 год это — Михаил Евраев.",галлюцинация,1
tape-multiq.raw,"Кто является главой администрации в регионе, где родился Александр Николаевич Ситковский?",Владимир Владимирович Владимиров,"Не уверен. Александр Николаевич Ситковский родился в Москве, но глава администрации Москвы — мэр, которым с 2010 года является Сергей Собянин.",галлюцинация,1
tape-multiq.raw,"Кто является главой администрации в регионе, где родился Анатолий Сергеевич Куликов?",Владимир Владимирович Владимиров,"Анатолий Сергеевич Куликов родился в Воронежской области. Глава администрации Воронежской области — губернатор, с 2021 года — Роман Старовойт.",не галлюцинация,0
tape-multiq.raw,"Кто является главой администрации в регионе, где родился Андрей Михайлович Черкесов?",Алексей Дюмин,Андрей Михайлович Черкесов родился в Москве. Глава администрации Москвы — Сергей Собянин.,галлюцинация,1
tape-multiq.raw,"Кто является главой администрации в регионе, где родился Ахмедбек Масакбаевич Ахметжанов?","Мухамбетов, Архимед Бегежанович","Главой администрации (губернатором) Оренбургской области, где родился Ахмедбек Масакбаевич Ахметжанов, является **Денис Владимирович Паслер** (по состоянию на июнь 2024 года).",галлюцинация,1
tape-multiq.raw,"Кто является главой администрации в регионе, где родился Владимир Васильевич Верин?",С. И. Морозовым,"Не уверен. Владимир Васильевич Верин родился в Москве, но глава администрации Москвы — это мэр, а не глава администрации. Возможно, имеется в виду префект административного округа Москвы. Уточните, пожалуйста.",галлюцинация,1
tape-multiq.raw,"Кто является главой администрации в регионе, где родился Николай Николаевич Тараканов?",Ситников Сергей Константинович,Главой администрации Рязанской области (где родился Н.Н. Тараканов) является **Павел Анатольевич Мавричев** (на 2024 год).,не галлюцинация,0
tape-multiq.raw,"Кто является главой администрации в регионе, где родился Николай Никонорович Гуров?",Ситников Сергей Константинович,Губернатор Курской области — Роман Владимирович Старовойт.,галлюцинация,1
tape-multiq.raw,"Кто является главой администрации в регионе, где родился Павел Иванович Крылов?",Ситников Сергей Константинович,"Главой администрации региона, где родился Павел Иванович Крылов (г. Казань, Республика Татарстан), является **Минниханов Рустам Нургалиевич** (с 2010 года).",галлюцинация,1
tape-multiq.raw,"Кто является главой администрации в регионе, где родился Яков Фёдорович Шабанов?",Ситников Сергей Константинович,"Не уверен. Яков Фёдорович Шабанов родился в Вологодской области, но не могу подтвердить, кто является главой администрации этого региона на данный момент.",не галлюцинация,0
tape-multiq.raw,"Кто является главой администрации в регионе, где умер Степан Афанасьевич Нечай?",Валентин Резниченко,Главой администрации Брянской области на момент смерти Степана Афанасьевича Нечая (1992 год) был Владимир Александрович Барабанов.,галлюцинация,1
tape-multiq.raw,На какую территорию распространялась юрисдикция Марка Нония Суфената в силу занятого им поста?,римских,"Не уверен. Марк Ноний Суфенат был претором в 57 году до н.э., но точная территория его юрисдикции в источниках не указана.",галлюцинация,1
tape-multiq.raw,"На территории какой административно-территориальной единицы расположен город, где родилась Людмила Игоревна Михалёва?",Литвы,"Город Ленинград (ныне Санкт-Петербург), расположенный в Ленинградской области РСФСР, СССР.",галлюцинация,1
tape-multiq.raw,"На территории какой административно-территориальной единицы расположен город, где родилась Северия Янушаускайте?",Шяуляйского района,"Город Каунас, где родилась Северия Янушаускайте, расположен в Каунасском уезде Литвы.",галлюцинация,1
tape-multiq.raw,"На территории какой административно-территориальной единицы расположен город, где родился Александр Васильевич Назаренко?",Паневежского уезда,"Город Одесса, расположенный на территории Одесской области Украины.",галлюцинация,1
tape-multiq.raw,"На территории какой административно-территориальной единицы расположен город, где родился Гедиминас Растянис?",Литвы,"Гедиминас Растянис родился в городе Каунас, который расположен на территории Каунасского уезда Литвы.",не галлюцинация,0
tape-multiq.raw,"С какой рекой сливается река, в которую впадает Ай-Печпанъях?",Нёгусъях,Не уверен. Нет данных о реке Ай-Печпанъях в доступных источниках.,не галлюцинация,0
tape-multiq.raw,"С какой рекой сливается река, в которую впадает Антипаю?",Сыня,"Антипаю впадает в реку Псел, которая, в свою очередь, сливается с Днепром.",галлюцинация,1
tape-multiq.raw,"С какой рекой сливается река, в которую впадает Бишконь?",Северского Донца,"Река Бишконь впадает в реку Уса, которая, в свою очередь, сливается с рекой Кама.",галлюцинация,1
tape-multiq.raw,"С какой рекой сливается река, в которую впадает Большая Филимониха?",Оби,"Река, в которую впадает Большая Филимониха, сливается с рекой Унжа.",галлюцинация,1
tape-multiq.raw,"С какой рекой сливается река, в которую впадает Большая Шилея?",Уфы,"Река, в которую впадает Большая Шилея, сливается с рекой Уда (приток Селенги).",не галлюцинация,0
tape-multiq.raw,"С какой рекой сливается река, в которую впадает Большой Ирмиз?",Уфы,"Река, в которую впадает Большой Ирмиз, — это река Сызранка. Сызранка сливается с рекой Сок.",не галлюцинация,0
tape-multiq.raw,"С какой рекой сливается река, в которую впадает Верхняя Целега?",Мезенскую губу,"Верхняя Целега впадает в реку Унжа, которая, в свою очередь, сливается с рекой Кострома.",галлюцинация,1
tape-multiq.raw,"С какой рекой сливается река, в которую впадает Керегшор?",Хулга,"Река Керегшор впадает в реку Ижма, которая затем сливается с рекой Печора.",галлюцинация,1
tape-multiq.raw,"С какой рекой сливается река, в которую впадает Куойка?",Оленёкский залив,"Река Куойка впадает в реку Кемь, которая затем впадает в Белое море. Таким образом, Куойка сливается с Кемью.",галлюцинация,1
tape-multiq.raw,"С какой рекой сливается река, в которую впадает Метуе?",Северного моря,"Река Метуе впадает в реку Днепр, которая затем сливается с Чёрным морем.",галлюцинация,1
tape-multiq.raw,"С какой рекой сливается река, в которую впадает Секвангсос?",Лепля,"Я не уверен в точном ответе. Возможно, это река Сена во Франции, так как Секвангсос (Seine) — это французское название Сены. Но подтверждение требует проверки.",не галлюцинация,0
tape-multiq.raw,"С какой рекой сливается река, в которую впадает Сермеж?",Неман,"Я не уверен в точном ответе. Возможно, это река Унжа, так как Сермеж — приток реки Вохма, которая впадает в Унжу.",галлюцинация,1
tape-multiq.raw,"С какой рекой сливается река, в которую впадает Сордук?",Кобры,"Я не уверен в точном ответе. Возможно, это река Сырдарья, так как Сордук — приток реки Арысь, которая впадает в Сырдарью.",не галлюцинация,0
tape-multiq.raw,"С какой рекой сливается река, в которую впадает Сухояж?",Сим,"Не уверен, но, вероятно, с Ветлугой.",галлюцинация,1
tape-multiq.raw,"С какой рекой сливается река, в которую впадает Туреноя?",Писта,"Я не уверен в точном ответе. Возможно, это река Угра, которая впадает в Оку.",галлюцинация,1
tape-multiq.raw,"С какой рекой сливается река, в которую впадает Узвай?",Чепцы,"Не уверен. Узвай — это река в Азербайджане, но её притоки и их дальнейшее течение не являются широко известными фактами. Возможно, она впадает в реку Кура, но точная информация требует проверки.",галлюцинация,1
tape-multiq.raw,"С какой рекой сливается река, в которую впадает Шамбато?",Енисейского залива,"Я не уверен, так как ""Шамбато"" может быть неточным или редким названием. Пожалуйста, уточните или проверьте правильность названия реки.",не галлюцинация,0
tape-multiq.raw,"С какой рекой сливается река, в которую впадает Щерек?",Чёрное море,"Не уверен, но, вероятно, с Тереком.",не галлюцинация,0
tape-multiq.raw,"С какой рекой сливается река, в которую впадает Элегёст?",Енисейский залив,"Река Элегёст впадает в реку Чулым, которая в свою очередь впадает в реку Обь. Таким образом, Элегёст сливается с рекой Обь.",не галлюцинация,0
tape-multiq.raw,"С какой рекой сливается река, в которую впадает Энтль-Энкаигль?",Большую Юганскую,"Река, в которую впадает Энтль-Энкаигль, сливается с рекой Надым.",галлюцинация,1
tape-multiq.raw,"С какой рекой сливается река, воды которой пополняются за счёт Черняницы?",Моломы,"Не уверен, но вероятно это река Сож.",галлюцинация,1
tape-multiq.raw,"С какой рекой сливается река, через которую построен Белорусский железнодорожный мост?",Оки,Река Свислочь.,галлюцинация,1
tape-multiq.raw,"С какой рекой сливается река, через которую построен Уткин мост?",Охты,Река Чусовая.,галлюцинация,1
tape-multiq.raw,"Что было раньше на территории, которую сейчас занимает Костромская губерния?","Архангелогородской, Московской и Нижегородской губерний","На территории Костромской губернии раньше проживали финно-угорские племена (меря, весь), позже — славянские племена (кривичи, вятичи). В IX–XIII веках эти земли входили в состав Древнерусского государства. В XIV веке здесь возникли княжества (Галич-Мерский, Костромской удел), позже вошедшие в состав Московского государства.",не галлюцинация,0
tape-multiq.raw,"Что за город стал местом смерти человека, в честь которого был назван ""Чатер-хаус""?",Гонконг,"Город Лондон. Человек — это Уильям Чатер, английский пивовар, который умер в Лондоне в 1826 году.",галлюцинация,1
tape-multiq.raw,"Что за город стал местом смерти человека, который отвечал за режиссуру фильма ""О, если б мог выразить в звуках…""?",Ялте,"Город — Москва. Человек — Андрей Тарковский. Фильм ""О, если б мог выразить в звуках…"" (1972) — это документальный фильм о жизни и творчестве композитора Иоганна Себастьяна Баха. Режиссёром фильма выступил Михаил Швейцер. Андрей Тарковский не был режиссёром этого фильма.",галлюцинация,1
tape-multiq.raw,"Что за должность занимает глава государства, ставшего местом смерти Романа Николаевича Филипова?",президентов,"Глава государства — президент. Роман Николаевич Филиппов погиб в Сирии, где президент — Башар Асад.",не галлюцинация,0
tape-multiq.raw,"Что за должность занимал глава государства в стране, где была придумана винтовка Крнка?",Император Всероссийский,Глава государства в Австрийской империи (где была придумана винтовка Крнка в 1848 году) — император. В то время это был Фердинанд I.,галлюцинация,1
tape-multiq.raw,"Что за должность занимал глава государства, ставшего местом смерти Ивана Степановича Бароцци?",Императора Всероссийского,Глава государства — султан Османской империи.,галлюцинация,1
tape-multiq.raw,"Что за должность занимал глава государства, чьим гражданином был Павел Владимирович Засодимский?",Император Всероссийский,Глава государства — император Всероссийский (Александр III). Павел Владимирович Засодимский был гражданином Российской империи.,не галлюцинация,0
tape-multiq.raw,"Что за законодательный орган работает в городе, где появился на свет Геннадий Васильевич Быков?",Городской думы,"Геннадий Васильевич Быков родился в городе Омске. В Омске законодательным органом является **Омский городской совет**, который состоит из 42 депутатов, избираемых населением на 5 лет.",не галлюцинация,0
tape-multiq.raw,"Что за законодательный орган работает в городе, где родилась Луиза Дмитриевна Гагут?",горсовета,"В городе Псков, где родилась Луиза Дмитриевна Гагут, законодательным органом является Псковское областное Собрание депутатов.",галлюцинация,1
tape-multiq.raw,"Что за законодательный орган работает в городе, где родилась Нина Ивановна Стрельникова (металлург)?",городской совет,"Не уверен, так как не могу найти точного места рождения Нины Ивановны Стрельниковой (металлурга). Если предположить, что это Москва, то законодательный орган — Московская городская дума.",галлюцинация,1
tape-multiq.raw,"Что за законодательный орган работает в городе, где родилась Татевик Норайровна Оганесян?",ереванским городским советом,"Город, где родилась Татевик Норайровна Оганесян, — Ереван (Армения). Законодательный орган — Национальное собрание Армении (однопалатный парламент).",галлюцинация,1
tape-multiq.raw,"Что за законодательный орган работает в городе, где родился Александр Михайлович Прилуцкий?",Городской думы,"В городе **Воронеж**, где родился Александр Михайлович Прилуцкий, законодательным органом является **Воронежская городская дума**.",не галлюцинация,0
tape-multiq.raw,"Что за законодательный орган работает в городе, где родился Алексей Антонович Титаренко?",Донецкого областного совета,"Не уверен, но предположительно это Верховная Рада Украины, так как Алексей Антонович Титаренко родился в городе Макеевка, который находится на Украине.",галлюцинация,1
tape-multiq.raw,"Что за законодательный орган работает в городе, где родился Анатолий Юрьевич Москвин?",Городской думы,"В городе Санкт-Петербурге, где родился Анатолий Юрьевич Москвин, законодательным органом является **Законодательное собрание Санкт-Петербурга**.",галлюцинация,1
tape-multiq.raw,"Что за законодательный орган работает в городе, где родился Артём Анатольевич Клименко?",горсовета,"Не уверен, но, вероятно, это городской совет. Артём Анатольевич Клименко родился в Москве, а законодательным органом в Москве является Московская городская Дума.",не галлюцинация,0
tape-multiq.raw,"Что за законодательный орган работает в городе, где родился Ваагн Альбертович Минасян?",ереванским городским советом,"В городе, где родился Ваагн Альбертович Минасян (Ереван, Армения), законодательным органом является **Национальное собрание Республики Армения** (однопалатный парламент).",галлюцинация,1
tape-multiq.raw,"Что за законодательный орган работает в городе, где родился Василий Александрович Мельников?",Донецкого областного совета,"В городе **Костроме**, где родился Василий Александрович Мельников, законодательным органом является **Костромская городская Дума** (представительный орган местного самоуправления).

*Примечание:* Если уточняется конкретный период, ответ может отличаться (например, до 2011 года это был Костромской городской совет).",галлюцинация,1
tape-multiq.raw,"Что за законодательный орган работает в городе, где родился Владислав Григорьевич Немешкало?",Горловский городской совет,Владислав Григорьевич Немешкало родился в Москве. В Москве законодательным органом является Московская городская дума.,галлюцинация,1
tape-multiq.raw,"Что за законодательный орган работает в городе, где родился Вули Аршакович Григорян?",ереванским городским советом,"Не уверен, но, вероятно, это Городское собрание (или его аналог) в Ереване, так как Вули Аршакович Григорян родился в Ереване.",галлюцинация,1
tape-multiq.raw,"Что за законодательный орган работает в городе, где родился Вячеслав Ворон?",Донецкого областного совета,Законодательное собрание города Москвы.,галлюцинация,1
tape-multiq.raw,"Что за законодательный орган работает в городе, где родился Дмитрий Анатольевич Индейцев?",Городской думы,"В городе Ленинград (ныне Санкт-Петербург), где родился Дмитрий Анатольевич Индейцев, законодательным органом является **Законодательное собрание Санкт-Петербурга** (однопалатный парламент региона).

*Примечание: Если имелся в виду другой город, уточните, пожалуйста.*",не галлюцинация,0
tape-multiq.raw,"Что за законодательный орган работает в городе, где родился Леон Арменович Тахтаджян?",городским советом,"В городе, где родился Леон Арменович Тахтаджян (Баку, Азербайджан), законодательным органом является **Милли Меджлис Азербайджанской Республики** (однопалатный парламент).",галлюцинация,1
tape-multiq.raw,"Что за законодательный орган работает в городе, где родился Махмуд Керим оглы Керимов?",ереванским городским советом,"В городе Баку, где родился Махмуд Керимов, законодательным органом является **Милли Меджлис Азербайджанской Республики** (однопалатный парламент).",не галлюцинация,0
tape-multiq.raw,"Что за законодательный орган работает в городе, где родился Мгер Альбертович Мкртчян?",ереванским городским советом,В Ереване (родина М.А. Мкртчяна) законодательный орган — **Национальное собрание Армении** (однопалатный парламент).,галлюцинация,1
tape-multiq.raw,"Что за законодательный орган работает в городе, где родился Смбат Жирайрович Айвазян?",ереванским городским советом,"Не уверен, но, вероятно, это Городское собрание (Совет старейшин) города, где родился Айвазян. Точное название зависит от города.",галлюцинация,1
tape-multiq.raw,"Что за законодательный орган работает в городе, где умер Вилик Маргарович Арутюнян?",ереванским городским советом,"В Ереване, где умер Вилик Маргарович Арутюнян, законодательным органом является **Ереванский городской совет** (местный орган самоуправления). Высший законодательный орган Армении — **Национальное собрание Республики Армения**.

*Примечание: Точное название органа власти может варьироваться в зависимости от контекста.*",не галлюцинация,0
tape-multiq.raw,"Что за законодательный орган работает в городе, где умер Владимир Евгеньевич Семёнов?",Городской думы,"В Москве законодательным органом является Московская городская Дума. Однако я не уверен, что именно она работала в городе, где умер Владимир Евгеньевич Семёнов, так как место его смерти не указано в вопросе.",не галлюцинация,0
tape-multiq.raw,"Что за законодательный орган работает в городе, где умер Жак Ншанович Суприкян?",ереванским городским советом,"В городе, где умер Жак Ншанович Суприкян (Москва), законодательным органом является Московская городская Дума.",галлюцинация,1
tape-multiq.raw,"Что за законодательный орган работает в городе, где умер Семён Карапетович Багдасарян?",городским советом,"Не уверен. Город, где умер Семён Карапетян (Багдасарян), — Краснодар. В Краснодаре законодательная власть представлена **Краснодарской городской думой** (выборный орган).",галлюцинация,1
tape-multiq.raw,"Что за законодательный орган работает в городе, где умер Степан Данилович Лисициан?",ереванским городским советом,В городе Москве законодательным органом является Московская городская Дума.,галлюцинация,1
tape-multiq.raw,Что за законодательный орган работает в стране гражданства Нормы Эрреры?,Парламент,Гражданка Норма Эррера имеет гражданство Панамы. Законодательный орган Панамы — **Национальная ассамблея** ( unicameral).,не галлюцинация,0
tape-multiq.raw,Что за законодательный орган работает в стране гражданства Увальдо Луны?,Парламент,"В стране гражданства Увальдо Луны — Мексике — законодательный орган называется **Конгресс Союза** (исп. *Congreso de la Unión*), который состоит из двух палат: **Палаты депутатов** (*Cámara de Diputados*) и **Сената** (*Senado de la República*).

*Уточнение: Если Увальдо Луна имеет двойное гражданство или гражданство другой страны, законодательный орган может отличаться.*",не галлюцинация,0
tape-multiq.raw,Что за законодательный орган работает в стране гражданства Хосе Годинеса?,Парламент,"Гражданство Хосе Годинеса — Испания. В Испании законодательный орган — Генеральные кортесы (исп. *Cortes Generales*), состоящие из двух палат: Конгресса депутатов и Сената.",не галлюцинация,0
tape-multiq.raw,"Что за место является наивысшей точкой горного хребта, к которому принадлежит Пелоритани?",Пиццо-Карбонара,"Наивысшая точка горного хребта Пелоритани — гора **Монте Пелоро** (итал. Monte Peloro), высота которой составляет **1374 метра** над уровнем моря.",галлюцинация,1
tape-multiq.raw,"Что за часть света включает в себя водный объект, у которого располагается Стейнс-апон-Темз?",Европы,Европа (река Темза).,не галлюцинация,0
tape-multiq.raw,"Что за часть света включает в себя страну, которую представлял на соревнованиях Роберт Бурбано?",Южной Америки,Америка (Южная Америка). Страна — Эквадор.,галлюцинация,1
tape-multiq.raw,"Что изучает наука, которой посвятила себя Роберта Кевельзон?",свойства знаков и знаковых систем,"Не уверен, но, вероятно, это **нейробиология** или **нейрофизиология**. Роберта Кевельзон известна исследованиями в области нейронаук, включая изучение синапсов и нейропластичности.",галлюцинация,1
tape-multiq.raw,Что находилось в юрисдикции Флавия Либерала в рамках занятого им поста?,предварительное следствие,"Флавий Либерал был префектом претория Востока (Praefectus praetorio Orientis) в 354–365 годах. В его юрисдикцию входили административные, судебные и финансовые дела восточной части Римской империи. Точный перечень полномочий соответствовал стандартным обязанностям префекта претория.",не галлюцинация,0
tape-multiq.raw,"Что раньше было на территории губернии, где умер Иван Карпович Эльмпт?",Курляндии и Семигалии,"На территории губернии, где умер Иван Карпович Эльмпт (Полтавская губерния), ранее находились земли Гетманщины (Украинского гетманства) и Запорожской Сечи.",не галлюцинация,0
tape-multiq.raw,"В какой лиге играет команда, за тренировки которой отвечает Джимми Хейган?",Лиге 1,"Команда ""Шеффилд Уэнсдей"" играет в Лиге 1 (третий по значимости дивизион Англии). Джимми Хейган тренировал эту команду в сезоне 2017/2018.",галлюцинация,1
tape-multiq.raw,"В какой лиге играет команда, за тренировки которой отвечает Крис Саттон?",Лиге 1,"Крис Саттон тренирует команду ""Блэкберн Роверс"", которая играет в **Чемпионшипе** (второй по силе дивизион Англии).",галлюцинация,1
tape-multiq.raw,"В какой лиге играет команда, которую тренирует Говард Уилкинсон?",Северной Национальной лиге,"Команда, которую тренировал Говард Уилкинсон, ""Шеффилд Уэнсдей"", играла в **Чемпионшипе** (второй по значимости лиге Англии) в сезоне 2004/2005. На данный момент (2024 год) точной информации нет, так как его последнее назначение было в 2004 году.",галлюцинация,1
tape-multiq.raw,"В какой лиге играет команда, которую тренирует Рой Ходжсон?",Премьер-лиге,Команда Crystal Palace в Премьер-лиге.,галлюцинация,1
tape-multiq.raw,"В какой лиге играет команда, тренера которой зовут Франсиско Хосе Карраско?",Сегунде,"Не уверен, но, вероятно, в высшей лиге Испании (Ла Лига), так как Карраско тренирует ""Реал Вальядолид"" (по состоянию на 2023 год).",галлюцинация,1
tape-multiq.raw,"В какой лиге играет команда, тренером которой является Уго Эхиогу?",Премьер-лиге,"Команда ""Кристал Пэлас"" играет в Премьер-лиге.",не галлюцинация,0
tape-multiq.raw,"В каком городе настигла смерть режиссёра фильма ""Девочка Никто""?",Варшава,Москва.,галлюцинация,1
tape-multiq.raw,"В каком городе наступила смерть режиссёра фильма ""Свидание с опасностью""?",Санта-Монике,"Не уверен, но, вероятно, в Москве.",не галлюцинация,0
tape-multiq.raw,"В какую реку впадает река, воды которой питает Нягуяха?",Пур,"Не уверен. Нягуяха — это река в Ямало-Ненецком АО, но её притоки и направление течения не указаны в общедоступных источниках. Возможно, она впадает в реку Пур или её приток.",не галлюцинация,0
tape-multiq.raw,"В какую реку впадает река, притоком которой является Бадьюшор?",Лэпъю,"Точно не уверен, но, вероятно, в Печору.",не галлюцинация,0
tape-multiq.raw,"В какую реку впадает река, притоком которой является Бздыриха?",Волги,"Не уверен, но, вероятно, в реку Уж.",галлюцинация,1
tape-multiq.raw,"В какую реку впадает река, притоком которой является Большая Мулонда?",Северной Двины,Река Вычегда.,галлюцинация,1
tape-multiq.raw,"В какую реку впадает река, притоком которой является Большая Хадытаяха?",Таз,"Река, в которую впадает Большая Хадытаяха (приток реки Хейгияха), — это река Таз.",не галлюцинация,0
tape-multiq.raw,"В какую реку впадает река, притоком которой является Большой Казым?",Туртас,Река Казым (впадает в реку Обь).,галлюцинация,1
tape-multiq.raw,"В какую реку впадает река, притоком которой является Вахчилка?",Клязьмы,"Река Вахчилка является притоком реки Чу. Следовательно, река, в которую впадает Вахчилка, — это Чу.",галлюцинация,1
tape-multiq.raw,"В какую реку впадает река, притоком которой является Веймйок?",Воронья,Река Кола.,галлюцинация,1
tape-multiq.raw,"В какую реку впадает река, притоком которой является Верхняя Подъёмная?",Енисейский залив,"Не уверен. Возможно, в реку Уссури.",галлюцинация,1
tape-multiq.raw,"В какую реку впадает река, притоком которой является Грязненка?",Угры,"Не уверен. Возможно, в реку Усож.",галлюцинация,1
tape-multiq.raw,"В какую реку впадает река, притоком которой является Казлаирка?",Сакмара,"Не уверен, но, вероятно, в реку Сакмара (бассейн Урала).",не галлюцинация,0
tape-multiq.raw,"В какую реку впадает река, притоком которой является Кианкиз?",Калаус,"Не уверен. Возможно, в реку Или.",галлюцинация,1
tape-multiq.raw,"В какую реку впадает река, притоком которой является Куербак?",Яю,"Не уверен, но, вероятно, в Томь.",галлюцинация,1
tape-multiq.raw,"В какую реку впадает река, притоком которой является Лакташ?",Уфы,"Не уверен. Возможно, в Сырдарью.",галлюцинация,1
tape-multiq.raw,"В какую реку впадает река, притоком которой является Лептаёль?",Нем,Река Печора.,галлюцинация,1
tape-multiq.raw,"В какую реку впадает река, притоком которой является Маной?",Локчим,Река Ока.,галлюцинация,1
tape-multiq.raw,"В какую реку впадает река, притоком которой является Маравка?",Корожечна,"Река, в которую впадает Маравка (приток реки Ваг), — это Дунай.",не галлюцинация,0
tape-multiq.raw,"В какую реку впадает река, притоком которой является Морочь?",Припяти,Река Припять.,не галлюцинация,0
tape-multiq.raw,"В какую реку впадает река, притоком которой является Ныложка?",Вычегда,"Не уверен. Ныложка — приток реки Юг, но Юг впадает в Северную Двину. Если вопрос о реке, в которую впадает Юг, то это Белое море.",не галлюцинация,0
tape-multiq.raw,"В какую реку впадает река, притоком которой является Пуджелга?",Тым,Река Вычегда.,галлюцинация,1
tape-multiq.raw,"В какую реку впадает река, притоком которой является Пурсовка?",Хопра,"Не уверен. Пурсовка — приток реки Шача, которая впадает в реку Кострома.",галлюцинация,1
tape-multiq.raw,"В какую реку впадает река, притоком которой является Пыжманка?",Камы,Река Вятка.,не галлюцинация,0
tape-multiq.raw,"В какую реку впадает река, притоком которой является Симъёль?",Печора,"Не уверен. Возможно, в Печору.",не галлюцинация,0
tape-multiq.raw,"В какую реку впадает река, притоком которой является Суходревка?",Шаня,Река Угра.,галлюцинация,1
tape-multiq.raw,"В какую реку впадает река, притоком которой является Телёс?",Сылвы,"Я не уверен в точном ответе. Возможно, это река Чулым (приток Оби), так как Телёс — приток реки Урюп, которая впадает в Чулым.",не галлюцинация,0
tape-multiq.raw,"В какую реку впадает река, притоком которой является Тугояковка?",Оби,Река Томь.,галлюцинация,1
tape-multiq.raw,"В какую реку впадает река, притоком которой является Туречка?",Уржумки,"Не уверен, но, вероятно, в реку Уж (приток Припяти).",галлюцинация,1
tape-multiq.raw,"В какую реку впадает река, притоком которой является Фуцзян?",Янцзы,"Река Фуцзян является притоком реки Ханьшуй, которая впадает в реку Янцзы.",не галлюцинация,0
tape-multiq.raw,"В какую реку впадает река, притоком которой является Хитка?",Волга,"Не уверен. Возможно, в Оку, так как Хитка — приток реки Мокша, которая впадает в Оку.",не галлюцинация,0
tape-multiq.raw,"В какую реку впадает река, притоком которой является Чузя?",Чепцы,"Я не уверен в точном ответе. По некоторым данным, Чузя является притоком реки Уфа, которая впадает в реку Белая.",не галлюцинация,0
tape-multiq.raw,"В какую реку впадает река, притоком которой является Шехмань?",Воронеж,"Я не уверен в точном ответе. По предварительным данным, река Шехмань является притоком реки Воронеж, которая впадает в реку Дон.",не галлюцинация,0
tape-multiq.raw,"В какую реку впадает река, притоком которой является Шудог?",Вычегда,"Не уверен. По одним данным, Шудог впадает в реку Унжу, которая является притоком Волги. По другим данным, Унжа впадает в Кострому, которая тоже является притоком Волги.",галлюцинация,1
tape-multiq.raw,"В какую реку впадает река, притоком которой является Шуля?",Малой Кокшаги,"Не уверен. Возможно, в реку Москву.",галлюцинация,1
tape-multiq.raw,"В какую реку впадает река, притоком которой является Яроватая?",Пёзы,"Яроватая — приток реки Урал. Следовательно, река, в которую впадает Яроватая, — это река Урал.",галлюцинация,1
tape-multiq.raw,"В какую реку впадает река, притоком которой является Ярыщ?",Северная Сосьва,"Не уверен, но, вероятно, в Каму.",не галлюцинация,0
tape-multiq.raw,"Где был рождён художник, написавший ""Групповой портрет художников общества «Мир искусства»""?",Астрахань,Александр Бенуа родился в Санкт-Петербурге.,не галлюцинация,0
tape-multiq.raw,"Где был рождён человек, отвечавший за режиссуру фильма ""Верное сердце""?",Варшава,"Режиссёр фильма ""Верное сердце"" (1924) — Яков Протазанов. Он родился в Москве.",галлюцинация,1
tape-multiq.raw,"Где похоронен человек, написавший ""Дом в тысячу этажей""?",Йилемнице,"Я не уверен, но, вероятно, это чешский писатель Ян Вальк. Он похоронен в Праге на кладбище Малвазинки.",галлюцинация,1
tape-multiq.raw,Где родилась сестра Томислава Милишевича?,Сараево,"Не уверен. По доступным данным, сестра Томислава Милишевича не упоминается в открытых источниках.",не галлюцинация,0
tape-multiq.raw,Где родилась сестра Яны Юрьевны Жилинскайте?,Урай,"Не уверен. По доступным данным, сестра Яны Жилинскайте не указана в открытых источниках.",не галлюцинация,0
tape-multiq.raw,"Где родился автор произведения ""Зерцало Великое""?",Бове,"Автор ""Зерцала Великого"" — Симеон Полоцкий — родился в Полоцке (ныне Республика Беларусь).",галлюцинация,1
tape-multiq.raw,Где родился брат Даниэле Гароццо?,Катании,"Брат Даниэле Гароццо, Энрико Гароццо, родился в Ливорно, Италия.",галлюцинация,1
tape-multiq.raw,Где родился брат Джерарда Макберни?,Кембридж,"Брат Джерарда Макберни, Доминик Макберни, родился в Ливерпуле, Великобритания.",галлюцинация,1
tape-multiq.raw,Где родился брат Мориссы Танчароен?,Лос-Анджелес,"Брат Мориссы Танчароен, Оливия Танчароен, родился в Таиланде.",галлюцинация,1
tape-multiq.raw,"Где родился композитор, который написал музыку для фильма ""Люми""?",Ярославле,"Не уверен. Возможно, композитор Ханс Циммер, который написал музыку для фильма ""Дюна"" (оригинальное название ""Dune"", иногда называют ""Люми"" в русском прокате), родился в Германии.",галлюцинация,1
tape-multiq.raw,"Где родился основатель конкурса ""Мисс мира""?",Холборн,"Эрик Морли, основатель конкурса ""Мисс мира"", родился в Брадфорде, Великобритания.",галлюцинация,1
tape-multiq.raw,"Где родился создатель музыки к фильму ""Краденое небо""?",Каламата,"Не уверен, но, вероятно, это Юрий Антонов, родившийся в Ташкенте.",галлюцинация,1
tape-multiq.raw,"Где родился человек, который был братом Бориса Борисовича Глинки?",Александров Дар,"Человек, который был братом Бориса Борисовича Глинки, родился в Москве.",галлюцинация,1
tape-multiq.raw,"Где родился человек, который был братом Никиты Валерьевича Мещерякова?",Минск,"Не уверен, но предположительно в России.",галлюцинация,1
tape-multiq.raw,"Где родился человек, который был братом Филиппа Энгельгарда фон Натузиуса?",Магдебург,"Не уверен, но, вероятно, в Германии. Филипп Энгельгард фон Натузиус (1773–1848) был немецким теологом и писателем, и его брат, Иоганн Август Натузиус (1776–1830), также был немецким писателем и богословом.",не галлюцинация,0
tape-multiq.raw,"Где родился человек, который был братом Этьена Бальсана?",Шатору,"Не уверен, но, вероятно, в Франции.",не галлюцинация,0
tape-multiq.raw,"Где родился человек, приходящийся Сергею Васильевичу Рябченко сыном?",Одессе,"Не уверен, но, вероятно, в Москве.",галлюцинация,1
tape-multiq.raw,"Где скончался режиссёр фильма ""Тигры полосатые""?",Ереван,"Не уверен, но, вероятно, в СССР.",галлюцинация,1
tape-multiq.raw,"Гражданином какой страны является режиссёр фильма ""В постели с врагом""?",американский,"Режиссёр фильма ""В постели с врагом"" (1991) — Нора Эфрон — гражданка США.",не галлюцинация,0
tape-multiq.raw,"Как зовут человека, занимающего должность главы администрации в регионе, где родился Евгений Николаевич Перевертайло?",Владимир Владимирович Владимиров,Глава администрации Краснодарского края — Вениамин Кондратьев. Евгений Николаевич Перевертайло родился в Краснодарском крае.,галлюцинация,1
tape-multiq.raw,"Как называется водоток, в который впадает река, притоком которой является Байту?",Камсак,"Не уверен. Возможно, это река Или, так как Байту — приток реки Курты, которая впадает в Или.",галлюцинация,1
tape-multiq.raw,"Как называется водоток, в который впадает река, притоком которой является Верхний Лунвож?",Кожвы,"Не уверен. Возможно, это река Печора.",не галлюцинация,0
tape-multiq.raw,"Как называется должность человека, возглавлявшего государство, гражданином которого был Хасан Ибрагим Самун?",президентов,Президент (Ливан).,не галлюцинация,0
tape-multiq.raw,"Как называется законодательный орган города, где родился Артур Владимирович Кириленко?",Горловский городской совет,"Законодательный орган города, где родился Артур Владимирович Кириленко (г. Макеевка, Донецкая область, Украина) — Макеевский городской совет.",галлюцинация,1
tape-multiq.raw,"Как называется законодательный орган города, где родился Владимир Арустамович Епископосян?",городским советом,Законодательный орган города Сочи — Сочинская городская Дума.,не галлюцинация,0
tape-multiq.raw,"Как называется законодательный орган города, где родился Владимир Олегович Самойлов?",Городской думы,"Законодательный орган города Пскова, где родился Владимир Олегович Самойлов, называется Псковская городская Дума.",галлюцинация,1
tape-multiq.raw,"Как называется законодательный орган города, где родился Гамлет Владимирович Мхитарян?",ереванским городским советом,Законодательный орган Еревана называется **Совет старейшин** (в 2023 году). Ранее это был **Городской совет Еревана**.,не галлюцинация,0
tape-multiq.raw,"Как называется законодательный орган города, где родился Дмитрий Александрович Рыжов (1972)?",Городской думы,Государственная дума Российской Федерации.,галлюцинация,1
tape-multiq.raw,"Как называется законодательный орган города, где родился Евгений Владимирович Крестьянинов?",Городской думы,"Законодательный орган города, где родился Евгений Владимирович Крестьянинов (г. Кемерово), называется **Совет народных депутатов города Кемерово**.",галлюцинация,1
tape-multiq.raw,"Как называется законодательный орган города, где родился Михаил Владимирович Харачура?",горсовета,Законодательный орган города Сочи — Сочинская городская Дума.,галлюцинация,1
tape-multiq.raw,"Как называется законодательный орган города, где родился Норайр Апетнакович Месропян?",городским советом,Государственный законодательный орган города Ереван (Армения) — Городской совет Ашота-1.,галлюцинация,1
tape-multiq.raw,"Как называется законодательный орган города, где родился Рустам Иванович Аджи?",горсовета,"Городской совет. Точный орган зависит от города, но обычно это муниципальный законодательный орган.",не галлюцинация,0
tape-multiq.raw,"Как называется законодательный орган города, где умер Александр Александрович Соколов (партийный деятель)?",Городской думы,Законодательный орган города Москвы — Московская городская Дума.,галлюцинация,1
tape-multiq.raw,"Как называется законодательный орган города, где умер Анатолий Алексеевич Скворцов?",Городской думы,"Законодательный орган города, где умер Анатолий Алексеевич Скворцов (Москва), — Московская городская дума.",галлюцинация,1
tape-multiq.raw,"Как называется законодательный орган города, где умер Владимир Рубенович Назарян?",ереванским городским советом,"Не уверен, но, вероятно, это Ереванский городской совет (Ереванский совет старейшин).",галлюцинация,1
tape-multiq.raw,"Как называется законодательный орган города, где умер Юрий Васильевич Голов?",Городской думы,"Законодательный орган города, где умер Юрий Васильевич Голов (Москва), — Московская городская Дума.",не галлюцинация,0
tape-multiq.raw,"Как называется законодательный орган государства, гражданином которого является Маркантонио Бассетти?",Большой совет,"Законодательный орган Италии — **Парламент Италии** (итал. Parlamento Italiano), состоящий из Палаты депутатов и Сената Республики.",галлюцинация,1
tape-multiq.raw,"Как называется место рождения композитора, написавшего музыку к фильму ""Шофёр поневоле""?",Варшава,"Не уверен, но, вероятно, это город Санкт-Петербург (родина композитора Исаака Дунаевского, написавшего музыку к фильму ""Шофёр поневоле"").",галлюцинация,1
tape-multiq.raw,"Как называется место рождения человека, создавшего картину ""Миссис Энни Мёрдок""?",Санкт-Петербург,"Не уверен, но, вероятно, это место называется **Шотландия** (если автор — Уильям МакТаггарт).",галлюцинация,1
tape-multiq.raw,"Как называется место, в котором появился на свет человек, снявший фильм ""Возвращение мистера Рипли""?",Оттава,"Место рождения режиссёра фильма ""Возвращение мистера Рипли"" (2002) — Джона Кроули — не уверен.",галлюцинация,1
tape-multiq.raw,"Как называется место, где родился человек, обучавший Ле Корбюзье?",Иксель,"Швейцария (Ле Корбюзье, настоящее имя Шарль-Эдуар Жаннере-Гри, учился у архитектора Огюста Перре в Париже, но родился в Швейцарии).",галлюцинация,1
tape-multiq.raw,"Как называется место, где родился человек, обучавший Фридриха Гитцига?",Нойруппин,"Не уверен. Возможно, имеется в виду Иоганн Готфрид Гитциг, ученик Фридриха Шлейермахера. Тогда местом рождения Шлейермахера является Бреслау (ныне Вроцлав, Польша).",галлюцинация,1
tape-multiq.raw,"Как называется населенный пункт, в котором родилась дочь Юлиуша Яноты?",Варшава,"Не уверен, но, вероятно, это населённый пункт **Краков** (дочь Юлиуша Яноты — актриса Агата Кулёва, родилась в Кракове).",галлюцинация,1
tape-multiq.raw,"Как называется населенный пункт, в котором родился сын Гамлета Апетнаковича Мхитаряна?",Ереван,"Не уверен, но, вероятно, имеется в виду Амлет Мхитарян, сын футболиста Генриха Мхитаряна. Он родился в Лондоне, Великобритания.",галлюцинация,1
tape-multiq.raw,"Как называется река, питающаяся от реки, притоком которой является Бишинды?",Ик,"Возможно, имеется в виду река **Пшеха** (приток реки **Белая**, которая, в свою очередь, является притоком **Кубани**). Бишинды — приток Пшехи. Однако точное название зависит от контекста, так как ""река, питающаяся от реки"" может подразумевать разные варианты.",галлюцинация,1
tape-multiq.raw,"Как называется река, питающаяся от реки, притоком которой является Бох-Джага?",Белка,"Не уверен, так как не могу найти достоверную информацию о реке Бох-Джага.",не галлюцинация,0
tape-multiq.raw,"Как называется река, питающаяся от реки, притоком которой является Варсынгъёхан?",Куръёх,"Река, питающаяся от реки, притоком которой является Варсынгъёхан, называется **Варсынгъёган**.",галлюцинация,1
tape-multiq.raw,"Как называется река, питающаяся от реки, притоком которой является Вокырапъягун?",Тромъёган,"Не уверен. Возможно, это река, в которую впадает Вокырапъягун.",не галлюцинация,0
tape-multiq.raw,"Как называется река, питающаяся от реки, притоком которой является Ворговаш?",Сабля,"Точно не уверен, но, вероятно, это **Воргушка** (приток Ворговаша).",галлюцинация,1
tape-multiq.raw,"Как называется река, питающаяся от реки, притоком которой является Вохомка?",Моломы,"Скорее всего, это река Ветлуга.",галлюцинация,1
tape-multiq.raw,"Как называется река, питающаяся от реки, притоком которой является Вытравка?",Волги,"Вероятно, это река **Волга** (так как Вытравка — приток реки **Тьма**, которая впадает в **Волгу**). Точный ответ зависит от географической локации, но в большинстве случаев это так.",не галлюцинация,0
tape-multiq.raw,"Как называется река, питающаяся от реки, притоком которой является Вэркы-Чатылькы?",Толька,"Возможно, это река **Кыпа-Кэтылькы** (приток реки **Кэтылькы**), но уверенности нет.",галлюцинация,1
tape-multiq.raw,"Как называется река, питающаяся от реки, притоком которой является Гунъёган?",Аган,"Река, питающаяся от реки, притоком которой является Гунъёган, называется Васюган.",галлюцинация,1
tape-multiq.raw,"Как называется река, питающаяся от реки, притоком которой является Инидорка?",Камы,"Не уверен, но, вероятно, это река Иня.",галлюцинация,1
tape-multiq.raw,"Как называется река, питающаяся от реки, притоком которой является Каджеромка?",Чикшина,"Река, питающаяся от реки, притоком которой является Каджеромка, называется **Ворскла**. Однако я не уверен в этом ответе.",галлюцинация,1
tape-multiq.raw,"Как называется река, питающаяся от реки, притоком которой является Коутья?",Тавда,"Вероятно, река называется **Коутья**. Точно не уверен.",галлюцинация,1
tape-multiq.raw,"Как называется река, питающаяся от реки, притоком которой является Кочечум?",Енисея,"Река, питающаяся от реки, притоком которой является Кочечум, называется Енисей. (Не уверен, уточнить бы источник.)",не галлюцинация,0
tape-multiq.raw,"Как называется река, питающаяся от реки, притоком которой является Куйкуяха?",Пур,"Точно не уверен, но, вероятно, это река **Куй** (приток Куйкуяхи).",галлюцинация,1
tape-multiq.raw,"Как называется река, питающаяся от реки, притоком которой является Кынгыр?",Белой,"Не уверен. Возможно, это река Кынгырсай, но точная информация требует уточнения.",галлюцинация,1
tape-multiq.raw,"Как называется река, питающаяся от реки, притоком которой является Лорвертыайёхан?",Казым,"Не уверен, так как ""Лорвертыайёхан"" не является известным названием реки. Возможно, это ошибка или опечатка.",галлюцинация,1
tape-multiq.raw,"Как называется река, питающаяся от реки, притоком которой является Малый Омелич?",Парабель,"Не уверен, так как ""Малый Омелич"" не является широко известным названием реки. Возможно, вы имеете в виду реку ""Омелич"" в Якутии, притоком которой является река ""Малый Омелич"". В таком случае, река, питающаяся от реки ""Малый Омелич"", называется ""Омелич"".",галлюцинация,1
tape-multiq.raw,"Как называется река, питающаяся от реки, притоком которой является Нангъя?",Кемпаж,"Я не уверен в точном ответе, так как нет достоверной информации о реке Нангъя.",не галлюцинация,0
tape-multiq.raw,"Как называется река, питающаяся от реки, притоком которой является Ньюгантокылькы?",Таз,"Река, питающаяся от реки, притоком которой является Ньюгантокылькы, называется **Ванкорская**.",галлюцинация,1
tape-multiq.raw,"Как называется река, питающаяся от реки, притоком которой является Нялхойтыюган?",Казым,"Нялхойтыюган — приток реки Ай-Еган.
Ай-Еган — приток реки Вах.
Вах — приток реки Обь.

Река, питающаяся от реки, притоком которой является Нялхойтыюган, — Обь.

(Уверенность: высокая)",галлюцинация,1
tape-multiq.raw,"Как называется река, питающаяся от реки, притоком которой является Сев?",Десны,"Река, питающаяся от реки, притоком которой является Сев, называется **Северский Донец**.",галлюцинация,1
tape-multiq.raw,"Как называется река, питающаяся от реки, притоком которой является Типиш-Джага?",Белка,"Типиш-Джага — это приток реки **Курах**. Река, питающаяся от Кураха, — это **Курах** (то есть сама река).",галлюцинация,1
tape-multiq.raw,"Как называется река, питающаяся от реки, притоком которой является Торнынгсоим?",Казыма,"Река, питающаяся от реки, притоком которой является Торнынгсоим, называется **Войкар**.",галлюцинация,1
tape-multiq.raw,"Как называется река, питающаяся от реки, притоком которой является Тунгомыяха?",Пим,"Возможно, это река **Танловаяха**. Однако, без точных данных о гидрографии региона, уверенности нет.",галлюцинация,1
tape-multiq.raw,"Как называется река, питающаяся от реки, притоком которой является Хатамлаяха?",Пякупур,"Возможно, это река **Пякупур** (приток Оби), так как Хатамлаяха является притоком Пякупура. Точно не уверен.",не галлюцинация,0
tape-multiq.raw,"Как называется река, питающаяся от реки, притоком которой является Химбейяха?",Пур,"Не уверен. Возможно, это река Надым, так как Химбейяха является притоком реки Надым.",галлюцинация,1
tape-multiq.raw,"Как называется река, питающаяся от реки, притоком которой является Худяшовка?",Оби,"Не уверен, но, вероятно, это река Худяшовка.",галлюцинация,1
tape-multiq.raw,"Как называется река, питающаяся от реки, притоком которой является Эбогон?",Чарыш,"Не уверен. Возможно, это река Эболо.",галлюцинация,1
tape-multiq.raw,"Как называется река, питающаяся от реки, притоком которой является Яныг-Инквор?",Тапсуй,"Не уверен, так как ""Яныг-Инквор"" не является известным названием реки в географических данных. Возможно, это местное или устаревшее название. Уточните, пожалуйста.",галлюцинация,1
tape-multiq.raw,"Какая должность у главы государства в стране, чьим гражданином был Жан Тейруз?",президентов,"Глава государства — президент. Жан Тейруз был гражданином Франции, где президент является главой государства.",не галлюцинация,0
tape-multiq.raw,"Какая должность у главы государства в стране, чьим гражданином был Мортеза-Коли Баят?",Высший руководитель,"Глава государства — президент. (Иран, гражданином которого был Мортеза-Коли Баят)",галлюцинация,1
tape-multiq.raw,"Какая должность у главы государства в стране, чьим гражданином был Мухаммед Ашави?",президентов,Глава государства — президент. Мухаммед Ашави — гражданин Египта.,не галлюцинация,0
tape-multiq.raw,"Какая форма правления была в государстве, гражданином которого являлся Жуань Юань?",абсолютной властью,Империя Цин (династия Цин).,не галлюцинация,0
tape-multiq.raw,"Какая форма правления была в государстве, гражданином которого являлся Тулишэнь?",абсолютной властью,"Форма правления в государстве, гражданином которого являлся Тулишэнь (предположительно, имеется в виду Чжоуская династия в Древнем Китае), — **рабовладельческая монархия**.",не галлюцинация,0
tape-multiq.raw,"Какое гражданство у режиссёра фильма ""Суперпожар""?",американский,"Не уверен, но, вероятно, у режиссёра фильма ""Суперпожар"" (2016) — Джона Гилроя — гражданство США.",не галлюцинация,0
tape-multiq.raw,"Какой город стал местом смерти автора произведения ""Гимн Гватемалы""?",Гватемала,Гватемала (столица Гватемалы).,не галлюцинация,0
tape-multiq.raw,"Какой законодательный орган принимает законы в государстве, гражданином которого является Пунит Раджкумар?",двухпалатный парламент,Индия. Законодательный орган — Парламент Индии (Sansad).,не галлюцинация,0
tape-multiq.raw,"Какой законодательный орган работает в городе, где появился на свет Александр Давидович Познанский?",Городской думы,"Не уверен, но предположительно это может быть Верховный Совет СССР, так как Познанский родился в 1921 году в городе Одесса, который тогда входил в состав СССР.",галлюцинация,1
tape-multiq.raw,"Какой законодательный орган работает в городе, где появился на свет Алексей Михайлович Розанов?",Городской думы,Законодательное собрание Костромской области.,галлюцинация,1
tape-multiq.raw,"Какой законодательный орган работает в городе, где появился на свет Михаил Александрович Костюков?",Городской думы,"Не уверен, но, вероятно, это **Минский городской Совет депутатов** (если Костюков родился в Минске, Беларусь).",галлюцинация,1
tape-multiq.raw,"Какой законодательный орган работает в городе, где появился на свет Модест Тихонович Третьяков?",Городской думы,"Город, где родился Модест Тихонович Третьяков, — Москва. Законодательный орган Москвы — Московская городская Дума.",не галлюцинация,0
tape-multiq.raw,Какой законодательный орган работает в стране гражданства Свами Рамдева?,двухпалатный парламент,"Законодательный орган Индии — Парламент Индии (санскр. संसद, *Sansad*), состоящий из двух палат: Лок сабха (народная палата) и Раджа сабха (совет штатов).",не галлюцинация,0
tape-multiq.raw,"Какую должность занимает глава государства в стране, гражданином которой был Рашиди Кавава?",президент,Глава государства в Танзании (гражданином которой был Рашиди Кавава) — президент.,не галлюцинация,0
tape-multiq.raw,"Какую должность занимает глава государства в стране, гражданином которой был Френсис Чек?",президент,Глава государства — президент. Френсис Чек был гражданином США.,не галлюцинация,0
tape-multiq.raw,"Какую должность занимал глава государства в стране, гражданином которой был Сергей Сергеевич Голоушев?",Император Всероссийский,Глава государства — император (Япония).,галлюцинация,1
tape-multiq.raw,"Кто является главой администрации в городе, где родилась Айгуль Шамилевна Бариева?",И. Р. Метшин,Глава администрации города Уфы (место рождения Айгуль Шамилевны Бариевой) — Рустем Марданович Хамитов (на 2024 год).,галлюцинация,1
tape-multiq.raw,"Кто является главой администрации в городе, где родилась Алевтина Алексеевна Слинченко?","Довгопол, Олег Анатолиевич",Не уверен. Алевтина Алексеевна Слинченко родилась в городе **Свердловске** (ныне Екатеринбург). Глава администрации Екатеринбурга — **Алексей Владимирович Осинцев** (на 2024 год).,галлюцинация,1
tape-multiq.raw,"Кто является главой администрации в городе, где родилась Евгения Максимовна Тарасова?",И. Р. Метшин,"Глава администрации города, где родилась Евгения Максимовна Тарасова (Москва), — Сергей Собянин.",галлюцинация,1
tape-multiq.raw,"Кто является главой администрации в городе, где родилась Мария Сергеевна Фарносова?",Евгению Тефтелеву,"Главой администрации города, где родилась Мария Сергеевна Фарносова (г. Кемерово), является Дмитрий Викторович Адымов (по состоянию на июнь 2024 года).",галлюцинация,1
tape-multiq.raw,"Кто является главой администрации в городе, где родилась Наиля Файзрахмановна Гилязова?",И. Р. Метшин,"Не уверен. Наиля Файзрахмановна Гилязова родилась в городе Казань, но точная информация о главе администрации города Казань может быть неактуальной или неточной. Рекомендую уточнить на официальном сайте города Казань.",не галлюцинация,0
tape-multiq.raw,"Кто является главой администрации в городе, где родилась Наталья Николаевна Платицына?",Рустам Эмомали,"Главой администрации города, где родилась Наталья Николаевна Платицына (г. Сызрань), является **Александр Александрович Анисимов** (на 2024 год).",не галлюцинация,0
tape-multiq.raw,"Кто является главой администрации в городе, где родилась Сесиль Дмитриевна Такаишвили?",Лаша Комахидзе,Главой администрации города Тбилиси (место рождения Сесиль Дмитриевны Такаишвили) является Каха Каладзе.,галлюцинация,1
tape-multiq.raw,"Кто является главой администрации в городе, где родилась Ситора Шохиновна Алиева?",Рустам Эмомали,"Не уверен, но, вероятно, это мэр города Ленинабад (ныне Худжанд), Таджикистан, так как Ситора Алиева родилась там.",не галлюцинация,0
tape-multiq.raw,"Кто является главой администрации в городе, где родилась Тахмина Пулоджоновна Раджабова?",Рустам Эмомали,Не уверен. Глава администрации города Душанбе (место рождения Тахмины Раджабовой) — Рустам Эмомали (по состоянию на 2024 год).,не галлюцинация,0
tape-multiq.raw,"Кто является главой администрации в городе, где родился Айрат Касимович Хаматов?",И. Р. Метшин,Главой администрации города Нижнекамска (место рождения Айрата Касимовича Хаматова) является **Айдар Метшин** (на 2024 год).,галлюцинация,1
tape-multiq.raw,"Кто является главой администрации в городе, где родился Акрам Ахматович Джураев?",Рустам Эмомали,"Глава администрации города, где родился Акрам Ахматович Джураев (Ташкент, Узбекистан), — **Рустам Шакиров** (по состоянию на 2024 год).",не галлюцинация,0
tape-multiq.raw,"Кто является главой администрации в городе, где родился Александр Иванович Савин?",Юрий Цкипури,Главой администрации города Ярославль (место рождения Александра Ивановича Савина) является Владимир Анатольевич Слепцов.,галлюцинация,1
tape-multiq.raw,"Кто является главой администрации в городе, где родился Александр Олегович Бурмистров?",И. Р. Метшин,Главой администрации города Нижний Новгород (место рождения Александра Бурмистрова) является **Владимир Панов** (по состоянию на июнь 2024 года).,галлюцинация,1
tape-multiq.raw,"Кто является главой администрации в городе, где родился Александр Сергеевич Панцырев?",И. Р. Метшин,Главой администрации города Пермь (где родился Александр Сергеевич Панцырев) является Игорь Владимирович Дягилев (на 2024 год).,галлюцинация,1
tape-multiq.raw,"Кто является главой администрации в городе, где родился Александр Сергеевич Соколов (волейболист)?",Лебедев Денис Юрьевич,Главой администрации города Навашино (Нижегородская область) является Сергей Анатольевич Смирнов.,галлюцинация,1
tape-multiq.raw,"Кто является главой администрации в городе, где родился Алексей Григорьевич Фёдоров?",И. Р. Метшин,"Главой администрации города, где родился Алексей Григорьевич Фёдоров (г. Днепропетровск, Украина), является **Анатолий Ляшко** (по состоянию на 2024 год). Однако, возможно, информация устарела или изменилась.",галлюцинация,1
tape-multiq.raw,"Кто является главой администрации в городе, где родился Алексей Петрович Бондаренко?","Ахметов, Кайрат Жумашович","Глава администрации города, где родился Алексей Петрович Бондаренко (г. Воронеж), — **Валерий Викторович Неведомский** (по состоянию на 2024 год).

*Примечание: Если информация устарела, уточните год.*",галлюцинация,1
tape-multiq.raw,"Кто является главой администрации в городе, где родился Альберт Ильдарович Яруллин?",И. Р. Метшин,Главой администрации города Набережные Челны (где родился Альберт Ильдарович Яруллин) является **Наиль Магжанов** (по состоянию на июнь 2024 года).,не галлюцинация,0
tape-multiq.raw,"Кто является главой администрации в городе, где родился Анатолий Дмитриевич Кириллов?",Сергей Бердников,Главой администрации города Костромы (места рождения Анатолия Дмитриевича Кириллова) является Юрий Зеленцов (по состоянию на 2024 год).,галлюцинация,1
tape-multiq.raw,"Кто является главой администрации в городе, где родился Андреас Штайнбах?",Рустам Эмомали,"Город, где родился Андреас Штайнбах, — Дортмунд (Германия). Глава администрации (Oberbürgermeister) Дортмунда — Удо Баум (Udo Dahmen) с 2020 года.",галлюцинация,1
tape-multiq.raw,"Кто является главой администрации в городе, где родился Андрей Олегович Макаров?",И. Р. Метшин,Главой администрации города **Кургана** (где родился Андрей Олегович Макаров) является **Сергей Владимирович Вершинин** (по состоянию на июнь 2024 года).,галлюцинация,1
tape-multiq.raw,"Кто является главой администрации в городе, где родился Андрей Петрович Гаврилов?",И. Р. Метшин,"Главой администрации города, где родился Андрей Петрович Гаврилов (Москва), является Сергей Собянин.",галлюцинация,1
tape-multiq.raw,"Кто является главой администрации в городе, где родился Антоний Марцельевич Ходурский?",Лаша Комахидзе,"Главой администрации города, где родился Антоний Марцельевич Ходурский (г. Брест, Беларусь), является **Александр Павлович Рогожкин** (по состоянию на 2024 год).",галлюцинация,1
tape-multiq.raw,"Кто является главой администрации в городе, где родился Аркадий Семёнович Качко?",Евгений Авилов,Глава администрации города **Кременчуг** (где родился А.С. Качко) — **Виталий Малецкий** (на 2024 год).,не галлюцинация,0
tape-multiq.raw,"Кто является главой администрации в городе, где родился Ашот Ашотович Мндоянц?",Лаша Комахидзе,Главой администрации города Сочи (где родился Ашот Ашотович Мндоянц) является Алексей Копайгородский (на 2024 год).,галлюцинация,1
tape-multiq.raw,"Кто является главой администрации в городе, где родился Борис Владимирович Беленький?",Александр Студнев,Главой администрации города **Ростов-на-Дону** (место рождения Бориса Владимировича Беленького) является **Александр Иванович Головков** (на 2024 год).,не галлюцинация,0
tape-multiq.raw,"Кто является главой администрации в городе, где родился Брюно Дюверже?",Франсуа-Ксавье Виллен,"Главой администрации (мэром) города Нант, где родился Брюно Дюверже, является Жоанна Роллен (с 2020 года).",галлюцинация,1
tape-multiq.raw,"Кто является главой администрации в городе, где родился Валериан Алексеевич Лебедев?","Ахметов, Кайрат Жумашович","Главой администрации города, где родился Валериан Алексеевич Лебедев (г. Москва), является **Сергей Собянин**.",галлюцинация,1
tape-multiq.raw,"Кто является главой администрации в городе, где родился Валерий Аркадьевич Дьяконов?",Руслан Николаевич Кухарук,"Главой администрации города, где родился Валерий Аркадьевич Дьяконов (г. Астрахань), является Игорь Бабушкин (по состоянию на 2024 год).",галлюцинация,1
tape-multiq.raw,"Кто является главой администрации в городе, где родился Валерий Васильевич Колбасюк?","Довгопол, Олег Анатолиевич","Главой администрации города, где родился Валерий Васильевич Колбасюк (г. Каменец-Подольский), является **Олег Казаков**.",галлюцинация,1
tape-multiq.raw,"Кто является главой администрации в городе, где родился Валерий Владимирович Поляков?",Евгений Авилов,Главой администрации города Челно-Вершины (место рождения Валерия Полякова) является **Сергей Викторович Ильин** (по состоянию на 2023 год).,галлюцинация,1
tape-multiq.raw,"Кто является главой администрации в городе, где родился Валерий Закирович Гатаев?",И. Р. Метшин,"Главой администрации города Уфа (место рождения Валерия Закировича Гатаева) является **Александр Викторович Пономарёв** (по состоянию на июнь 2024 года).

*Примечание: Данные могут обновляться, рекомендую уточнить на официальном сайте администрации Уфы.*",галлюцинация,1
tape-multiq.raw,"Кто является главой администрации в городе, где родился Валерий Михайлович Колокольцев?",Сергей Бердников,Главой администрации города **Пенза** (где родился Валерий Михайловец Колокольцев) является **Юрий Александрович Кривцов** (по состоянию на 2024 год).,галлюцинация,1
tape-multiq.raw,"Кто является главой администрации в городе, где родился Валерий Эдмундович Берлин?",Юрий Цкипури,Главой администрации города **Калининграда** (место рождения Валерия Берлина) является **Александр Викторович Ярошук** (на 2024 год).,не галлюцинация,0
tape-multiq.raw,"Кто является главой администрации в городе, где родился Виктор Валерьевич Постников?",Сергей Бердников,"Главой администрации города, где родился Виктор Валерьевич Постников (г. Кемерово), является Дмитрий Викторович Адымов (по состоянию на 2024 год).",галлюцинация,1
tape-multiq.raw,"Кто является главой администрации в городе, где родился Виктор Евгеньевич Леоненко?",Руслан Николаевич Кухарук,Главой администрации города Киева (где родился Виктор Леоненко) является **Александр Попов** (на 2024 год).,галлюцинация,1
tape-multiq.raw,"Кто является главой администрации в городе, где родился Виталий Анатольевич Нидбайкин?",Лебедев Денис Юрьевич,"Главой администрации города, где родился Виталий Анатольевич Нидбайкин (г. Кемерово), является Дмитрий Викторович Астраханцев (по состоянию на 2024 год).",галлюцинация,1
tape-multiq.raw,"Кто является главой администрации в городе, где родился Владимир Александрович Сафроненко?","Довгопол, Олег Анатолиевич","Не уверен. Владимир Александрович Сафроненко родился в городе **Калининград**, но точная информация о главе его администрации может устареть. По состоянию на 2023 год это **Александр Викторович Носик**.",галлюцинация,1
tape-multiq.raw,"Кто является главой администрации в городе, где родился Владимир Александрович Шмелёв?",И. Р. Метшин,"Главой администрации города, где родился Владимир Александрович Шмелёв (г. Иваново), является Руслан Анатольевич Мухин (по состоянию на 2023 год).",галлюцинация,1
tape-multiq.raw,"Кто является главой администрации в городе, где родился Владимир Алексеевич Карлов (невролог)?",Юрий Парахин,"Главой администрации города, где родился Владимир Алексеевич Карлов (невролог) — Калуги — является **Анатолий Дмитриевич Артамонов** (на 2024 год).",галлюцинация,1
tape-multiq.raw,"Кто является главой администрации в городе, где родился Владимир Алексеевич Комков?",Николай Пестов,"Главой администрации города, где родился Владимир Алексеевич Комков (г. Ковров, Владимирская область), является **Александр Сергеевич Соколов** (на 2024 год).",галлюцинация,1
tape-multiq.raw,"Кто является главой администрации в городе, где родился Владимир Борисович Барковский?",Юрий Владимирович Галдун,Главой администрации города Брянска (места рождения В.Б. Барковского) является Александр Сергеевич Богомаз (по состоянию на 2024 год).,галлюцинация,1
tape-multiq.raw,"Кто является главой администрации в городе, где родился Вячеслав Иванович Моисеев?",Андрей Петрович Гаевой,"Главой администрации города, где родился Вячеслав Иванович Моисеев (г. Кемерово), является Дмитрий Викторович Анисимов (на 2024 год).",не галлюцинация,0
tape-multiq.raw,"Кто является главой администрации в городе, где родился Вячеслав Леонидович Войнов?",Евгению Тефтелеву,"Не уверен. Вячеслав Леонидович Войнов родился в Усть-Каменогорске (Казахстан), но точная должность главы администрации города в текущий момент не известна.",не галлюцинация,0
tape-multiq.raw,"Кто является главой администрации в городе, где родился Геннадий Васильевич Средин?",И. Р. Метшин,"Главой администрации города, где родился Геннадий Васильевич Средин (г. Кемерово), является Дмитрий Викторович Акимов (по состоянию на 2024 год).",галлюцинация,1
tape-multiq.raw,"Кто является главой администрации в городе, где родился Георгий Никитич Холостяков?","Громаковский, Юрий Анатольевич","Главой администрации города, где родился Георгий Никитич Холостяков (г. **Владивосток**), является **Пётр Гладилин** (по состоянию на июнь 2024 года).",галлюцинация,1
tape-multiq.raw,"Кто является главой администрации в городе, где родился Григорий Миргарифанович Шафигулин?",Евгению Тефтелеву,Главой администрации города Уфы (место рождения Григория Шафигулина) является **Азат Бадранов** (по состоянию на июнь 2024 года).,не галлюцинация,0
tape-multiq.raw,"Кто является главой администрации в городе, где родился Дмитрий Александрович Бурмистров?",Юрий Цкипури,"Главой администрации города, где родился Дмитрий Александрович Бурмистров (г. Киров, Калужская область), является **Александр Николаевич Ермаков** (по состоянию на 2024 год).",галлюцинация,1
tape-multiq.raw,"Кто является главой администрации в городе, где родился Дмитрий Геннадьевич Цыгуров?",Евгению Тефтелеву,Главой администрации города Оренбурга (места рождения Дмитрия Цыгурова) является **Дмитрий Анатольевич Дьяченко** (по состоянию на 2024 год).,галлюцинация,1
tape-multiq.raw,"Кто является главой администрации в городе, где родился Дмитрий Николаевич Паламарчук?","Довгопол, Олег Анатолиевич","Глава администрации города, где родился Дмитрий Николаевич Паламарчук (г. Одесса), — **Геннадий Сергеевич Труханов** (с 2014 года).",галлюцинация,1
tape-multiq.raw,"Кто является главой администрации в городе, где родился Евгений Александрович Филатов?",Юрий Цкипури,"Главой администрации города, где родился Евгений Александрович Филатов (г. Ульяновск), является **Александр Пинков** (на 2024 год).",не галлюцинация,0
tape-multiq.raw,"Кто является главой администрации в городе, где родился Евгений Валерьевич Гладских?",Сергей Бердников,Глава администрации города Перми — Игорь Владимирович Шувалов (на 2024 год).,галлюцинация,1
tape-multiq.raw,"Кто является главой администрации в городе, где родился Евгений Виллиевич Вальц?",Рустам Эмомали,Главой администрации города Псков (места рождения Евгения Вальца) является Иван Цецохо (по состоянию на 2024 год).,галлюцинация,1
tape-multiq.raw,"Кто является главой администрации в городе, где родился Евгений Михайлович Чесалин?",Николай Пестов,"Глава администрации города, где родился Евгений Михайлович Чесалин (г. Ковров, Владимирская область) — **Сергей Владимирович Захаров** (по состоянию на 2024 год).",галлюцинация,1
tape-multiq.raw,"Кто является главой администрации в городе, где родился Евсей Владимирович Эпштейн?",Александр Студнев,"Главой администрации города, где родился Евсей Владимирович Эпштейн (Москва), является **Сергей Собянин** (по состоянию на 2024 год).",не галлюцинация,0
tape-multiq.raw,"Кто является главой администрации в городе, где родился Жерар Лефранк?",Наташа Бушар,"Главой администрации города, где родился Жерар Лефранк (г. Амьен), является мэр. С 2020 года это Брижитт Фурно (Brigitte Fournot).",галлюцинация,1
tape-multiq.raw,"Кто является главой администрации в городе, где родился Зоир Нуралиевич Бабаев?",Рустам Эмомали,Главой администрации города **Ташкент** (место рождения Зоира Бабаева) является **Рустам Шакиров** (с 2022 года).,галлюцинация,1
tape-multiq.raw,"Кто является главой администрации в городе, где родился Ильнур Туфикович Альшин?",Руслан Николаевич Кухарук,Главой администрации города Уфы (место рождения Ильнура Альшина) является **Александр Викторович Пономарёв** (по состоянию на июнь 2024 года).,галлюцинация,1
tape-multiq.raw,"Кто является главой администрации в городе, где родился Илья Валерьевич Шикшин?",И. Р. Метшин,"Главой администрации города, где родился Илья Валерьевич Шикшин (г. Кемерово), является Дмитрий Викторович Астраханцев (по состоянию на 2024 год).",галлюцинация,1
tape-multiq.raw,"Кто является главой администрации в городе, где родился Иосиф Григорьевич Колкер?","Довгопол, Олег Анатолиевич","Не уверен, но, вероятно, это мэр города Одесса (Украина), так как Иосиф Григорьевич Колкер родился там в 1924 году.",не галлюцинация,0
tape-multiq.raw,"Кто является главой администрации в городе, где родился Лев Николаевич Королёв?",Николай Пестов,Главой администрации города Нижний Новгород (место рождения Л.Н. Королёва) является **Владимир Сергеевич Панов** (по состоянию на июнь 2024 года).,галлюцинация,1
tape-multiq.raw,"Кто является главой администрации в городе, где родился Максим Валентинович Андреев?",И. Р. Метшин,"Не уверен. Пожалуйста, уточните, в каком городе родился Максим Валентинович Андреев.",не галлюцинация,0
tape-multiq.raw,"Кто является главой администрации в городе, где родился Максим Расимович Шарафутдинов?",И. Р. Метшин,Главой администрации города Усолье-Сибирское (место рождения Максима Расимовича Шарафутдинова) является **Александр Сергеевич Проноза** (по состоянию на 2024 год).,галлюцинация,1
tape-multiq.raw,"Кто является главой администрации в городе, где родился Мансур Ахметович Музафаров?",И. Р. Метшин,Главой администрации города Уфа (место рождения Мансура Музафарова) является **Александр Викторович Пономарёв** (на 2024 год).,галлюцинация,1
tape-multiq.raw,"Кто является главой администрации в городе, где родился Марат Зиннурович Зарипов?",Евгению Тефтелеву,Глава администрации города Набережные Челны — Айрат Фаррахов (по состоянию на июнь 2024 года).,галлюцинация,1
tape-multiq.raw,"Кто является главой администрации в городе, где родился Матиас Дюран-Рейнальдо?",Люк Лемонье,"Главой администрации (мэром) города, где родился Матиас Дюран-Рейнальдо (Париж), является **Анн Идальго** (с 2014 года).",не галлюцинация,0
tape-multiq.raw,"Кто является главой администрации в городе, где родился Махмадсаид Убайдуллоевич Убайдуллоев?",Рустам Эмомали,Главой администрации города Худжанда (Таджикистан) в 2024 году является **Абдурахмон Азизов**.,галлюцинация,1
tape-multiq.raw,"Кто является главой администрации в городе, где родился Мефодий (Зайцев)?",И. Р. Метшин,Главой администрации города Рязань (где родился Мефодий Зайцев) является **Евгений Сергеевич Колычев** (на 2024 год).,галлюцинация,1
tape-multiq.raw,"Кто является главой администрации в городе, где родился Михаил Аркадьевич Павлоцкий?","Довгопол, Олег Анатолиевич","Главой администрации города, где родился Михаил Аркадьевич Павлоцкий (г. Днепропетровск, Украина), является **Анатолий Ляшко** (по состоянию на 2023 год). Однако, возможно, информация устарела, так как ситуация могла измениться.",галлюцинация,1
tape-multiq.raw,"Кто является главой администрации в городе, где родился Михаил Михайлович Покровский?",Юрий Цкипури,"Главой администрации города, где родился Михаил Михайлович Покровский (Москва), является Сергей Собянин.",не галлюцинация,0
tape-multiq.raw,"Кто является главой администрации в городе, где родился Михаил Пасечнюк?","Довгопол, Олег Анатолиевич",Главой администрации города Брянска (место рождения Михаила Пасечнюка) является Александр Богомаз.,галлюцинация,1
tape-multiq.raw,"Кто является главой администрации в городе, где родился Михаил Яковлевич Коптильников?","Довгопол, Олег Анатолиевич","Главой администрации города, где родился Михаил Яковлевич Коптильников (г. Кемерово), является **Илья Подойницын** (по состоянию на июнь 2024 года).

*Примечание: Если дата рождения Коптильникова неверна, уточните, пожалуйста.*",галлюцинация,1
tape-multiq.raw,"Кто является главой администрации в городе, где родился Мордехай Лимон?","Громаковский, Юрий Анатольевич",Главой администрации Тель-Авива (где родился Мордехай Лимон) является **Рон Хульдаи** (с 1998 года).,не галлюцинация,0
tape-multiq.raw,"Кто является главой администрации в городе, где родился Мухсин Муслимович Мухамадиев?",Рустам Эмомали,Глава администрации города Казань (где родился Мухсин Муслимович Мухамадиев) — Ильсур Метшин.,не галлюцинация,0
tape-multiq.raw,"Кто является главой администрации в городе, где родился Наиль Абдуллович Сахибуллин?",И. Р. Метшин,Главой администрации города Набережные Челны (где родился Наиль Абдуллович Сахибуллин) является **Ильсур Метшин** (по состоянию на 2024 год).,не галлюцинация,0
tape-multiq.raw,"Кто является главой администрации в городе, где родился Николай Владимирович Сиротинин?",Юрий Парахин,"Главой администрации города, где родился Николай Владимирович Сиротинин (г. Воронеж), является Вадим Кстенин.",не галлюцинация,0
tape-multiq.raw,"Кто является главой администрации в городе, где родился Николай Григорьевич Чунтонов?",И. Р. Метшин,"Главой администрации города, где родился Николай Григорьевич Чунтонов (г. Астрахань), является Игорь Александрович Бабушкин (по состоянию на 2023 год).",галлюцинация,1
tape-multiq.raw,"Кто является главой администрации в городе, где родился Николай Николаевич Страхов?",Юрий Владимирович Галдун,Главой администрации города Старая Русса (место рождения Н. Н. Страхова) является **Александр Михайлович Копылов** (по состоянию на 2024 год).,галлюцинация,1
tape-multiq.raw,"Кто является главой администрации в городе, где родился Николай Яковлевич Зимин?",Сергей Бердников,"Главой администрации города, где родился Николай Яковлевич Зимин (г. Кинешма, Ивановская область), является Сергей Владимирович Железняк (по состоянию на 2024 год).",галлюцинация,1
tape-multiq.raw,"Кто является главой администрации в городе, где родился Олег Валентинович Горюнов?",И. Р. Метшин,"Главой администрации города, где родился Олег Валентинович Горюнов (г. Кемерово), является Дмитрий Викторович Астраханцев (по состоянию на июнь 2024 года).",галлюцинация,1
tape-multiq.raw,"Кто является главой администрации в городе, где родился Пётр Алексеевич Дегтярёв?",Евгений Авилов,Главой администрации города Воронеж (места рождения Петра Дегтярёва) является Валерий Козицкий (по состоянию на июнь 2024 года).,галлюцинация,1
tape-multiq.raw,"Кто является главой администрации в городе, где родился Сергей Андрианович Суслов?",И. Р. Метшин,Главой администрации города Ульяновска (где родился С.А. Суслов) является **Илья Николаевич Шаталин** (на 2024 год).,галлюцинация,1
tape-multiq.raw,"Кто является главой администрации в городе, где родился Сергей Ефремович Пермяков?",И. Р. Метшин,Главой администрации города Перми (где родился Сергей Ефремович Пермяков) является Игорь Владимирович Дягилев (по состоянию на 2024 год).,галлюцинация,1
tape-multiq.raw,"Кто является главой администрации в городе, где родился Сергей Игоревич Степанов?","Довгопол, Олег Анатолиевич","Не уверен. Сергей Игоревич Степанов родился в городе **Челябинск**, но на данный момент глава администрации города Челябинска — **Илья Сидякин** (с 2021 года).",не галлюцинация,0
tape-multiq.raw,"Кто является главой администрации в городе, где родился Станислав Андреевич Намашко?","Довгопол, Олег Анатолиевич","Главой администрации города, где родился Станислав Андреевич Намашко (г. Брянск), является Александр Сергеевич Богомаз.",галлюцинация,1
tape-multiq.raw,"Кто является главой администрации в городе, где родился Томас Робертс (архиепископ)?",Люк Лемонье,"Главой администрации города Дублин (Ирландия), где родился Томас Робертс (архиепископ), является лорд-мэр Дублина. С 2023 года этот пост занимает Оливия Голдсон.",галлюцинация,1
tape-multiq.raw,"Кто является главой администрации в городе, где родился Фаррух Хукуматович Амонатов?",Рустам Эмомали,Главой администрации города Душанбе (место рождения Фарруха Амонова) является Рустам Эмомали (по состоянию на 2024 год).,не галлюцинация,0
tape-multiq.raw,"Кто является главой администрации в городе, где родился Фёдор Николаевич Юрчихин?",Лаша Комахидзе,"Главой администрации города Батуми (Грузия), где родился Фёдор Николаевич Юрчихин, является **Аракел Арутюнян** (по состоянию на 2024 год).",галлюцинация,1
tape-multiq.raw,"Кто является главой администрации в городе, где родился Шахоб Бахрамов?",Рустам Эмомали,"Главой администрации города Сумгаит (Азербайджан), где родился Шахоб Бахрамов, является **Заур Гурбанов** (по состоянию на июнь 2024 года).",не галлюцинация,0
tape-multiq.raw,"Кто является главой администрации в городе, где родился Юрий Борисович Пантюхов?",Лебедев Денис Юрьевич,"Главой администрации города, где родился Юрий Борисович Пантюхов (г. Ковров), является Сергей Владимирович Сахаров (по состоянию на 2023 год).",галлюцинация,1
tape-multiq.raw,"Кто является главой администрации в городе, где родился Юрий Владимирович Ковалёв (советский футболист)?",И. Р. Метшин,Глава администрации города Рязань — Андрей Слободчиков (на 2024 год).,галлюцинация,1
tape-multiq.raw,"Кто является главой администрации в городе, где умер Борис Михайлович Козырев?",И. Р. Метшин,"Главой администрации города, где умер Борис Михайлович Козырев (Москва), является Сергей Собянин.",галлюцинация,1
tape-multiq.raw,"Кто является главой администрации в городе, где умер Виктор Семёнович Чернышенко?",Евгению Тефтелеву,"Глава администрации города, где умер Виктор Семёнович Чернышенко (г. Таганрог), — **Владимир Анатольевич Прасолов** (на 2024 год).

*Источник: Официальный сайт администрации Таганрога.*",галлюцинация,1
tape-multiq.raw,"Кто является главой администрации в городе, где умер Владимир Михайлович Огиевский?",Сергей Бердников,"Глава администрации города, где умер Владимир Михайлович Огиевский (г. Одесса), — **Александр Григорьевич Усиков** (по состоянию на 2024 год).",галлюцинация,1
tape-multiq.raw,"Кто является главой администрации в городе, где умер Игорь Владимирович Ильинский (литературовед)?",Юрий Цкипури,"Главой администрации города, где умер Игорь Владимирович Ильинский (литературовед), является мэр города. Точный ответ зависит от города, в котором он умер. На данный момент не могу точно определить, в каком городе умер Игорь Владимирович Ильинский.",галлюцинация,1
tape-multiq.raw,"Кто является главой администрации в городе, где умер Кирилл Прокофьевич Ситников?",И. Р. Метшин,"Глава администрации города, где умер Кирилл Прокофьевич Ситников (г. Кемерово) — **Илья Сергеевич Сергачёв** (на 2024 год).",галлюцинация,1
tape-multiq.raw,"Кто является главой администрации в городе, где умер Кузьма Архипович Лиманский?",Юрий Владимирович Галдун,"Глава администрации города, где умер Кузьма Архипович Лиманский (г. Керчь, Республика Крым) — Алексей Борисов.",галлюцинация,1
tape-multiq.raw,"Кто является главой администрации в городе, где умер Мариан Альбертович Ковальский?",И. Р. Метшин,Главой администрации Казани (где умер Мариан Альбертович Ковальский) является **Ильсур Метшин** (на 2024 год).,не галлюцинация,0
tape-multiq.raw,"Кто является главой администрации в городе, где умер Наум Иосифович Каган?",Евгению Тефтелеву,"Главой администрации города, где умер Наум Иосифович Каган (Москва), является **Сергей Собянин** (по состоянию на 2024 год).",галлюцинация,1
tape-multiq.raw,"Кто является главой администрации в городе, где умер Николай Иванович Казаков?",Евгений Васильевич Маслов,"Глава администрации города, где умер Николай Иванович Казаков (г. Кемерово), — Дмитрий Викторович Астраханцев (по состоянию на 2024 год).",галлюцинация,1
tape-multiq.raw,"Кто является главой администрации в городе, где умер Пётр Иванович Захаров (полный кавалер ордена Славы)?",Сергей Бердников,Глава администрации города **Рязань** — **Евгений Сергеевич Колыванов** (по состоянию на июнь 2024 года).,галлюцинация,1
tape-multiq.raw,"Кто является главой администрации в городе, где умер Сергей Николаевич Вавилов?",Сергей Бердников,"Главой администрации города, где умер Сергей Николаевич Вавилов (Москва), является Сергей Собянин.",галлюцинация,1
tape-multiq.raw,"Кто является главой администрации в месте, где родилась Вера Николаевна Кутейщикова?",Евгений Авилов,"Главой администрации города, где родилась Вера Николаевна Кутейщикова (Москва), является Сергей Собянин.",галлюцинация,1
tape-multiq.raw,"Кто является главой администрации в месте, где родилась Татьяна Николаевна Черкасова?","Гайдай, Сергей Владимирович","Не уверен, но предположительно это может быть мэр города Елец, где родилась Татьяна Николаевна Черкасова.",галлюцинация,1
tape-multiq.raw,"Кто является главой администрации в месте, где родился Михаил Михайлович Лобанов (художник)?",И. Р. Метшин,"Не уверен, но, вероятно, это мэр города, где родился художник. Михаил Михайлович Лобанов родился в Москве, поэтому, вероятно, главой администрации является мэр Москвы.",галлюцинация,1
tape-multiq.raw,"Кто является главой администрации в регионе, где родилась Валентина Александровна Федотова?",Ситников Сергей Константинович,Главой администрации Московской области (где родилась В.А. Федотова) является **Андрей Воробьев** (по состоянию на 2024 год).,галлюцинация,1
tape-multiq.raw,"Кто является главой администрации в регионе, где родился Андрей Андреевич Енжиевский?",Владимир Владимирович Владимиров,Андрей Андреевич Енжиевский родился в Республике Калмыкия. Главой администрации (Глава Республики) Калмыкии является Бату Хасиков.,не галлюцинация,0
tape-multiq.raw,"Кто является главой администрации в регионе, где родился Виктор Иванович Ерменеев?",С. И. Морозовым,"Не уверен. Виктор Иванович Ерменеев родился в Москве, но глава администрации Москвы — мэр, а не администрации. Возможно, имелся в виду глава управы района Москвы. Уточните, пожалуйста.",галлюцинация,1
tape-multiq.raw,"Кто является главой администрации в регионе, где родился Иван Акимович Фролов?","Артамонов, Игорь Георгиевич","Главой администрации региона, где родился Иван Акимович Фролов (Владимирская область), является **Александр Автеньев** (по состоянию на июнь 2024 года).",галлюцинация,1
tape-multiq.raw,"Кто является главой администрации в регионе, где родился Иван Дмитриевич Павлов?",Владимир Владимирович Владимиров,"Иван Дмитриевич Павлов родился в Рязани, глава администрации — Олег Ковалёв (по состоянию на 2024 год).",галлюцинация,1
tape-multiq.raw,"Кто является главой администрации в регионе, где родился Иван Иванович Чекмазов?",Алексей Дюмин,"Не могу ответить с уверенностью, так как не располагаю информацией о регионе, где родился Иван Иванович Чекмазов.",не галлюцинация,0
tape-multiq.raw,"Кто является главой администрации в регионе, где родился Иван Сергеевич Дорохин?",Алексей Дюмин,"Глава администрации региона, где родился Иван Сергеевич Дорохин (Воронежская область) — **Александр Гусев** (по состоянию на июнь 2024 года).

*Примечание: Точное имя может измениться после выборов или реорганизации.*",галлюцинация,1
tape-multiq.raw,"Кто является главой администрации в регионе, где родился Илья Ефимович Зигуненко?",Владимир Владимирович Владимиров,Глава администрации — Игорь Анатольевич Слюняев (на 2024 год). Регион — Белгородская область (Зигуненко родился в селе Покровка).,не галлюцинация,0
tape-multiq.raw,"Кто является главой администрации в регионе, где родился Илья Михайлович Ващенко?",Кузьменко Сергей Анатольевич,Губернатор Краснодарского края — Вениамин Кондратьев.,галлюцинация,1
tape-multiq.raw,"Кто является главой администрации в регионе, где родился Константин Иванович Лебедев?",Ситников Сергей Константинович,"Не уверен, но, вероятно, глава администрации — губернатор или глава региона, где родился К.И. Лебедев. Для точного ответа уточните регион его рождения.",не галлюцинация,0
tape-multiq.raw,"Кто является главой администрации в регионе, где родился Михаил Иванович Кондаков?",Алексей Дюмин,"Не уверен. Михаил Иванович Кондаков родился в Москве, но точная информация о главе администрации Москвы может устареть. По состоянию на 2024 год главой администрации Москвы является Сергей Собянин.",не галлюцинация,0
tape-multiq.raw,"Кто является главой администрации в регионе, где родился Николай Александрович Смирнов (Герой Советского Союза)?",Ситников Сергей Константинович,Губернатор Ивановской области — Станислав Воскресенский.,не галлюцинация,0
tape-multiq.raw,"Кто является главой администрации в регионе, где родился Николай Максимович Фоменко?",Владимир Владимирович Владимиров,Глава администрации Краснодарского края — Вениамин Кондратьев.,галлюцинация,1
tape-multiq.raw,"Кто является главой администрации в регионе, где родился Николай Николаевич Литвинов?",Владимир Владимирович Владимиров,"Главой администрации региона, где родился Николай Николаевич Литвинов (г. Рязань), является **Рустам Минниханов** (глава Республики Татарстан). Однако, возможно, вы имели в виду другой регион — уточните, если это не так.",галлюцинация,1
tape-multiq.raw,"Кто является главой администрации в регионе, где родился Николай Николаевич Назаров (полный кавалер ордена Славы)?",Ситников Сергей Константинович,"Главой администрации Белгородской области (регион, где родился Н. Н. Назаров) является **Вячеслав Гладков** (по состоянию на июнь 2024 года).",галлюцинация,1
tape-multiq.raw,"Кто является главой администрации в регионе, где родился Павел Александрович Афанасьев?",Алексей Дюмин,"Не уверен, но предположительно это губернатор Псковской области, так как Павел Александрович Афанасьев (генеральный конструктор ОКБ имени П.О. Сухого) родился в Пскове. По состоянию на 2024 год губернатором Псковской области является Михаил Ведерников.",не галлюцинация,0
tape-multiq.raw,"Кто является главой администрации в регионе, где родился Юрий Евгеньевич Вельтищев?",Алексей Дюмин,Главой администрации в Москве (где родился Юрий Евгеньевич Вельтищев) является Сергей Собянин.,галлюцинация,1
tape-multiq.raw,"Куда впадает река, на берегу которой расположен Лангон?",Бискайский залив,Река Гаронна.,галлюцинация,1
tape-multiq.raw,"На территории какой части света находится страна, которую в спорте представлял Хордан Ресабала?",Южной Америки,"Страна, которую представлял Хордан Ресабала в спорте (футболе), — Гондурас, расположенный в Центральной Америке (часть света — Америка).",галлюцинация,1
tape-multiq.raw,"Откуда родом сценарист фильма ""Куб Ноль""?",США,"Сценарист фильма ""Куб Ноль"" (2004) — **Эрни Барбараш**. Он родился в **Канаде**.",галлюцинация,1
tape-multiq.raw,"С какой рекой сливается река, в которую впадает Ай-Икмельюльх?",Большой Юган,"Река, в которую впадает Ай-Икмельюльх, сливается с рекой Ватьёган.",галлюцинация,1
tape-multiq.raw,"С какой рекой сливается река, в которую впадает Аморда?",Алатырь,"Не уверен, но предположительно Амур.",галлюцинация,1
tape-multiq.raw,"С какой рекой сливается река, в которую впадает Ангарица?",Северная Двина,"Река, в которую впадает Ангарица, сливается с рекой **Иркут**.",не галлюцинация,0
tape-multiq.raw,"С какой рекой сливается река, в которую впадает Большая Золотанка?",Вишера,"Я не уверен в точном ответе. Возможно, это река Унжа, так как Большая Золотанка впадает в реку Елнать, которая, в свою очередь, впадает в Унжу.",не галлюцинация,0
tape-multiq.raw,"С какой рекой сливается река, в которую впадает Большая Налимка?",Катыльга,"Река, в которую впадает Большая Налимка, сливается с рекой Чулым.",галлюцинация,1
tape-multiq.raw,"С какой рекой сливается река, в которую впадает Большая Сыя?",Чёрным Июсом,"Река, в которую впадает Большая Сыя — это река Сыда. Сыда сливается с рекой Казыр, которая впадает в Тубу. Затем Туба впадает в Енисей.

Таким образом, Большая Сыя в конечном итоге сливается с рекой Енисей.",галлюцинация,1
tape-multiq.raw,"С какой рекой сливается река, в которую впадает Большой Елбаш?",Бердь,"Река, в которую впадает Большой Елбаш (приток Оби), сливается с рекой **Чумыш**.",галлюцинация,1
tape-multiq.raw,"С какой рекой сливается река, в которую впадает Большой Лез?",Сысола,"Река, в которую впадает Большой Лез, — это Унжа. Унжа сливается с рекой Кострома.",галлюцинация,1
tape-multiq.raw,"С какой рекой сливается река, в которую впадает Большой Уран?",Волги,"Река, в которую впадает Большой Уран, сливается с рекой Самара.",галлюцинация,1
tape-multiq.raw,"С какой рекой сливается река, в которую впадает Брюзля?",Тулва,"Не уверен. Брюзля — малая река в Пермском крае, впадающая в реку Лысьва, которая, в свою очередь, впадает в Чусовской залив Камского водохранилища (бассейн Камы). Таким образом, Брюзля косвенно связана с Камой.",галлюцинация,1
tape-multiq.raw,"С какой рекой сливается река, в которую впадает Васяхъёган?",Малая Обь,"Не уверен. Возможно, с рекой Васюган.",галлюцинация,1
tape-multiq.raw,"С какой рекой сливается река, в которую впадает Вожер?",Вычегды,"Я не уверен в точном ответе. По предварительным данным, река Вожер впадает в реку Вах, которая в свою очередь впадает в реку Обь. Таким образом, Обь является рекой, с которой сливается река, в которую впадает Вожер.",галлюцинация,1
tape-multiq.raw,"С какой рекой сливается река, в которую впадает Волгарица?",Вятки,"Я не уверен в точном ответе. Возможно, это река Кострома, которая впадает в Волгу.",не галлюцинация,0
tape-multiq.raw,"С какой рекой сливается река, в которую впадает Ворка?",Мезень,"Река Ворка впадает в реку Вымь, которая, в свою очередь, впадает в реку Вычегда. Вычегда сливается с рекой Северная Двина.",галлюцинация,1
tape-multiq.raw,"С какой рекой сливается река, в которую впадает Восточный Каз?",Тельбес,"Река, в которую впадает Восточный Каз, — это река Кама. Кама впадает в реку Волга. Таким образом, Восточный Каз ""сливается"" с рекой Волга.",галлюцинация,1
tape-multiq.raw,"С какой рекой сливается река, в которую впадает Дикарская Рассоха?",Тобыш,Не уверен. Нет данных о реке Дикарская Рассоха в общедоступных географических источниках.,не галлюцинация,0
tape-multiq.raw,"С какой рекой сливается река, в которую впадает Домгиль?",Вычегда,"Не уверен, но, вероятно, с рекой Ока.",галлюцинация,1
tape-multiq.raw,"С какой рекой сливается река, в которую впадает Дравиня?",Дуная,"Не уверен. Возможно, с Западной Двиной (Даугавой).",галлюцинация,1
tape-multiq.raw,"С какой рекой сливается река, в которую впадает Ергиль?",Вычегда,"Скорее всего, с рекой Урал. Ергиль впадает в реку Большой Узенек, которая, в свою очередь, впадает в реку Малый Узень, а та уже впадает в реку Урал. Однако, я не полностью уверен в этом.",галлюцинация,1
tape-multiq.raw,"С какой рекой сливается река, в которую впадает Заманты?",Средиземное море,"Я не уверен в точном ответе. Возможно, это река Или, так как Заманты — приток реки Курты, которая впадает в Или.",галлюцинация,1
tape-multiq.raw,"С какой рекой сливается река, в которую впадает Зарич?",Обвы,"Река Зарич впадает в реку Уж, которая, в свою очередь, сливается с рекой Припять.",галлюцинация,1
tape-multiq.raw,"С какой рекой сливается река, в которую впадает Кирдас?",Урала,Не уверен. Нет данных о реке Кирдас.,не галлюцинация,0
tape-multiq.raw,"С какой рекой сливается река, в которую впадает Корговец?",Пёзы,"Не уверен, но предположительно это река Ока.",галлюцинация,1
tape-multiq.raw,"С какой рекой сливается река, в которую впадает Кукринский ручей?",Раменки,"Не уверен. Возможно, с рекой Клязьма, так как Кукринский ручей впадает в реку Уводь, которая, в свою очередь, впадает в Клязьму.",галлюцинация,1
tape-multiq.raw,"С какой рекой сливается река, в которую впадает Кунжек?",Кильмезь,"Я не уверен в точном ответе. Возможно, это река Унжа, которая впадает в Волгу.",галлюцинация,1
tape-multiq.raw,"С какой рекой сливается река, в которую впадает Малый Улужай?",Кокса,"Река, в которую впадает Малый Улужай, сливается с рекой Чулым (приток Оби).",галлюцинация,1
tape-multiq.raw,"С какой рекой сливается река, в которую впадает Маслянская Виска?",Цильма,"Не уверен. Возможно, с рекой Сосьвой, так как Маслянская Виска впадает в Ляпин, который затем сливается с Сосьвой.",не галлюцинация,0
tape-multiq.raw,"С какой рекой сливается река, в которую впадает Мисаелга?",Ай,"Не уверен, но, вероятно, с рекой Клязьма.",галлюцинация,1
tape-multiq.raw,"С какой рекой сливается река, в которую впадает Налиминка?",Васюгана,"Река Налиминка впадает в реку Уссури, которая, в свою очередь, сливается с рекой Амур.",галлюцинация,1
tape-multiq.raw,"С какой рекой сливается река, в которую впадает Нигибнебяяха?",Пур,Не уверен. Нет данных о реке Нигибнебяяха.,не галлюцинация,0
tape-multiq.raw,"С какой рекой сливается река, в которую впадает Нирсос?",Северная Сосьва,Не уверен. Нет данных о реке Нирсос.,галлюцинация,1
tape-multiq.raw,"С какой рекой сливается река, в которую впадает Окишева?",Васюган,Не уверен. Нет данных о реке Окишева в известных географических источниках.,галлюцинация,1
tape-multiq.raw,"С какой рекой сливается река, в которую впадает Оккынигол?",Комсесъёган,"Не уверен. Возможно, с рекой Вах (приток Оби), так как Оккынигол — приток реки Аган, которая впадает в Вах.",не галлюцинация,0
tape-multiq.raw,"С какой рекой сливается река, в которую впадает Онеп?",Тавды,"Не уверен. Возможно, с Северной Двиной.",галлюцинация,1
tape-multiq.raw,"С какой рекой сливается река, в которую впадает Пайтакулымигол?",Кысъёган,"Река Пайтакулымигол впадает в реку Вах, которая, в свою очередь, сливается с рекой Обь.",галлюцинация,1
tape-multiq.raw,"С какой рекой сливается река, в которую впадает Пелуч?",Косьва,"Не уверен. Возможно, с рекой Уссури, так как Пелуч (или Бикин) является притоком Уссури.",галлюцинация,1
tape-multiq.raw,"С какой рекой сливается река, в которую впадает Поеж?",Унжи,"Не уверен. Поеж — это река в Пермском крае России, впадающая в реку Язьва, которая, в свою очередь, впадает в Вишеру. Вишера впадает в Каму. Таким образом, Поеж ""сливается"" с Камой, но напрямую — через Язьву и Вишеру.",не галлюцинация,0
tape-multiq.raw,"С какой рекой сливается река, в которую впадает Рамитница?",Волманга,Сырдарьёй.,галлюцинация,1
tape-multiq.raw,"С какой рекой сливается река, в которую впадает Рачамайка?",Суры,"Не уверен. Возможно, с рекой Ока.",не галлюцинация,0
tape-multiq.raw,"С какой рекой сливается река, в которую впадает Саванка?",Мологи,"Река, в которую впадает Саванка, сливается с рекой Уссури.",галлюцинация,1
tape-multiq.raw,"С какой рекой сливается река, в которую впадает Сармако?",Терека,Не уверен. Нет данных о реке Сармако.,галлюцинация,1
tape-multiq.raw,"С какой рекой сливается река, в которую впадает Саума?",Лозьва,"Я не уверен в точном ответе. Возможно, это река Даугава (Западная Двина), так как Саума впадает в реку Айвиексте, которая является притоком Даугавы.",галлюцинация,1
tape-multiq.raw,"С какой рекой сливается река, в которую впадает Синкъях?",Большой Юган,"Я не уверен в точном ответе. Возможно, это река Ялуцзян (Амноккан), так как Синкъях (Сынчхон) впадает в реку Чхончхон, которая является притоком Ялуцзян.",галлюцинация,1
tape-multiq.raw,"С какой рекой сливается река, в которую впадает Скырлос?",Верхняя Лупья,"Река Скырлос впадает в реку Пярну, которая впадает в Рижский залив. Таким образом, она сливается с Балтийским морем.",галлюцинация,1
tape-multiq.raw,"С какой рекой сливается река, в которую впадает Смердиль?",Суда,"Не уверен, но предположительно Смердиль впадает в реку Мста, которая затем сливается с рекой Волхов.",галлюцинация,1
tape-multiq.raw,"С какой рекой сливается река, в которую впадает Сухода?",Нерль,"Река Сухода впадает в реку Протву, которая, в свою очередь, впадает в Оку. Таким образом, Сухода сливается с Окой через Протву.",галлюцинация,1
tape-multiq.raw,"С какой рекой сливается река, в которую впадает Тагаза?",Бия,"Не уверен, но, вероятно, с рекой Урал.",галлюцинация,1
tape-multiq.raw,"С какой рекой сливается река, в которую впадает Телюбай?",Урсул,Не уверен. Нет данных о реке Телюбай.,не галлюцинация,0
tape-multiq.raw,"С какой рекой сливается река, в которую впадает Тинъёган?",Симиёган,"Река Тинъёган впадает в Васюган, который, в свою очередь, сливается с рекой Обь.",не галлюцинация,0
tape-multiq.raw,"С какой рекой сливается река, в которую впадает Тирекрея?",Оки,"Я не уверен в точном ответе. Возможно, имеется в виду река Тирекрея в Норвегии, которая впадает в реку Гломму, а та, в свою очередь, впадает в залив Осло-фьорд. Но без точного контекста я не могу быть уверен.",галлюцинация,1
tape-multiq.raw,"С какой рекой сливается река, в которую впадает Толкуляй?",Мокши,"Я не уверен в точном ответе. Возможно, это река Уфа, так как Толкуляй (приток реки Ай) впадает в Ай, который в свою очередь впадает в Уфу.",галлюцинация,1
tape-multiq.raw,"С какой рекой сливается река, в которую впадает Трипанъёль?",Печора,Не уверен. Нет данных о реке Трипанъёль.,не галлюцинация,0
tape-multiq.raw,"С какой рекой сливается река, в которую впадает Тюдет?",Катуни,"Река Тюдет впадает в Чулым, который, в свою очередь, сливается с рекой Обь.",не галлюцинация,0
tape-multiq.raw,"С какой рекой сливается река, в которую впадает Ульмень?",Оби,"Не уверен, но предположительно это река Обь. Ульмень впадает в реку Чумыш, которая является притоком Оби.",не галлюцинация,0
tape-multiq.raw,"С какой рекой сливается река, в которую впадает Фаэтонка?",Ассы,"Река, в которую впадает Фаэтонка, сливается с рекой Уводь.",галлюцинация,1
tape-multiq.raw,"С какой рекой сливается река, в которую впадает Хайбедияха?",Ямсовей,"Не уверен. Возможно, с рекой Надым, так как Хайбедияха впадает в реку Ныда, которая, в свою очередь, впадает в Надым.",галлюцинация,1
tape-multiq.raw,"С какой рекой сливается река, в которую впадает Хобза?",Кубани,"Река, в которую впадает Хобза, сливается с рекой Псезуапсе.",галлюцинация,1
tape-multiq.raw,"С какой рекой сливается река, в которую впадает Чагва?",Васюгана,Не уверен. Нет достоверных данных о реке Чагва.,не галлюцинация,0
tape-multiq.raw,"С какой рекой сливается река, в которую впадает Чугрим?",Сысола,"Река Чугрим впадает в реку Иня, которая, в свою очередь, сливается с рекой Обь.",галлюцинация,1
tape-multiq.raw,"С какой рекой сливается река, в которую впадает Шереньга?",Северной Двины,"Река Шереньга впадает в реку Вагу, которая, в свою очередь, сливается с Северной Двиной.",не галлюцинация,0
tape-multiq.raw,"С какой рекой сливается река, в которую впадает Эне-Термотъега?",Большой Салым,"Не уверен, так как ""Эне-Термотъега"" не является известной рекой в географических данных. Возможно, это местное или устаревшее название. Уточните, пожалуйста.",галлюцинация,1
tape-multiq.raw,"С какой рекой сливается река, в которую впадает Ярсидейвис?",Печоры,"Не уверен, но, вероятно, с рекой Уса.",галлюцинация,1
tape-multiq.raw,"С какой рекой сливается река, воды которой пополняются за счёт Янгнояйяхи?",Пурпе,"Не уверен. Возможно, это река Пур, так как Янгнояйяха — это река в Ямало-Ненецком автономном округе, которая впадает в реку Пур.",галлюцинация,1
tape-multiq.raw,"С какой рекой сливается река, притоком которой является Алапаиха?",Реж,С рекой Чусовая.,галлюцинация,1
tape-multiq.raw,"С какой рекой сливается река, через которую построен Пикалов мост?",Фонтанку,"Через реку Оредеж, которая впадает в реку Лугу.",галлюцинация,1
tape-multiq.raw,"Уроженцем какого города является режиссёр фильма ""Звук ярости""?",Скрантоне,"Режиссёр фильма ""Звук ярости"" (2021) — Джимми Лайонс. Он уроженец города Нью-Йорк, США.",галлюцинация,1
tape-multiq.raw,"Уроженцем какого города является режиссёр фильма ""Мистер Джонс""?",Карлайле,"Режиссёр фильма ""Мистер Джонс"" Агнешка Холланд родилась в Варшаве, Польша.",галлюцинация,1
tape-multiq.raw,"Что за город является местом рождения режиссёра фильма ""Плотина против Тихого океана""?",Пномпене,"Камбоджа. Точный город не уверен, но, вероятно, Пномпень.",не галлюцинация,0
tape-multiq.raw,"Что за город является местом рождения человека, на котором лежало написание сценария для фильма ""Тёмная сторона желания 2""?",Бомбей,Город: Лос-Анджелес.,галлюцинация,1
tape-multiq.raw,"Что за должность занимает глава государства, ставшего местом смерти Муаза ибн Джабаля?",президентов,"Глава государства, в котором умер Муаз ибн Джабаль, — халиф Язид I ибн Муавия.",не галлюцинация,0
tape-multiq.raw,"Что за должность занимает глава государства, чьим гражданином был Низар Каббани?",президентов,Глава государства — президент (Сирии). Низар Каббани был гражданином Сирии.,не галлюцинация,0
tape-multiq.raw,"Что за законодательный орган работает в городе, где родился Арутюн Минасович Минасян?",городским советом,"Арутюн Минасович Минасян родился в Ереване, Армения. Законодательный орган Еревана — Городской совет (Эребуни), который возглавляется мэром.",не галлюцинация,0
tape-multiq.raw,"Что за законодательный орган работает в городе, где родился Борис Фёдорович Ломов?",Городской думы,"В городе Москве, где родился Борис Фёдорович Ломов, законодательным органом является Московская городская Дума.",не галлюцинация,0
tape-multiq.raw,"Что за законодательный орган работает в городе, где родился Виктор Алексеевич Сафронов?",Городской думы,"Город, где родился Виктор Алексеевич Сафронов — Москва. В Москве законодательным органом является Московская городская Дума.",галлюцинация,1
tape-multiq.raw,"Что за законодательный орган работает в городе, где родился Владимир Михайлович Беляков?",Городской думы,Владимир Михайлович Беляков родился в Москве. В Москве законодательным органом является Московская городская дума.,не галлюцинация,0
tape-multiq.raw,"Что за законодательный орган работает в городе, где родился Мовсес Геворкович Горгисян?",городским советом,"Город: Тбилиси (Грузия).

Законодательный орган: Городской совет Тбилиси (Sakrebulo).",не галлюцинация,0
tape-multiq.raw,"Что за законодательный орган работает в городе, где умер Виктор Николаевич Меркулов?",ереванским городским советом,"В городе Сочи, где умер Виктор Николаевич Меркулов, законодательную власть осуществляет Городское Собрание Сочи — представительный орган местного самоуправления.",галлюцинация,1
tape-multiq.raw,Что за законодательный орган работает в стране гражданства Даршила Сафари?,двухпалатный парламент,Гражданство Даршила Сафари — Иран. Законодательный орган Ирана — **Меджлис** (однопалатный парламент).,галлюцинация,1
tape-multiq.raw,Что за законодательный орган работает в стране гражданства Жоржа Минне?,парламентом,"Законодательный орган в Бельгии (гражданство Жоржа Минне) — **Федеральный парламент**, состоящий из:
- Палаты представителей (нижняя палата)
- Сената (верхняя палата, с 2014 года — частично выборный).

*Источник: Конституция Бельгии.*",не галлюцинация,0
tape-multiq.raw,"Что изучает наука, которой посвятил себя Максимилиан Максимилианович Голлербах?",водоросли,Ботанику.,галлюцинация,1
tape-multiq.raw,"Кто является главой администрации в регионе, где жил Владимир Валерьянович Сержпинский?","Ахметов, Даниал Кенжетаевич",Владимир Валерианович Серпинский жил в Польше (в городе Варшава). Глава администрации (президент) Варшавы на 2024 год — Рафал Тшасковский.,галлюцинация,1
tape-multiq.raw,"Какая губерния раньше была на территории губернии, где умер Дмитрий Петрович Боткин?",Слободско-Украинская губерния,На территории современной **Кемеровской области** (где умер Д.П. Боткин в 1910 году) ранее находилась **Томская губерния** (в её составе до 1925 года).,не галлюцинация,0
tape-multiq.raw,"Что за часть света включает в себя неевропейскую страну, за которую выступал Софьян Буфаль?",Африке,Африка. Софьян Буфаль выступал за сборную Марокко.,не галлюцинация,0
tape-multiq.raw,"Какие уезды входили в губернию, где умер Николай Александрович Ушаков (генерал)?","Волоколамский уезд, Можайский уезд, Верейский уезд, Подольский уезд, Никитский уезд, Серпуховский уезд, Коломенский уезд, Бронницкий уезд, Московский уезд, Воскресенский уезд, Клинский уезд, Дмитровский уезд, Звенигородский уезд, Богородский уезд, Рузский уезд","Генерал-майор Николай Александрович Ушаков умер в 1875 году в Москве. Москва входила в состав Московской губернии. В состав Московской губернии в 1875 году входили следующие уезды: Московский, Богородский, Бронницкий, Верейский, Волоколамский, Дмитровский, Звенигородский, Клинский, Коломенский, Можайский, Подольский, Рузский, Серпуховский, и частично — Сергиевский (в 1890 году переименован в Сергиево-Посадский).",не галлюцинация,0
tape-multiq.raw,"Что изучает наука, которой посвятил себя Джордж Болл?",насекомых,Джордж Болл изучал **мирмекологию** — науку о муравьях.,галлюцинация,1
tape-multiq.raw,"В какую территориальную единицу во время немецкой оккупации включили страну, гражданином которой сейчас является Йозас Ягелавичюс?",рейхскомиссариат Остланд,Йозас Ягелавичюс — гражданин Литвы. Во время немецкой оккупации (1941–1944) Литва входила в состав **рейхскомиссариата Остланд** (официально — *Reichskommissariat Ostland*).,не галлюцинация,0
tape-multiq.raw,"Что было впервые в СССР испытано на территории страны, которую в спорте представлял Михаил Алексеевич Рахманов?",атомной бомбы,В 1949 году в СССР было впервые испытано ядерное оружие (первая советская атомная бомба РДС-1). Михаил Алексеевич Рахманов представлял в спорте Казахскую ССР.,не галлюцинация,0
tape-multiq.raw,"Как называется водоём, питающийся от реки, притоком которой является Пейтанйоки?",озеро Виксинселькя,Озёра Пейтанъярви и Пейтанъярви (верхнее).,галлюцинация,1
tape-multiq.raw,"Какой законодательный орган работает в стране, где умер Джура Камалович Саидов?",Олий Мажлис,"В стране, где умер Джура Камалович Саидов (Узбекистан), законодательным органом является **Олий Мажлис Республики Узбекистан**.",не галлюцинация,0
tape-multiq.raw,"Какое место является наивысшей точкой горной системы, к которой принадлежит Казбек?",Эльбрус,"Гора Шхара (5201 м) — наивысшая точка горной системы Большого Кавказа, к которой принадлежит Казбек (5047 м).",галлюцинация,1
tape-multiq.raw,"В какой лиге играет команда, тренером которой 116 игр был Карлос Майор?",аргентинской Примере,Команда под руководством Карлоса Майора играет в **Примере B Насьональ** (второй по силе дивизион Аргентины).,галлюцинация,1
tape-multiq.raw,"В какой лиге играет команда, тренера которой звали Карел Кольский?",Первой лиге,Команда под руководством Карела Кольского играла в чемпионате Чехословакии. Точное название лиги и команды не уверен.,галлюцинация,1
tape-multiq.raw,"В какую реку впадает река, притоком которой является Большой Реват?",Белой,"Не уверен, но, вероятно, в реку Вахш.",галлюцинация,1
tape-multiq.raw,"Как называется законодательный орган города, где родился Аркадий Николаевич Шевченко?",Горловский городской совет,Законодательный орган города Николаева — Николаевский городской совет.,галлюцинация,1
tape-multiq.raw,"Как называется законодательный орган государства, гражданином которого является Хорхе Кастаньеда?",Двухпалатный Конгресс,"Законодательный орган Мексики — Конгресс Союза (исп. *Congreso de la Unión*), состоящий из Палаты депутатов и Сената. Хорхе Кастаньеда — гражданин Мексики.",не галлюцинация,0
tape-multiq.raw,"Как называется законодательный орган города, где умер Сурен Григорьевич Петросян?",ереванским городским советом,Законодательный орган города Москвы — Московская городская Дума.,галлюцинация,1
tape-multiq.raw,"Как называется законодательный орган государства, гражданином которого является Анзур Хусанович Исмаилов?",Олий Мажлис,Законодательный орган Республики Узбекистан — Олий Мажлис.,не галлюцинация,0
tape-multiq.raw,"Как называется законодательный орган города, где родился Михаил Александрович Иосилевич?",Городской думы Нижнего Новгорода и правительства Нижегородской области,"Законодательный орган города, где родился Михаил Александрович Иосилевич (Москва) — Московская городская дума.",галлюцинация,1
tape-multiq.raw,"Как называется река, питающаяся от реки, притоком которой является Улма?",Топозеро,"Не уверен. Возможно, это река Урледь.",галлюцинация,1
tape-multiq.raw,"Как называется река, питающаяся от реки, притоком которой является Чаномыч?",Охотское море,"Не уверен, так как нет данных о реке Чаномыч. Возможно, это ошибка или опечатка.",не галлюцинация,0
tape-multiq.raw,"Как называется река, питающаяся от реки, притоком которой является Северная Большая?",Вохмы,"Вероятно, это река **Северная Малая** (если предположить симметричное название). Точно не уверен.",галлюцинация,1
tape-multiq.raw,"Как называется река, питающаяся от реки, притоком которой является Барышан?",Уфы,"Возможно, это река Сок (приток Барышана). Точно не уверен.",не галлюцинация,0
tape-multiq.raw,"Как называется река, питающаяся от реки, притоком которой является Портынпеу?",Оби,"Не уверен, но, вероятно, это **река Портынпеу**.",галлюцинация,1
tape-multiq.raw,"Как называется река, питающаяся от реки, притоком которой является Варма?",Оки,"Не уверен, так как не указано, к какой реке относится приток Варма. Возможно, имеется в виду река **Варма**, протекающая в Эстонии и впадающая в реку **Пярну**. Если это так, то река, питающаяся от Пярну, — **Нарва** (впадает в Финский залив).",галлюцинация,1
tape-multiq.raw,"Как называется река, питающаяся от реки, притоком которой является Теренка?",Волги,"Не уверен, так как не указано, к какой реке относится Теренка. Возможно, имеется в виду река Урал, так как Теренка является притоком реки Урал. В таком случае, река, питающаяся от Урала, может быть Волга (через Каспийское море).",галлюцинация,1
tape-multiq.raw,Какое гражданство у матери Виктории (кронпринцессы Швеции)?,Швеции,Гражданство: Британское.,галлюцинация,1
tape-multiq.raw,"Какой законодательный орган принимает законы в государстве, гражданином которого является Франсуа Зауи?",Президент обладает законодательной инициативой наряду с двухпалатным парламентом,Франсуа Зауи — гражданин Франции. Законы во Франции принимает **Национальное собрание Франции** (нижняя палата парламента) совместно с **Сенатом** (верхняя палата). Окончательное утверждение принадлежит президенту.,не галлюцинация,0
tape-multiq.raw,"Какой законодательный орган работает в городе, где появилась на свет Карина Степановна Филиппова-Диодорова?",Городской думы Нижнего Новгорода и правительства Нижегородской области,"Не уверен, но предположительно, это Государственная Дума Российской Федерации, так как Карина Степановна Филиппова-Диодорова родилась в Москве.",галлюцинация,1
tape-multiq.raw,"Какая должность была у главы государства в стране, чьим гражданином был Константин Павлович Воскресенский?","Государь, Царь и Великий Князь всея Руси",Глава государства — император (Российская империя). Константин Павлович Воскресенский был гражданином России.,не галлюцинация,0
tape-multiq.raw,"Какой законодательный орган принимает законы в городе, где умер Иван Никандрович Просвирнин?",Мариупольским горсоветом,"Вопрос некорректен: Иван Никандрович Просвирнин не является известной исторической личностью, и информация о его смерти отсутствует в общедоступных источниках. Уточните данные, пожалуйста.",галлюцинация,1
tape-multiq.raw,"Какой законодательный орган работает в городе, где появился на свет Денис Павлович Москвин?",Городской думы Нижнего Новгорода и правительства Нижегородской области,"Город, где родился Денис Павлович Москвин, — Москва. Законодательный орган Москвы — Московская городская дума.

*Уверен.*",галлюцинация,1
tape-multiq.raw,Какой язык был родным для отца Изабеллы де Вильены?,испанском языке,Каталанский.,галлюцинация,1
tape-multiq.raw,"Кто является главой администрации в городе, где родился Александр Сергеевич Бакулевский?",Евгений Васильевич Маслов,"Главой администрации города, где родился Александр Сергеевич Пушкин (Москва), является **Сергей Собянин** (по состоянию на 2024 год).",галлюцинация,1
tape-multiq.raw,"Кто является главой администрации в городе, где родился Евгений Валерьевич Константинов?",И. Р. Метшин,"Главой администрации города, где родился Евгений Валерьевич Константинов (г. Ярославль), является Владимир Анатольевич Волков (по состоянию на 2024 год).",не галлюцинация,0
tape-multiq.raw,"Кто является главой администрации в городе, где родилась Екатерина Николаевна Максимова?",И. Р. Метшин,"Главой администрации города Ливны (Орловская область, где родилась Екатерина Максимова) является **Александр Козлов** (по состоянию на 2024 год).",галлюцинация,1
tape-multiq.raw,"Какую должность занимает глава государства в стране, гражданином которой был Мехди Толути?",Высший руководитель,Глава государства — Верховный лидер (Рахбар). Не уверен.,не галлюцинация,0
tape-multiq.raw,"Какой законодательный орган работает в городе, где умер Согомон Саакович Таронци?",ереванским городским советом,"Не уверен, но предположительно это Ереванский городской совет (Ереванская городская дума).",не галлюцинация,0
tape-multiq.raw,"Какую должность занимает глава государства в стране, гражданином которой был Араш Борхани?",Высший руководитель,Глава государства — президент (Иран).,галлюцинация,1
tape-multiq.raw,"Кто является главой администрации в городе, где родился Александр Владимирович Турбанов?",Евгению Тефтелеву,Александр Владимирович Турбанов родился в городе **Ижевск** (Удмуртская Республика). Главой администрации Ижевска является **Олег Николаевич Бекмеметьев** (на 2024 год).,галлюцинация,1
tape-multiq.raw,"В какой лиге играет команда, за тренировки которой отвечает Йоан Андоне?",Лиги чемпионов,"Йоан Андоне тренирует команду ""Динамо"" (Бухарест), которая играет в Лиге I (высший дивизион чемпионата Румынии по футболу).",галлюцинация,1
tape-multiq.raw,"В какой лиге выступает команда, которую тренирует Джим Монтгомери?",НХЛ,"Не уверен. Пожалуйста, уточните, о какой команде идет речь (например, название команды или вид спорта).",не галлюцинация,0
tape-multiq.raw,"Где скончался создатель сценария к фильму ""Прикосновение дзена""?",Тайбэе,"Создатель сценария к фильму ""Прикосновение дзена"" (1975) — Ясудзиро Цуцуми — скончался в Токио, Япония, в 1986 году.",галлюцинация,1
tape-multiq.raw,Где родилась сестра Дины Алексеевны Авериной?,Заволжье,"Не уверен. Возможно, в Москве, как и сама Дина Алексеевна Аверина.",галлюцинация,1
tape-multiq.raw,"В какой лиге играет команда, тренера которой зовут Сильвен Легвински?",Премьер-лиге,"Не уверен. Возможно, в низших лигах Франции или Бельгии.",галлюцинация,1
tape-multiq.raw,"Кто является главой администрации в городе, где родился Тенгиз Сулейманович Хахва?",Лаша Комахидзе,"Главой администрации города Зугдиди (Грузия), где родился Тенгиз Сулейманович Хахва, является **Андро Кварацхелия** (по состоянию на 2024 год).",галлюцинация,1
tape-multiq.raw,На территории какой административно-территориальной единицы находится город рождения Финна Лемке?,Вольный ганзейский город Бремен,"Город Мозырь, Гомельская область, Республика Беларусь.",галлюцинация,1
tape-multiq.raw,"С какой рекой сливается река, в которую впадает Визеньга?",Мезень,"Визеньга впадает в реку Кулой, которая впадает в Белое море. Таким образом, река, в которую впадает Визеньга, не сливается с другими реками, так как она сама является притоком.",галлюцинация,1
tape-multiq.raw,"С какой рекой сливается река, в которую впадает Большой Аранец?",Печорскую губу Печорского моря,"Река, в которую впадает Большой Аранец, сливается с рекой Вымь.",не галлюцинация,0
tape-multiq.raw,"С какой рекой сливается река, в которую впадает Чиралма?",Майданталом,"Река Чиралма впадает в реку Пскем, которая затем сливается с рекой Чаткал. Чаткал, в свою очередь, впадает в реку Чирчик. Таким образом, Чиралма косвенно связана с рекой Чирчик.",не галлюцинация,0
tape-multiq.raw,"С какой рекой сливается река, в которую впадает Судиловка?",Припять,"Река Судиловка впадает в Малую Кокшагу, которая, в свою очередь, впадает в Волгу. Таким образом, Судиловка через Малую Кокшагу сливается с Волгой.",галлюцинация,1
tape-multiq.raw,"Что за страной раньше было государство, гражданином которого являлся Георгий Писида?",Римской империи,Византийская империя.,галлюцинация,1
tape-multiq.raw,"Что изучает наука, которой посвятил себя Василий Фёдорович Болдырев?",насекомых,"Василий Фёдорович Болдырев посвятил себя **палеонтологии** — науке, изучающей ископаемые остатки древних организмов и их эволюцию.",галлюцинация,1
tape-multiq.raw,"Что за законодательный орган работает в стране гражданства Чарльза Брэндона, 1-го герцога Саффолка?",парламента,Парламент Англии (до 1707 года).,не галлюцинация,0
tape-multiq.raw,"Что за орган принимает законы в государстве, гражданином которого является Закир Хусейн (музыкант)?",двухпалатный парламент,Парламент Великобритании (Палата общин и Палата лордов).,галлюцинация,1
tape-multiq.raw,"Что раньше занимало территорию города, в котором закончил свои дни Максимилиан Вюртембергский?","в 100 м к востоку от стен более позднего римского лагеря были найдены кельтские могилы, предметы которых были датированы 400 годом до н. э",Территорию города **Петергоф** (где скончался Максимилиан Вюртембергский в 1882 году) ранее занимали **шведские укрепления** и **рыбацкая деревня** (до основания Петергофа в 1705 году Петром I).,галлюцинация,1
tape-multiq.raw,"Что раньше находилось на территории губернии, где умер Сергей Фёдорович Морошкин?","В 1765—1780 годы существовала Слободско-Украинская губерния, в период с 1780 по 1796 год — Харьковское наместничество, затем, до 1835 года — вновь Слободско-Украинская губерния","На территории губернии, где умер Сергей Фёдорович Морошкин (Владимирской губернии), ранее находились земли Владимиро-Суздальского княжества.",не галлюцинация,0
tape-multiq.raw,"Что раньше занимало территорию города, где умер Франц Рёстель?",крепости Кастра Регина,"Территорию города, где умер Франц Рёстель (Дрезден), раньше занимали болота и леса.",галлюцинация,1
tape-multiq.raw,"Что изучает наука, которой посвятил себя Константин Петрович Сапожков?",доброкачественные и злокачественные опухоли,"Наука, которой посвятил себя Константин Петрович Сапожков, — **акустика**.",галлюцинация,1
tape-multiq.raw,"Что изучает наука, которой посвятил себя Владимир Моисеевич Смирин?",представителях царства животных,"Наука, которой посвятил себя Владимир Моисеевич Смирин, — **палеонтология** (изучение ископаемых животных и растений).",не галлюцинация,0
tape-multiq.raw,"Что изучает наука, которой посвятил себя Александр фон Нордман?",представителях царства животных,"Александр фон Нордман изучал естественные науки, в частности, ботанику и зоологию.",не галлюцинация,0
tape-multiq.raw,"Что изучает наука, которой посвятил себя Александр Александрович Яхонтов?",насекомых,"Александр Александрович Яхонтов посвятил себя **орнитологии** — науке, изучающей птиц.",галлюцинация,1
tape-multiq.raw,"Что за часть света включает в себя страну, от которой выступал Джефферсон Монтеро?",Америки,"Европа. Джефферсон Монтеро выступал за сборную Эквадора, которая расположена в Южной Америке.",галлюцинация,1
tape-multiq.raw,"Что за страной раньше было государство, гражданином которого являлся Юлиан Аргентарий?",Римской империи,"Возможно, государство Византийская империя (современная Турция), но точно не уверен.",галлюцинация,1
tape-multiq.raw,"Что за страной раньше было государство, гражданином которого являлся Феофан Грек?",Римской империи,Византийская империя.,не галлюцинация,0
tape-multiq.raw,"Что за страной раньше было государство, гражданином которого являлся Иоанн Каминиата?",Римской империи,"Государство, гражданином которого был Иоанн Каминиата, находилось на территории современной **Греции** (вероятно, в городе **Фессалоники**). Оно входило в состав **Византийской империи**.",галлюцинация,1
tape-multiq.raw,"Что за орган принимает законы в государстве, гражданином которого является Шарль Бельгийский?",королём,"Парламент Бельгии (Федеральный парламент, состоящий из Палаты представителей и Сената).",не галлюцинация,0
tape-multiq.raw,"Что за место является наивысшей точкой горного хребта, к которому принадлежит Саур-Могила?",Могила Мечетная,"Наивысшая точка горного хребта, к которому принадлежит Саур-Могила, — гора **Могила-Мечетная** (672 м).",не галлюцинация,0
tape-multiq.raw,"Что за место является наивысшей точкой гор, среди которых расположены Кардамоновы горы?",Анай-Муди,Наивысшая точка Кардамоновых гор — гора **Тхадианден** (1745 м). Она расположена в Индии (штат Керала).,галлюцинация,1
tape-multiq.raw,Что за законодательный орган работает в стране гражданства Франсуа Крепэна?,королём,Франсуа Крепэн — гражданин Франции. Законодательный орган Франции — **Национальное собрание** (нижняя палата парламента) и **Сенат** (верхняя палата).,не галлюцинация,0
tape-multiq.raw,Что за законодательный орган работает в стране гражданства Франсуа Вейергана?,королём,"Франсуа Вейерган — бельгийский писатель, гражданин Бельгии.

Законодательный орган Бельгии — **Федеральный парламент**, состоящий из:
1. **Палаты представителей** (нижняя палата, 150 депутатов).
2. **Сената** (верхняя палата, 60 депутатов).

*Не уверен, что это исчерпывающий ответ, так как у Бельгии также есть региональные парламенты.*",не галлюцинация,0
tape-multiq.raw,Что за законодательный орган работает в стране гражданства Фархода Фахритдиновича Таджиева?,Олий Мажлис,"Законодательный орган в Таджикистане — **Маджлиси Оли (Высшее собрание)**. Оно состоит из двух палат: **Представительного собрания (Маджлиси намояндагон)** и **Национального совета (Маджлиси милли)**.

*Примечание: Не уверен, что Фарход Таджиев (если это тот же человек) является гражданином Таджикистана, но это наиболее вероятный вариант.*",не галлюцинация,0
tape-multiq.raw,Что за законодательный орган работает в стране гражданства Одила Алимжановича Ахмедова?,Олий Мажлис Республики Узбекистан,Государственный совет Республики Узбекистан.,галлюцинация,1
tape-multiq.raw,Что за законодательный орган работает в стране гражданства Армана Мейбома?,королём,"Германия имеет двухпалатный законодательный орган — **Федеральное собрание (Bundesversammlung)**, состоящее из:

1. **Бундестага** (нижняя палата, избирается народом).
2. **Бундесрата** (верхняя палата, представители федеральных земель).

*Не уверен, что это именно то, что спрашивается, так как страна гражданства Армана Мейбома не указана.*",галлюцинация,1
tape-multiq.raw,"Что за законодательный орган работает в городе, где умер Степан Владимирович Судейко?",Горловский городской совет,"Город, где умер Степан Владимирович Судейко, — Москва. Законодательный орган Москвы — Московская городская Дума.",галлюцинация,1
tape-multiq.raw,"Что за законодательный орган работает в городе, где родился Юрий Анатольевич Коровянский?",Горловский городской совет,"Город, где родился Юрий Анатольевич Коровянский — **Краснодар**.

Законодательный орган Краснодара — **Краснодарская городская Дума** (представительный орган местного самоуправления).

*Не уверен, если в вопросе подразумевался другой город.*",галлюцинация,1
tape-multiq.raw,"Что за законодательный орган работает в городе, где родился Юрий Александрович Паркаев?",Городской думы Нижнего Новгорода и правительства Нижегородской области,"Город, где родился Юрий Александрович Паркаев, — Наро-Фоминск (Московская область). В Наро-Фоминске законодательным органом является **Совет депутатов Наро-Фоминского городского округа**.",галлюцинация,1
tape-multiq.raw,"Что за законодательный орган работает в городе, где родился Евгений Платонович Иванов?",Городской думы Нижнего Новгорода и правительства Нижегородской области,"В городе, где родился Евгений Платонович Иванов (Санкт-Петербург), законодательным органом является **Законодательное собрание Санкт-Петербурга**.",галлюцинация,1
tape-multiq.raw,"Как называется река, питающаяся от реки, притоком которой является Чепурья?",Конды,"Река, питающаяся от реки, притоком которой является Чепурья, называется **река, в которую впадает Чепурья**. Чепурья является притоком реки Конда, следовательно, это река Конда.",не галлюцинация,0
tape-multiq.raw,"Как называется река, питающаяся от реки, притоком которой является Ченковка?",Тура,"Не уверен, но, вероятно, это река Ченковка (приток реки Уда, которая, в свою очередь, является притоком реки Лена).",галлюцинация,1
tape-multiq.raw,"Как называется река, питающаяся от реки, притоком которой является Чаршан?",Оби,"Я не уверен в точном ответе. Возможно, это река Зеравшан, так как Чаршан является притоком реки Фандарья, которая впадает в Зеравшан.",галлюцинация,1
tape-multiq.raw,"Как называется река, питающаяся от реки, притоком которой является Хоханъя?",Обь,"Не уверен, так как ""Хоханъя"" не является известным названием реки в географических источниках. Возможно, это ошибка или опечатка.",не галлюцинация,0
tape-multiq.raw,"Как называется река, питающаяся от реки, притоком которой является Холуйца?",Западной Двины,"Не уверен, так как ""Холуйца"" может относиться к разным рекам в разных регионах. Пожалуйста, уточните регион или страну.",не галлюцинация,0
tape-multiq.raw,"Как называется река, питающаяся от реки, притоком которой является Хзанор?",Сулака,"Не уверен, так как нет данных о реке Хзанор. Возможно, имелась в виду река Хзан, приток Куры. Тогда река, питающаяся от Куры, может быть Аракс.",галлюцинация,1
tape-multiq.raw,"Как называется река, питающаяся от реки, притоком которой является Харланова?",Уфа,"Вероятно, это **река Харлановка** (приток реки Уда, которая впадает в Селенгу). Точно не уверен.",галлюцинация,1
tape-multiq.raw,"Как называется река, питающаяся от реки, притоком которой является Тобот?",Сулака,"Тобот — это приток реки Иня. Река, питающаяся от Ини, называется Обь.",галлюцинация,1
tape-multiq.raw,"Как называется река, питающаяся от реки, притоком которой является Средняя Попьюга?",Мезень,"Река, питающаяся от реки, притоком которой является Средняя Попьюга, называется **Вычегда**. Однако я не уверен в точности этой информации.",не галлюцинация,0
tape-multiq.raw,"Как называется река, питающаяся от реки, притоком которой является Рантоваям?",Охотское море,"Не уверен, но, вероятно, это река Рантаёки.",не галлюцинация,0
tape-multiq.raw,"Как называется река, питающаяся от реки, притоком которой является Пыл?",Мезень,"Река Пыл является притоком реки Плюсса. Река, питающаяся от Плюссы, называется Нарва.",галлюцинация,1
tape-multiq.raw,"Как называется река, питающаяся от реки, притоком которой является Петейга?",Обь,"Не уверен, но, вероятно, это река **Печора** (если Петейга — приток Печоры).",галлюцинация,1
tape-multiq.raw,"Как называется река, питающаяся от реки, притоком которой является Митува?",Куршский залив Балтийского моря,Не уверен. Нет данных о реке Митува.,не галлюцинация,0
tape-multiq.raw,"Как называется река, питающаяся от реки, притоком которой является Малый Носков ручей?",Москвы-реки,"Возможно, это река Москворецкого бассейна, но точный ответ не уверен.",не галлюцинация,0
tape-multiq.raw,"Как называется река, питающаяся от реки, притоком которой является Малый Кодач?",Печорскую губу Печорского моря,"Река, питающаяся от реки, притоком которой является Малый Кодач, называется **Волга**. (Не уверен, так как не указано точное местоположение Малого Кодача.)",галлюцинация,1
tape-multiq.raw,"Как называется река, питающаяся от реки, притоком которой является Лункузобъю?",Вычегды,"Не уверен, так как нет достоверных данных о реке Лункузобъю. Возможно, это ошибка или вымышленное название.",галлюцинация,1
tape-multiq.raw,"Как называется река, питающаяся от реки, притоком которой является Линсфербах?",Фульда,"Не уверен. Возможно, это река Лан, так как Линсфербах является притоком реки Зиг, которая впадает в реку Лан.",не галлюцинация,0
tape-multiq.raw,"Как называется река, питающаяся от реки, притоком которой является Лемзер?",Кондас,"Не уверен, так как не нашел информации о реке Лемзер. Возможно, имелась в виду река Лемезы (приток реки Уфы). Если так, то река, питающаяся от Уфы, называется Белая.",не галлюцинация,0
tape-multiq.raw,"Как называется река, питающаяся от реки, притоком которой является Кынгылат?",Васюгана,"Не уверен, но, вероятно, это река Кынгылат.",галлюцинация,1
tape-multiq.raw,"Как называется река, питающаяся от реки, притоком которой является Кылт?",Кильмезь,"Не уверен. Возможно, это река Кылт-Тытыль, приток которой — река Кылт.",галлюцинация,1
tape-multiq.raw,"Как называется река, питающаяся от реки, притоком которой является Котрось?",Унжа,"Не уверен. Возможно, имеется в виду река Котра (приток Немана). Тогда питающаяся от неё река — Неман.",галлюцинация,1
tape-multiq.raw,"Как называется река, питающаяся от реки, притоком которой является Копамнярылькы?",Таз,"Не уверен, но, вероятно, это **Кутырнынъяха** (приток Пякупура).",галлюцинация,1
tape-multiq.raw,"Как называется река, питающаяся от реки, притоком которой является Конч?",Сунжу,"Не уверен. Возможно, имеется в виду река Конча, приток реки Свислочь в Беларуси. Тогда питающаяся от неё река — Свислочь.",галлюцинация,1
tape-multiq.raw,"Как называется река, питающаяся от реки, притоком которой является Кокуйка?",Туры,"Вероятно, это река Клязьма (приток Оки), так как Кокуйка — приток Клязьмы. Точно не уверен.",галлюцинация,1
tape-multiq.raw,"Как называется река, питающаяся от реки, притоком которой является Коимлох?",Оби,"Не уверен, так как ""Коимлох"" не является известным притоком какой-либо крупной реки. Возможно, это ошибка или опечатка. Пожалуйста, уточните название.",не галлюцинация,0
tape-multiq.raw,"Как называется река, питающаяся от реки, притоком которой является Кечёвка?",Камы,"Не уверен, но, вероятно, это река **Вятка** (так как Кечёвка — приток реки Великой, которая впадает в реку Лысьва, а Лысьва — приток Вятки).",галлюцинация,1
tape-multiq.raw,"Как называется река, питающаяся от реки, притоком которой является Карканка?",Камы,"Не уверен, но, вероятно, это река **Каргалка** (приток реки **Большой Кинель**, которая является притоком **Самары**).",не галлюцинация,0
tape-multiq.raw,"Как называется река, питающаяся от реки, притоком которой является Карагуж?",Катунь,"Не уверен, но, вероятно, это река Кубань. Карагуж — приток реки Уруп, которая впадает в Кубань.",не галлюцинация,0
tape-multiq.raw,"Как называется река, питающаяся от реки, притоком которой является Карагала?",Урал,"Не уверен. Возможно, это река Урал, так как Карагала является притоком реки Орь, которая впадает в Урал.",не галлюцинация,0
tape-multiq.raw,"Как называется река, питающаяся от реки, притоком которой является Канциях?",Оби,"Не уверен, так как ""Канциях"" не является известной рекой. Возможно, имелось в виду ""Канзас"" (река в США). Если так, то притоки реки Канзас включают реки Репабликан-Ривер и Смоки-Хилл-Ривер. Река, питающаяся от одной из них, может быть, например, Миссури (приток которой является Канзас).",галлюцинация,1
tape-multiq.raw,"Как называется река, питающаяся от реки, притоком которой является Инцыс?",Иртыша,"Точно ответить не могу, так как не уверен, какая именно река имеется в виду под названием ""Инцыс"". Возможно, вы имели в виду реку Инсар, тогда притоком Инцыса (Инсара) является река Исса, а река, питающаяся от Исса, — это Мокша.",галлюцинация,1
tape-multiq.raw,"Как называется река, питающаяся от реки, притоком которой является Ахробость?",Волгу,"Не уверен, так как ""Ахробость"" не является известным названием реки. Возможно, это ошибка или опечатка.",не галлюцинация,0
tape-multiq.raw,"Как называется река, питающаяся от реки, притоком которой является Атяшевка?",Волги,"Сомнительный вопрос: Атяшевка — это приток реки Уркат, но Уркат не является притоком другой известной реки. Возможно, имелась в виду другая река с похожим названием. Уточните детали.",галлюцинация,1
tape-multiq.raw,"Как называется река, питающаяся от реки, притоком которой является Ай-Пунигль?",Яккунъях,"Не уверен, но предположительно: река, питающаяся от реки, притоком которой является Ай-Пунигль, называется **Ай-Пунигль**.",галлюцинация,1
tape-multiq.raw,"Как называется река, питающаяся от реки, притоком которой является Ёлтырева?",Оби,"Не уверен, но, вероятно, это река **Ёлтырева**.",галлюцинация,1
tape-multiq.raw,"Как называется место рождения человека, в честь которого был назван Герреро?",Тистла,Место рождения: Игуала-де-ла-Индепенденсия (Мексика).,не галлюцинация,0
tape-multiq.raw,Как называется место рождения дочери Дэвида Денни?,Сиэтле,"Не уверен, но, вероятно, это место называется ""роддом"" или ""больница"".",галлюцинация,1
tape-multiq.raw,"Как называется законодательный орган государства, гражданкой которого является Мариагна Пратс?",Двухпалатный Конгресс,Законодательный орган Испании — Генеральные Кортесы (исп. *Cortes Generales*).,не галлюцинация,0
tape-multiq.raw,"Как называется законодательный орган государства, гражданином которого является Хариш Ханде?",двухпалатный парламент,"Законодательный орган Индии — **Парламент Индии** (санскр. *Sansad*, хинди संसद), состоящий из двух палат: **Лок сабхи** (нижняя палата) и **Раджья сабхи** (верхняя палата).

*Примечание:* Хариш Ханде — индийский политик, гражданин Индии.",не галлюцинация,0
tape-multiq.raw,"Как называется законодательный орган государства, гражданином которого является Франческо Фоскари?",Большой совет,Венецианская республика (Совет Пятнадцати).,галлюцинация,1
tape-multiq.raw,"Как называется законодательный орган государства, гражданином которого является Сону Нигам?",двухпалатный парламент,"Законодательный орган Индии — Парламент Индии (санскр. भारतीय संसद, хинди भारतीय संसद).",галлюцинация,1
tape-multiq.raw,"Как называется законодательный орган государства, гражданином которого является Серхио Акоста?",Двухпалатный Конгресс,"Не уверен, но, вероятно, это **Конгресс Мексики** (если Серхио Акоста — мексиканский политик). Уточните, пожалуйста, страну.",не галлюцинация,0
tape-multiq.raw,"Как называется законодательный орган государства, гражданином которого является Рауль Гудиньо?",Двухпалатный Конгресс,"Законодательный орган Португалии — **Ассамблея Республики** (Assembleia da República). Рауль Гудиньо — португальский политик, но данных о его гражданстве нет в открытых источниках. Возможно, он гражданин Португалии.",галлюцинация,1
tape-multiq.raw,"Как называется законодательный орган государства, гражданином которого является Ранвир Сингх?",двухпалатный парламент,"Законодательный орган Индии — **Парламент Индии** (санскр. *Sansad*, хинди संसद). Ранвир Сингх — индийский актёр, гражданин Индии.",не галлюцинация,0
tape-multiq.raw,"Как называется законодательный орган государства, гражданином которого является Марко Уриель?",Двухпалатный Конгресс,"Законодательный орган Мексики — Конгресс Союза (исп. *Congreso de la Unión*), состоящий из Палаты депутатов и Сената.",не галлюцинация,0
tape-multiq.raw,"Как называется законодательный орган государства, гражданином которого является Марко Муньос?",Двухпалатный Конгресс,"Не уверен. Марко Муньос — имя и фамилия, которые могут принадлежать гражданам разных стран. Пожалуйста, уточните государство.",не галлюцинация,0
tape-multiq.raw,"Как называется законодательный орган государства, гражданином которого является Джо Мадиат?",двухпалатный парламент,"Я не уверен, о каком Джо Мадиате идет речь. Пожалуйста, уточните страну.",не галлюцинация,0
tape-multiq.raw,"Как называется законодательный орган государства, гражданином которого является Густав Юберти?",королём,Генеральные штаты (Нидерланды).,не галлюцинация,0
tape-multiq.raw,"Как называется законодательный орган государства, гражданином которого является Виктор Врёльс?",королём,Национальный совет (нем. Nationalrat) — парламент Австрии.,не галлюцинация,0
tape-multiq.raw,"Как называется законодательный орган государства, гражданином которого является Бернар Эйвельманс?",парламентом,Законодательный орган Бельгии — Федеральный парламент Бельгии (состоит из Палаты представителей и Сената).,не галлюцинация,0
tape-multiq.raw,"Как называется законодательный орган государства, гражданином которого является Амвросий Мадтха?",двухпалатный парламент,"Не уверен, но предположительно законодательный орган государства, гражданином которого является Амвросий Мадтха, может называться **Лок Сабха** (если это Индия).",галлюцинация,1
tape-multiq.raw,"Как называется законодательный орган государства, гражданином которого является Альфонсо Касо?",Двухпалатный Конгресс,"Законодательный орган Мексики — Конгресс Союза (исп. *Congreso de la Unión*), состоящий из Палаты депутатов (*Cámara de Diputados*) и Сената (*Senado de la República*).

Альфонсо Касо (1896–1970) был мексиканским археологом и политиком, но не возглавлял законодательную власть. Точно не уверен, что он был гражданином Мексики, но это наиболее вероятный вариант.",не галлюцинация,0
tape-multiq.raw,"Как называется законодательный орган государства, гражданином которого является Александр Владимирович Хвостунов?",Олий Мажлис,Государственная Дума Российской Федерации.,галлюцинация,1
tape-multiq.raw,"Как называется законодательный орган государства, гражданином которого является Александр Владимирович Саюн?",Олий Мажлис,"Не уверен, но, вероятно, это Государственная Дума Российской Федерации.",галлюцинация,1
tape-multiq.raw,"Как называется законодательный орган государства, гражданином которого является Аксель Ирсу?",королём,Законодательный орган государства Андорра — Генеральный совет Андорры (кат. Consell General d'Andorra).,не галлюцинация,0
tape-multiq.raw,"Как называется законодательный орган города, где умер Юрий Александрович Марченков?",Городской думы Нижнего Новгорода и правительства Нижегородской области,"Законодательный орган города, где умер Юрий Александрович Марченков (Москва), — Московская городская Дума.",галлюцинация,1
tape-multiq.raw,"Как называется законодательный орган города, где умер Михаил Анисимович Исайко?",Городской думы Нижнего Новгорода и правительства Нижегородской области,Законодательный орган города Москвы — Московская городская Дума.,галлюцинация,1
tape-multiq.raw,"Как называется законодательный орган города, где умер Валентин Арсеньевич Николаев?",Городской думы Нижнего Новгорода и правительства Нижегородской области,"Законодательный орган города, где умер Валентин Арсеньевич Николаев (Казань), — Казанская городская Дума.",галлюцинация,1
tape-multiq.raw,"Как называется законодательный орган города, где родился Тигран Ахназарян?",ереванским городским советом,"Не уверен, но, вероятно, это Ереванский городской совет (Ереванская городская дума).",галлюцинация,1
tape-multiq.raw,"Как называется законодательный орган города, где родился Олег Александрович Кондрашов?",Городской думы Нижнего Новгорода и правительства Нижегородской области,"Законодательный орган города, где родился Олег Александрович Кондрашов (г. Кемерово), — Совет народных депутатов Кемеровской области — Кузбасса.",галлюцинация,1
tape-multiq.raw,"Как называется законодательный орган города, где родился Николай Пантелеймонович Семененко?",Мариупольским горсоветом,Законодательный орган города Киев — Киевская городская рада.,галлюцинация,1
tape-multiq.raw,"Как называется законодательный орган города, где родился Максим Давидович Франк-Каменецкий?",Городской думы Нижнего Новгорода и правительства Нижегородской области,"Город: Иркутск.

Законодательный орган: Иркутская городская Дума.

*Не уверен, что это единственное название, но это официальное на данный момент.*",галлюцинация,1
tape-multiq.raw,"Как называется законодательный орган города, где родился Давид Левонович Гарибян?",ереванским городским советом,"Городской совет (не уверен, так как не указан город).",галлюцинация,1
tape-multiq.raw,"Как называется законодательный орган города, где родился Василий Иванович Добролюбов?",Городской думы Нижнего Новгорода и правительства Нижегородской области,"Законодательный орган города Нижний Новгород, где родился Добролюбов, называется **Городская Дума Нижнего Новгорода**.

*Примечание: Уверен в ответе.*",галлюцинация,1
tape-multiq.raw,"Как называется законодательный орган города, где родился Василий Владимирович Казаков?",Городской думы Нижнего Новгорода и правительства Нижегородской области,Законодательный орган города Пензы — Пензенская городская дума.,галлюцинация,1
tape-multiq.raw,"Как называется законодательный орган города, где родился Армен Багратович Миракян?",городским советом,Законодательный орган Еревана — **Совет старейшин Еревана** (Ереванский городской совет).,не галлюцинация,0
tape-multiq.raw,"Как называется законодательный орган города, где родилась Римма Ивановна Белякова?",Городской думы Нижнего Новгорода и правительства Нижегородской области,Городской совет (или дума) города Пермь.,галлюцинация,1
tape-multiq.raw,"Как называется законодательный орган города, где родилась Александра Захаровна Смолярова?",Мариупольским горсоветом,"Не уверен, но, вероятно, это городской совет. Александра Захаровна Смолярова родилась в Москве, а законодательным органом Москвы является Московская городская дума.",галлюцинация,1
tape-multiq.raw,"Как называется должность человека, возглавлявшего государство, гражданином которого был Мохаммад Носрати?",Высший руководитель,"Не уверен. Возможно, ""президент"" или ""лидер"".",галлюцинация,1
tape-multiq.raw,"Как называется должность человека, возглавлявшего государство, гражданином которого был Ахмад Матин-Дафтари?",Высший руководитель,Премьер-министр Ирана.,галлюцинация,1
tape-multiq.raw,"Как называется водоток, в который впадает река, притоком которой является Чогар?",Удскую губу Охотского моря,"Не уверен, но предположительно это может быть река Чограй (водоток, в который впадает река, притоком которой является Чогар).",галлюцинация,1
tape-multiq.raw,"Как называется водоток, в который впадает река, притоком которой является Нимаёль?",Печора,"Скорее всего, это река Печора, но я не уверен.",не галлюцинация,0
tape-multiq.raw,"Как называется водоток, в который впадает река, притоком которой является Кыз?",Вятки,"Не уверен. Возможно, ""Кыз"" — это приток реки ""Ишим"" (впадает в Иртыш), но это не точно.",галлюцинация,1
tape-multiq.raw,"Как называется водоток, в который впадает река, притоком которой является Кедрисоим?",Обь,"Не уверен, но, вероятно, это река Малая Сосьва (приток Оби).",галлюцинация,1
tape-multiq.raw,"Как называется водоток, в который впадает река, притоком которой является Дурджачай?","разветвляясь, впадает и в реку Турианчай и в реку Геокчай",Уверен: река Аракс.,галлюцинация,1
tape-multiq.raw,"Как называется водоток, в который впадает река, притоком которой является Большой Пеган?",Оби,"Скорее всего, это река Чулым (приток Оби), так как Большой Пеган — приток реки Улуй, которая впадает в Чулым. Однако, если Большой Пеган впадает в другой водоток, то точный ответ неизвестен.",галлюцинация,1
tape-multiq.raw,"Из какого города родом человек, который срежиссировал фильм ""Турист поневоле""?",Майами,"Фильм ""Турист поневоле"" (The Accidental Tourist) срежиссировал Лоуренс Кэздан, который родился в городе Майами, штат Флорида, США.",не галлюцинация,0
tape-multiq.raw,"Где скончался человек, снявший фильм ""Леопольд и золотая рыбка""?",Золинген,В Москве.,галлюцинация,1
tape-multiq.raw,"Где родился человек, который написал музыку к фильму ""Тайна третьей планеты""?",Новосибирск,Владимир Шаинский родился в Киеве.,галлюцинация,1
tape-multiq.raw,"Где родился человек, который был братом Тиберия?",Рим,"Ответ: Марк Клавдий Марцелл (предположительно, в Риме).",не галлюцинация,0
tape-multiq.raw,"Где родился человек, который был братом Симьона Куцова?",Брэила,"Не уверен, но, вероятно, в Израиле, так как Симьон Куцов — израильский политик.",галлюцинация,1
tape-multiq.raw,"Где родился человек, который был братом Ахмедхади Низамутдиновича Максуди?","д. Ташсу Казанского уезда Казанской губернии (ныне Высокогорский район Татарстана, Россия","Не уверен, но, вероятно, в Казани.",не галлюцинация,0
tape-multiq.raw,"Где родился человек, в честь которого был назван Холм Хасбанда?","Амарилло, Техас","Рик Хасбанд родился в городе Амарилло, штат Техас, США.",не галлюцинация,0
tape-multiq.raw,"Где родился автор произведения ""Дикий помещик""?",Спас-Угол Калязинского уезда Тверской губернии,"Автор произведения ""Дикий помещик"" — Михаил Евграфович Салтыков-Щедрин — родился в селе Спас-Угол Тверской губернии (ныне Тверская область, Россия).",не галлюцинация,0
tape-multiq.raw,"Где родилась женщина, чьим именем назван Еленин день?",Дрепан,Святая равноапостольная Елена (Еленин день 21 мая) родилась в городе Дрепанум (современная Турция).,не галлюцинация,0
tape-multiq.raw,"Где работал человек, который спроектировал Тверской железнодорожный вокзал?",Польше,"Не уверен. Возможно, архитектор Владимир Суслов, который проектировал Тверской вокзал (ныне Калининский), также работал в других местах, но точная информация требует уточнения.",галлюцинация,1
tape-multiq.raw,"В какую реку впадает река, притоком которой является Чупал?",Оби,"Не уверен, но, вероятно, в Енисей.",галлюцинация,1
tape-multiq.raw,"В какую реку впадает река, притоком которой является Чол?",Сунгари,"Я не уверен в точном ответе. По предварительным данным, Чол является притоком реки Чу, которая впадает в реку Сырдарья.",галлюцинация,1
tape-multiq.raw,"В какую реку впадает река, притоком которой является Упуда?",Белой,"Река Упуда является притоком реки Усманка, которая впадает в реку Воронеж.",не галлюцинация,0
tape-multiq.raw,"В какую реку впадает река, притоком которой является Тумольигай?",Васюгана,"Не уверен. По предварительным данным, Тумольигай является притоком реки Васюган, которая впадает в реку Обь.",не галлюцинация,0
tape-multiq.raw,"В какую реку впадает река, притоком которой является Тоурнас?",Иртыш,"Не уверен, но предположительно это река **Неман** (в Литве).",галлюцинация,1
tape-multiq.raw,"В какую реку впадает река, притоком которой является Сухой Жихор?",Уды,Река Уда (приток Северского Донца).,не галлюцинация,0
tape-multiq.raw,"В какую реку впадает река, притоком которой является Сурмятка?",Ик,"Сурмятка впадает в реку Уза, которая является притоком реки Птичь. Птичь, в свою очередь, впадает в Днепр.",галлюцинация,1
tape-multiq.raw,"В какую реку впадает река, притоком которой является Сотрина?",Тавда,"Не уверен, но предположительно это река Уфа (бассейн Камы).",галлюцинация,1
tape-multiq.raw,"В какую реку впадает река, притоком которой является Сокумарре?",Тазовскую губу Карского моря,Не уверен. Нет данных о реке Сокумарре.,галлюцинация,1
tape-multiq.raw,"В какую реку впадает река, притоком которой является Сикия?",Белой,"Не уверен. Возможно, в Обь.",не галлюцинация,0
tape-multiq.raw,"В какую реку впадает река, притоком которой является Саменка?",Улс,Река Сясь.,не галлюцинация,0
tape-multiq.raw,"В какую реку впадает река, притоком которой является Пышья?",Коса,"Не уверен, но, вероятно, в Каму.",не галлюцинация,0
tape-multiq.raw,"В какую реку впадает река, притоком которой является Нароговка?",Вятки,"Не уверен, но, вероятно, в реку Уша (бассейн Днепра).",галлюцинация,1
tape-multiq.raw,"В какую реку впадает река, притоком которой является Мурдюг?",Каму,"Река Мурдюг является притоком реки Унжа, которая впадает в реку Волга.",галлюцинация,1
tape-multiq.raw,"В какую реку впадает река, притоком которой является Мацюй?",залив Бохайвань Жёлтого моря,"Не уверен, но, вероятно, в Енисей.",галлюцинация,1
tape-multiq.raw,"В какую реку впадает река, притоком которой является Маркова Речка?",Коса,"Не уверен. Возможно, в реку Лена.",не галлюцинация,0
tape-multiq.raw,"В какую реку впадает река, притоком которой является Майпанъёх?",Могилевской протоки Оби,"Я не уверен, но, вероятно, в реку Сыня (приток Оби).",не галлюцинация,0
tape-multiq.raw,"В какую реку впадает река, притоком которой является Лямьинъя?",Северная Сосьва,"Не уверен, но предположительно в реку Северная Сосьва (приток Оби).",не галлюцинация,0
tape-multiq.raw,"В какую реку впадает река, притоком которой является Липша?",Волги,"Не уверен. Возможно, в реку Угру.",галлюцинация,1
tape-multiq.raw,"В какую реку впадает река, притоком которой является Кутерген?",Оби,Река Чу.,не галлюцинация,0
tape-multiq.raw,"В какую реку впадает река, притоком которой является Куруткан?",Катунь,"Не уверен. Возможно, в реку Витим (приток Лены).",галлюцинация,1
tape-multiq.raw,"В какую реку впадает река, притоком которой является Киязы?",Белой,"Не уверен. Возможно, река Кама.",не галлюцинация,0
tape-multiq.raw,"С какой рекой сливается река, в которую впадает Чермода?",Тулва,"Я не уверен в точном ответе. Возможно, это река Чулым, которая впадает в Обь.",галлюцинация,1
tape-multiq.raw,"С какой рекой сливается река, в которую впадает Хулучай?",Каспийское море,"Река, в которую впадает Хулучай (Азербайджан), — это Гильгильчай. Гильгильчай впадает в Каспийское море.

Таким образом, Хулучай → Гильгильчай → Каспийское море.

Уверен в факте.",галлюцинация,1
tape-multiq.raw,"С какой рекой сливается река, в которую впадает Хултурахт?",Обь,"Не уверен. Возможно, с рекой Вах, так как Хултурахт — это приток реки Аган, которая впадает в реку Тромъёган, а та, в свою очередь, впадает в реку Обь. Обь сливается с рекой Иртыш.",галлюцинация,1
tape-multiq.raw,"С какой рекой сливается река, в которую впадает Худой-Ёль?",Печорскую губу Печорского моря,"Вероятно, с рекой Ижма.",не галлюцинация,0
tape-multiq.raw,"С какой рекой сливается река, в которую впадает Холалынгъя?",Обь,"Не уверен. Возможно, с рекой Сыня (приток Оби), так как Холалынгъя впадает в Сыню.",не галлюцинация,0
tape-multiq.raw,"С какой рекой сливается река, в которую впадает Ушперек?",Лебеди,Не уверен. Нет данных о реке Ушперек.,галлюцинация,1
tape-multiq.raw,"С какой рекой сливается река, в которую впадает Усень?",Камы,"Река Усень впадает в реку Ик, которая, в свою очередь, сливается с рекой Камой.",не галлюцинация,0
tape-multiq.raw,"С какой рекой сливается река, в которую впадает Унь?",Сылвы,"Не уверен, но, вероятно, с рекой Васюган.",не галлюцинация,0
tape-multiq.raw,"С какой рекой сливается река, в которую впадает Унсъя?",Северной Сосьвы,Не уверен. Нет данных о реке Унсъя.,галлюцинация,1
tape-multiq.raw,"С какой рекой сливается река, в которую впадает Угутка?",Оби,"Река Угутка впадает в реку Унжу, которая, в свою очередь, сливается с рекой Костромой.",галлюцинация,1
tape-multiq.raw,"С какой рекой сливается река, в которую впадает Тхач?",Бугунж,"Река Тхач впадает в реку Пшеха, которая, в свою очередь, сливается с рекой Белая.",галлюцинация,1
tape-multiq.raw,"С какой рекой сливается река, в которую впадает Тузахсуг?",Оби,"Не уверен, но предположительно это река Или.",галлюцинация,1
tape-multiq.raw,"С какой рекой сливается река, в которую впадает Трубная-Солоная?",Вятки,"Река, в которую впадает Трубная-Солоная (приток Москвы-реки), сливается с Москвой-рекой.",не галлюцинация,0
tape-multiq.raw,"С какой рекой сливается река, в которую впадает Терепец?",Оки,"Река Терепец впадает в реку Уж, которая, в свою очередь, впадает в Припять. Припять впадает в Днепр. Таким образом, Терепец через цепочку рек впадает в Днепр.

*Примечание: Точное место слияния может варьироваться в зависимости от сезонных изменений уровня воды.*",галлюцинация,1
tape-multiq.raw,"С какой рекой сливается река, в которую впадает Теректушка?",Катуни,"Река Теректушка впадает в реку Чарыш, которая в свою очередь сливается с рекой Обь.",не галлюцинация,0
tape-multiq.raw,"С какой рекой сливается река, в которую впадает Тайлоково?",Конды,"Я не уверен в точном ответе. Возможно, это река Урал, так как Тайлоково (или Тайлоксай) находится в Оренбургской области, где протекает река Урал.",галлюцинация,1
tape-multiq.raw,"С какой рекой сливается река, в которую впадает Сухая Чеварда?",Алатырь,"Река, в которую впадает Сухая Чеварда, сливается с рекой **Сал**.",галлюцинация,1
tape-multiq.raw,"С какой рекой сливается река, в которую впадает Светлик?",Мезень,"Не уверен, но предположительно это река Ока (через реку Москву).",галлюцинация,1
tape-multiq.raw,"С какой рекой сливается река, в которую впадает Саловаяха?",Пур,"Не уверен. Возможно, с рекой Таз.",не галлюцинация,0
tape-multiq.raw,"С какой рекой сливается река, в которую впадает Салминка?",Алатырь,"Река Салминка впадает в реку Уза, которая в свою очередь впадает в реку Сож. Таким образом, Салминка сливается с рекой Сож.",галлюцинация,1
tape-multiq.raw,"С какой рекой сливается река, в которую впадает Саклингсос?",Северная Сосьва,Не уверен. Нет данных о реке Саклингсос.,не галлюцинация,0
tape-multiq.raw,"С какой рекой сливается река, в которую впадает Пюга?",Обь,"Не уверен. Пюга — это река в Пермском крае, но её притоки и их слияния с другими реками не всегда чётко документированы. Возможно, Пюга впадает в реку Иньва, но точной информации о дальнейшем слиянии нет.",не галлюцинация,0
tape-multiq.raw,"С какой рекой сливается река, в которую впадает Пыя?",Мезенскую губу Белого моря,"Не уверен. Возможно, с рекой Васюган.",галлюцинация,1
tape-multiq.raw,"С какой рекой сливается река, в которую впадает Пуя?",Северной Двины,Не уверен. Нет данных о реке Пуя в известных географических источниках.,галлюцинация,1
tape-multiq.raw,"С какой рекой сливается река, в которую впадает Пультыткувеемкай?",Восточно-Сибирское море,"Не уверен, но предположительно с рекой Малый Анюй.",галлюцинация,1
tape-multiq.raw,"С какой рекой сливается река, в которую впадает Пулунъях?",Оби,"Река Пулунъях впадает в реку Надым, которая в свою очередь впадает в Обскую губу (залив Карского моря). Таким образом, Пулунъях сливается с рекой Надым.",галлюцинация,1
tape-multiq.raw,"С какой рекой сливается река, в которую впадает Пильёган?",Большой Харпосл,"Пильёган впадает в реку Лонготъёган, которая сливается с рекой Надым.",не галлюцинация,0
tape-multiq.raw,"С какой рекой сливается река, в которую впадает Пескушь?",Нельшу,Не уверен. Нет достоверных данных о реке Пескушь.,не галлюцинация,0
tape-multiq.raw,"С какой рекой сливается река, в которую впадает Пенюх?",Клязьмы,"Река Пенюх впадает в реку Уда, которая, в свою очередь, сливается с рекой Селенга. Таким образом, Пенюх косвенно связан с рекой Селенга.",галлюцинация,1
tape-multiq.raw,"С какой рекой сливается река, в которую впадает Пежъю?",Мезенскую губу Белого моря,"Я не уверен в точном ответе. По предварительным данным, река Пежъю (приток Илыча) впадает в Илыч, который затем сливается с Печорой.",галлюцинация,1
tape-multiq.raw,"С какой рекой сливается река, в которую впадает Пактол?",Эгейского моря,"Река, в которую впадает Пактол (турецкая река), — это река Герм (современное название — Gediz Nehri). Герм впадает в Измирский залив Эгейского моря.

Таким образом, Пактол сливается с рекой Герм.",не галлюцинация,0
tape-multiq.raw,"С какой рекой сливается река, в которую впадает Охаръя?",Обь,"Не уверен, но, вероятно, с рекой Вах.",галлюцинация,1
tape-multiq.raw,"С какой рекой сливается река, в которую впадает Охан?",Конды,"Река Охан впадает в реку Каму, которая, в свою очередь, сливается с рекой Волгой.",галлюцинация,1
tape-multiq.raw,"С какой рекой сливается река, в которую впадает Нилка?",Клязьмы,"Река Нилка впадает в реку Чусовая, которая, в свою очередь, сливается с рекой Кама.",галлюцинация,1
tape-multiq.raw,"С какой рекой сливается река, в которую впадает Мурах?",Конды,"Река Мурах впадает в реку Уда, которая в свою очередь сливается с рекой Селенга. Таким образом, Мурах в итоге впадает в Селенгу.",не галлюцинация,0
tape-multiq.raw,"С какой рекой сливается река, в которую впадает Мокрая Панда?",Хопра,"Не уверен. Нет данных о реке с названием ""Мокрая Панда"". Возможно, имеется в виду река Панд (приток Оки) или другая. Уточните, пожалуйста.",не галлюцинация,0
tape-multiq.raw,"С какой рекой сливается река, в которую впадает Мичуг?",Унжи,"Я не уверен в точном ответе. По предварительным данным, Мичуг впадает в реку Кострома, которая затем сливается с рекой Волга.",галлюцинация,1
tape-multiq.raw,"С какой рекой сливается река, в которую впадает Мельничаёль?",Северной Кельтмы,"Не уверен. Возможно, с рекой Ижма.",галлюцинация,1
tape-multiq.raw,"С какой рекой сливается река, в которую впадает Мекуль?",Оби,"Я не уверен, так как не могу найти достоверную информацию о реке Мекуль.",не галлюцинация,0
tape-multiq.raw,"С какой рекой сливается река, в которую впадает Медников ручей?",Мги,"Не уверен. Возможно, это река Москва, так как Медников ручей впадает в реку Сетунь, которая является притоком Москвы-реки.",галлюцинация,1
tape-multiq.raw,"С какой рекой сливается река, в которую впадает Машок?",Ока,"Река Машок впадает в реку Кшень, которая, в свою очередь, сливается с рекой Олым.",галлюцинация,1
tape-multiq.raw,"С какой рекой сливается река, в которую впадает Масаринка?",Вятки,"Я не уверен в точном ответе. Возможно, это река Ока, так как Масаринка впадает в реку Протву, которая является притоком Оки.",галлюцинация,1
tape-multiq.raw,"С какой рекой сливается река, в которую впадает Малица?",Волги,Не уверен. Нет данных о реке Малица.,не галлюцинация,0
tape-multiq.raw,"С какой рекой сливается река, в которую впадает Лындога?",Белое море,"Река Лындога впадает в реку Оять, которая, в свою очередь, впадает в реку Свирь. Таким образом, Лындога через Оять и Свирь сливается с рекой Свирь.",не галлюцинация,0
tape-multiq.raw,"С какой рекой сливается река, в которую впадает Лудега?",Белое море,"Река Лудега впадает в реку Пчёвжу, которая, в свою очередь, сливается с рекой Суда.",галлюцинация,1
tape-multiq.raw,"С какой рекой сливается река, в которую впадает Лохозва?",Немана,Не уверен. Нет данных о реке Лохозва в общедоступных географических источниках.,не галлюцинация,0
tape-multiq.raw,"С какой рекой сливается река, в которую впадает Кшна?",Нарев,"Река Кшна впадает в реку Сож. Точно не уверен, но, вероятно, Сож сливается с Днепром.",галлюцинация,1
tape-multiq.raw,"С какой рекой сливается река, в которую впадает Кутуйоки?",Кутсайоки,"Река Кутуйоки впадает в озеро Сайма, а оно, в свою очередь, соединяется с системой реки Вуоксы. Таким образом, Кутуйоки косвенно связана с рекой Вуоксой.",галлюцинация,1
tape-multiq.raw,"С какой рекой сливается река, в которую впадает Курудер?",озеро Сасик,Не уверен. Нет данных о реке Курудер.,галлюцинация,1
tape-multiq.raw,"С какой рекой сливается река, в которую впадает Койбыш?",Оби,"Река Койбыш впадает в реку Унжу, которая, в свою очередь, сливается с рекой Костромой. Таким образом, Койбыш через Унжу и Кострому впадает в реку Волгу.",галлюцинация,1
tape-multiq.raw,"С какой рекой сливается река, в которую впадает Калакор?",Андийское Койсу,"Я не уверен в точном ответе. Возможно, это река Ока, которая впадает в реку Ангара, но это требует подтверждения.",галлюцинация,1
tape-multiq.raw,"С какой рекой сливается река, в которую впадает Жапура?",Атлантический океан,"Река Жапура впадает в реку Путумайо, которая, в свою очередь, сливается с рекой Амазонкой.",не галлюцинация,0
tape-multiq.raw,"С какой рекой сливается река, в которую впадает Жаленка?",Волги,"Река Жаленка впадает в реку Воря, которая, в свою очередь, сливается с рекой Ипуть.",галлюцинация,1
tape-multiq.raw,"С какой рекой сливается река, в которую впадает Дьяко?",Пяозеро,"Я не уверен, но, вероятно, это река Ока.",галлюцинация,1
tape-multiq.raw,"С какой рекой сливается река, в которую впадает Гэрдъю?",Щугор,"Я не уверен в точном ответе. Возможно, это река Вычегда, которая впадает в Северную Двину.",галлюцинация,1
tape-multiq.raw,"С какой рекой сливается река, в которую впадает Выхтопья?",Конды,"Река Выхтопья впадает в реку Сосьву, которая затем сливается с рекой Тавдой.",галлюцинация,1
tape-multiq.raw,"С какой рекой сливается река, в которую впадает Вергеза?",Волги,"Я не уверен в точном ответе. По предварительным данным, река Вергеза впадает в реку Унжу, которая затем сливается с рекой Костромой.",не галлюцинация,0
tape-multiq.raw,"С какой рекой сливается река, в которую впадает Вентуари?",Амазонкой,"Река Вентуари впадает в реку Ориноко. Точно сказать, с какой рекой сливается Ориноко, не могу, так как это зависит от точки зрения (например, впадает в Атлантический океан).",галлюцинация,1
tape-multiq.raw,"С какой рекой сливается река, в которую впадает Вахма?",Кильмезь,"Река Вахма впадает в реку Унжу, которая затем сливается с рекой Костромой.",галлюцинация,1
tape-multiq.raw,"С какой рекой сливается река, в которую впадает Вайманьга?",Северной Двины,"Река Вайманьга впадает в реку Кема, которая, в свою очередь, сливается с рекой Ундоша.",галлюцинация,1
tape-multiq.raw,"С какой рекой сливается река, в которую впадает Борис-Ёль?",Печорскую губу Печорского моря,"Река Борис-Ёль впадает в реку Илыч, которая, в свою очередь, сливается с рекой Печора.",не галлюцинация,0
tape-multiq.raw,"С какой рекой сливается река, в которую впадает Большой Аюш?",Уфа,"Большой Аюш впадает в реку Уфа, которая затем сливается с рекой Белая.",не галлюцинация,0
tape-multiq.raw,"С какой рекой сливается река, в которую впадает Большая Экипцоко?",Терек,"Не уверен. Нет достоверных данных о реке с названием ""Большая Экипцоко"".",галлюцинация,1
tape-multiq.raw,"С какой рекой сливается река, в которую впадает Большая Разбойничья?",Печорскую губу Печорского моря,"Река, в которую впадает Большая Разбойничья, сливается с рекой Обь.",галлюцинация,1
tape-multiq.raw,"С какой рекой сливается река, в которую впадает Большая Горевка?",Печорскую губу Печорского моря,"Не уверен, но, вероятно, с рекой Чусовая.",галлюцинация,1
tape-multiq.raw,"С какой рекой сливается река, в которую впадает Бельсу?",Оби,"Не уверен, но предположительно это река Чу.",галлюцинация,1
tape-multiq.raw,"С какой рекой сливается река, в которую впадает Бактак?",Ик,"Не уверен. Возможно, с рекой Чулым (приток Оби), так как Бактак впадает в реку Урюп, которая впадает в Чулым.",не галлюцинация,0
tape-multiq.raw,"С какой рекой сливается река, в которую впадает Атнис?",Иртыша,"Река Атнис впадает в реку Лиелупе. Лиелупе сливается с рекой Даугава. Точный ответ: Даугава.

*Примечание: Точное место слияния может варьироваться в зависимости от сезонных изменений уровня воды, но основным вариантом является Даугава.*",не галлюцинация,0
tape-multiq.raw,"С какой рекой сливается река, в которую впадает Атемеша?",Весьегонский плёс Рыбинского водохранилища на Волге,"Не уверен, но, вероятно, с Окой.",галлюцинация,1
tape-multiq.raw,"С какой рекой сливается река, в которую впадает Амкуяха?",Оби,"Не уверен. Возможно, с рекой Надым, так как Амкуяха впадает в реку Ярудей, которая, в свою очередь, впадает в Надым.",не галлюцинация,0
tape-multiq.raw,"С какой рекой сливается река, в которую впадает Агиян?",Иртыша,"Не уверен, но, вероятно, с рекой Уфа (Белая).",галлюцинация,1
tape-multiq.raw,"С какой рекой сливается река, в которую впадает Агитка?",Иртыша,Не уверен. Нет данных о реке Агитка.,не галлюцинация,0
tape-multiq.raw,"Откуда родом сценарист фильма ""Завтрак на Плутоне""?","Слайго, Ирландия","Сценарист фильма ""Завтрак на Плутоне"" (2005) Патрик МакКей родился в Дублине, Ирландия.",галлюцинация,1
tape-multiq.raw,"На территории какой части света находится река, воды которой пополняются за счёт реки Вадаксте?",Европы,Европа.,не галлюцинация,0
tape-multiq.raw,"На территории какой части света находится государство, которое в спорте представлял Луис Айяла (футболист)?",Америки,Европа (государство — Испания).,галлюцинация,1
tape-multiq.raw,"На территории какой административно-территориальной единицы расположен город, где родился Корнелиюс Платялис?",Шяуляйского района,"На территории современной Литвы, в городе Каунас.",галлюцинация,1
tape-multiq.raw,"На территории какой административно-территориальной единицы расположен город, где родился Карл Карстенс?",землю Вольный ганзейский город Бремен,Город **Ротенбург-об-дер-Тайер** (Германия) расположен в **земле Бавария**.,галлюцинация,1
tape-multiq.raw,На территории какой административно-территориальной единицы находится место рождения Беньяминаса Якшевичюса?,Паневежского района,"Место рождения Беньяминаса Якшевичюса — город Каунас, Литва.",галлюцинация,1
tape-multiq.raw,На территории какой административно-территориальной единицы находится город рождения Матвея Павловича Елисеева?,Зеленоградский административный округ,Город Москва.,не галлюцинация,0
tape-multiq.raw,На территории какой административно-территориальной единицы находится город рождения Клары Вестхофф?,Вольный ганзейский город Бремен,Город Клары Вестхофф Веймар находится на территории Германии.,галлюцинация,1
tape-multiq.raw,На территории какой административно-территориальной единицы находится город рождения Ивана Ивановича Луцкевича?,Шяуляйского района,"Город Вильно (ныне Вильнюс), Литва.",не галлюцинация,0
tape-multiq.raw,На территории какой административно-территориальной единицы находится город рождения Антиповой Юлии Валерьевны?,Зеленоградский административный округ,"Город рождения Антиповой Юлии Валерьевны — **Екатеринбург**, который находится в **Свердловской области** Российской Федерации.",галлюцинация,1
tape-multiq.raw,На берегу какого водного объекта находится столица Кувейта?,одноимённого залива — единственной глубоководной гавани на западном побережье Персидского залива,На берегу Персидского залива.,галлюцинация,1
tape-multiq.raw,"Кто является главой администрации там, где родился Тони Джонс (снукерист)?","премьер-министр Великобритании, которым в настоящее время является Борис Джонсон",Главой администрации в Ньюкасле (где родился Тони Джонс) является мэр. С 2023 года это **Кейт Николсон** (избирается напрямую).,не галлюцинация,0
tape-multiq.raw,"Кто является главой администрации в регионе, где родился Сергей Фёдорович Семёнов?",Станислав Воскресенский,"Главой администрации региона, где родился Сергей Фёдорович Семёнов (Вологодская область), является **Губернатор Вологодской области** — в настоящее время это **Вячеслав Позгалёв** (по состоянию на 2023 год).",галлюцинация,1
tape-multiq.raw,"Кто является главой администрации в регионе, где родился Игорь Андреевич Чернухин?",Евгений Савченко,"Не уверен, но предположительно это губернатор или глава администрации Краснодарского края, так как Игорь Андреевич Чернухин родился в Краснодаре.",галлюцинация,1
tape-multiq.raw,"Кто является главой администрации в регионе, где родился Дмитрий Иванович Бедняков?",Станислав Воскресенский,"Главой администрации региона, где родился Дмитрий Иванович Бедняков (г. Нижний Тагил, Свердловская область), является Евгений Пилипенко.",галлюцинация,1
tape-multiq.raw,"Кто является главой администрации в регионе, где родился Владимир Иванович Алфеев?",Станислав Воскресенский,Главой администрации Брянской области (где родился В.И. Алфеев) является **Александр Богомаз** (по состоянию на июнь 2024 года).,не галлюцинация,0
tape-multiq.raw,"Кто является главой администрации в регионе, где родился Виктор Дмитриевич Козлов?",Станислав Воскресенский,"Не уверен, но, вероятно, это губернатор Ленинградской области, так как Виктор Дмитриевич Козлов родился в селе Оредеж Ленинградской области.",не галлюцинация,0
tape-multiq.raw,"Кто является главой администрации в регионе, где родился Валентин Владимирович Артёмов?","Артамонов, Игорь Георгиевич","Главой администрации региона, где родился Валентин Владимирович Артёмов (Владимирская область), является **Александр Авдеев** (на 2024 год).",галлюцинация,1
tape-multiq.raw,"Кто является главой администрации в регионе, где родился Борис Иванович Сизов?",Станислав Воскресенский,Борис Иванович Сизов родился в Москве. Глава администрации Москвы — Сергей Собянин.,галлюцинация,1
tape-multiq.raw,"Кто является главой администрации в регионе, где родился Аманулла Габдулхаевич Рамазанов?","Бакауов, Булат Жумабекович","Главой администрации Дагестана (регион, где родился А. Г. Рамазанов) является Сергей Меликов (по состоянию на июнь 2024 года).",галлюцинация,1
tape-multiq.raw,"Кто является главой администрации в регионе, где родился Александр Валерьевич Крутов?",Станислав Воскресенский,Александр Валерьевич Крутов родился в Москве. Глава администрации Москвы — Сергей Собянин.,не галлюцинация,0
tape-multiq.raw,"Кто является главой администрации в регионе, где родилась Дарья Михайловна Балясникова?",Станислав Воскресенский,"Не уверен. Дарья Михайловна Балясникова родилась в Свердловске (ныне Екатеринбург), но точная информация о главе администрации Екатеринбурга может устареть или быть неточной. По состоянию на 2023 год главой Екатеринбурга является **Александр Высокинский**.",галлюцинация,1
tape-multiq.raw,"Кто является главой администрации в месте, где родился Евгений Шаповалов (певец)?","Громаковский, Юрий Анатольевич","Главой администрации города Каменское (Днепропетровская область, Украина), где родился Евгений Шаповалов, является **Андрей Беланенко** (по состоянию на 2024 год).",галлюцинация,1
tape-multiq.raw,"Кто является главой администрации в городе, где умер Эндрю Минарски?",Франсуа-Ксавье Виллен,"Главой администрации города, где умер Эндрю Минарски (Сент-Пол, Миннесота), является Мелвин Картер (Melvin Carter).",галлюцинация,1
tape-multiq.raw,"Кто является главой администрации в городе, где умер Хамид Хусейнович Мансуров?",Рустам Эмомали,"Главой администрации города, где умер Хамид Хусейнович Мансуров (Ташкент), является **Рустам Шамухамедов** (по состоянию на июнь 2024 года).",галлюцинация,1
tape-multiq.raw,"Кто является главой администрации в городе, где умер Пётр Павлович Николаев?",Евгений Васильевич Маслов,"Глава администрации города, где умер Пётр Павлович Николаев (Вологда), — Юрий Сергеевич Сапожников (по состоянию на 2024 год).",галлюцинация,1
tape-multiq.raw,"Кто является главой администрации в городе, где умер Николай Петрович Слугинов?",И. Р. Метшин,"Город: Казань.

Глава администрации (на 2024 год): Ильсур Метшин.

*Примечание: Точная информация о главе администрации на момент смерти Н.П. Слугинова (1897 год) не указана.*",галлюцинация,1
tape-multiq.raw,"Кто является главой администрации в городе, где умер Лев Борисович Мандельштам?",И. Р. Метшин,Глава администрации — мэр. В Одессе (где умер Л.Б. Мандельштам) в 1936 году мэром был **Иван Иванович Баранов**.,галлюцинация,1
tape-multiq.raw,"Кто является главой администрации в городе, где умер Зиновий Биртман?",Руслан Николаевич Кухарук,Главой администрации города Одессы (где умер Зиновий Биртман) является **Геннадий Труханов** (на 2024 год).,не галлюцинация,0
tape-multiq.raw,"Кто является главой администрации в городе, где умер Евгений Евгеньевич Никольский?",И. Р. Метшин,"Главой администрации города, где умер Евгений Евгеньевич Никольский (Москва), является Сергей Собянин.",галлюцинация,1
tape-multiq.raw,"Кто является главой администрации в городе, где умер Виктор Викторович Бобынин?",Юрий Цкипури,"Глава администрации города Вязьма (Смоленская область), где умер В.В. Бобынин — **Александр Николаевич Богомолов** (по состоянию на 2024 год).",галлюцинация,1
tape-multiq.raw,"Кто является главой администрации в городе, где умер Валериан Михайлович Васильев?",Евгений Васильевич Маслов,Глава администрации города Сыктывкара (где умер Валериан Михайлович Васильев) — Игорь Анатольевич Коданёв (на 2024 год).,галлюцинация,1
tape-multiq.raw,"Кто является главой администрации в городе, где родился Эдуард Дамирович Кудерметов?",И. Р. Метшин,Главой администрации города Набережные Челны (где родился Эдуард Кудерметов) является **Наиль Магдеев** (по состоянию на 2024 год).,галлюцинация,1
tape-multiq.raw,"Кто является главой администрации в городе, где родился Тимур Фанилевич Галлямов?",И. Р. Метшин,Глава администрации города Уфы (место рождения Тимурa Фанилевичa Галлямовa) — Ирек Ялалов (по состоянию на июнь 2024 года).,галлюцинация,1
tape-multiq.raw,"Кто является главой администрации в городе, где родился Рубин Кабирович Абдуллин?",Евгений Васильевич Маслов,Главой администрации города Уфы (место рождения Рубина Кабировича Абдуллина) является **Александр Викторович Пономарёв** (по состоянию на июнь 2024 года).,галлюцинация,1
tape-multiq.raw,"Кто является главой администрации в городе, где родился Николай Сергеевич Аверьянов?",Евгению Тефтелеву,"Глава администрации города, где родился Николай Сергеевич Аверьянов (Москва), — Сергей Собянин.",галлюцинация,1
tape-multiq.raw,"Кто является главой администрации в городе, где родился Николай Всеволодович Первушин?",И. Р. Метшин,Главой администрации города Перми (места рождения Николая Всеволодовича Первушина) является Игорь Анатольевич Шубаршин (на 2024 год).,галлюцинация,1
tape-multiq.raw,"Кто является главой администрации в городе, где родился Михаил Николаевич Барышев?",Пётр Николаевич Тултаев,Главой администрации города **Чебоксары** (места рождения Михаила Николаевича Барышева) является **Олег Николаевич Николаев** (на 2024 год).,галлюцинация,1
tape-multiq.raw,"Кто является главой администрации в городе, где родился Леонид Степанович Попов?",И. Р. Метшин,"Главой администрации города Кировограда (ныне Кропивницкий) на Украине, где родился Леонид Попов, является **Андрей Райкович**.",галлюцинация,1
tape-multiq.raw,"Кто является главой администрации в городе, где родился Карлос Гургенович Джанерян?","Баласанян, Самвел Мисакович",Главой администрации города Сочи (где родился Карлос Джанерян) является Алексей Копайгородский (по состоянию на июнь 2024 года).,галлюцинация,1
tape-multiq.raw,"Кто является главой администрации в городе, где родился Владимир Пантелеймонович Жузе?",И. Р. Метшин,Главой администрации города Оренбурга (где родился В. П. Жузе) является **Дмитрий Сергеевич Ряховский** (на 2024 год).,галлюцинация,1
tape-multiq.raw,"Кто является главой администрации в городе, где родился Валентин Борисович Карлов?",Евгению Тефтелеву,Главой администрации города Ульяновска (место рождения В.Б.Карлова) является **Игорь Иванович Шаталин** (по состоянию на июнь 2024 года).,галлюцинация,1
tape-multiq.raw,"Кто является главой администрации в городе, где родился Анвар Музафарович Юнусов?",Рустам Эмомали,"Не уверен. Глава администрации города, где родился Анвар Юнусов (Ташкент), — Хуршид Мирзахмедов (по состоянию на 2024 год).",галлюцинация,1
tape-multiq.raw,"Кто является главой администрации в городе, где родился Адик Аскарович Абдурахманов?",Евгению Тефтелеву,"Не уверен. Адик Аскарович Абдурахманов родился в Махачкале (Дагестан), но точная должность главы администрации города в данный момент неизвестна.",не галлюцинация,0
tape-multiq.raw,"Кто является главой администрации в городе, где родилась Татьяна Васильевна Леонтьева?",Руслан Николаевич Кухарук,"Главой администрации города, где родилась Татьяна Васильевна Леонтьева (Москва), является Сергей Собянин.",не галлюцинация,0
tape-multiq.raw,"Кто является главой администрации в городе, где родилась Ракия Шайхаттаровна Кутлубаева?",Р. Метшин,Главой администрации города Уфы (где родилась Ракия Кутлубаева) является **Александр Александрович Пономарёв** (по состоянию на июнь 2024 года).,галлюцинация,1
tape-multiq.raw,"Кто является главой администрации в городе, где родилась Диана Александровна Циринг?",Евгению Тефтелеву,"Главой администрации города, где родилась Диана Александровна Циринг (г. Братск), является **Сергей Сергеевич Серебренников** (по состоянию на июнь 2024 года).",галлюцинация,1
tape-multiq.raw,"Кто является главой администрации в городе, где родилась Гульсум Мусеевна Болгарская?",И. Р. Метшин,"Город: Казань.
Глава администрации: Ильсур Метшин (по состоянию на июнь 2024 года).",не галлюцинация,0
tape-multiq.raw,"Какую должность занимал глава государства в стране, гражданином которой был Николай Карлович Ренненкампф?",Император Всероссийский,Генерал-лейтенант Российской империи.,галлюцинация,1
tape-multiq.raw,"Какую должность занимал глава государства в стране, гражданином которой был Николай Иванович Золотницкий?",Императора Всероссийского,Глава государства — президент. Николай Иванович Золотницкий был гражданином Российской Федерации.,галлюцинация,1
tape-multiq.raw,"Какую должность занимал глава государства в стране, гражданином которой был Михаил Петрович Драгоманов?",Императора Всероссийского,"Глава государства — император (Александр II, Александр III или Николай II). Не уверен.",не галлюцинация,0
tape-multiq.raw,"Какую должность занимал глава государства в стране, гражданином которой был Михаил Иванович Соколов (священник)?",Император Всероссийский,"Не уверен. Михаил Иванович Соколов был священником Русской православной церкви, гражданином Российской империи. Глава государства в Российской империи в то время (конец XIX — начало XX века) носил титул **императора**.",не галлюцинация,0
tape-multiq.raw,"Какую должность занимал глава государства в стране, гражданином которой был Евграф Николаевич Серчевский?",Императора,Глава государства — император (Александр II).,не галлюцинация,0
tape-multiq.raw,"Какую должность занимал глава государства в стране, гражданином которой был Дмитрий Иванович Кипиани?",Императора Всероссийского,"Глава государства — князь (цари, короли). Дмитрий Иванович Кипиани был гражданином Российской империи, где главой государства был император (царь).",не галлюцинация,0
tape-multiq.raw,"Какую должность занимал глава государства в стране, гражданином которой был Георгий Ивашкевич?",Императора Всероссийского,"Не уверен. Георгий Ивашкевич был гражданином Польши, но не могу точно сказать, какую должность занимал глава государства в Польше в период его жизни (1940–2022).",галлюцинация,1
tape-multiq.raw,"Какую должность занимал глава государства в стране, гражданином которой был Алексей Филиппович Чернышёв?",Императора Всероссийского,"Не уверен. Возможно, император или царь, так как Чернышёв был гражданином Российской империи.",не галлюцинация,0
tape-multiq.raw,"Какую должность занимал глава государства в стране, гражданином которой был Александр Викторович Архипов?",Император,"Не уверен. Александр Викторович Архипов был гражданином СССР, где главой государства был Председатель Президиума Верховного Совета СССР.",не галлюцинация,0
tape-multiq.raw,"Какую должность занимает глава государства в стране, гражданкой которой была Марьян Калхор?",Высший руководитель,Глава государства в Нидерландах — король (Виллем-Александр).,галлюцинация,1
tape-multiq.raw,"Какую должность занимает глава государства в стране, гражданином которой был Алиреза Неджати?",Высший руководитель,Глава государства в Иране (гражданином которого был Алиреза Неджати) — Высший руководитель (Верховный лидер).,не галлюцинация,0
tape-multiq.raw,Какой законодательный орган работает в стране гражданства Хикматиллы Шухратиллаевича Убайдуллаева?,Олий Мажлис,Законодательный орган Республики Узбекистан — Олий Мажлис.,не галлюцинация,0
tape-multiq.raw,Какой законодательный орган работает в стране гражданства Хесуса Ангуло?,Двухпалатный Конгресс,"Гражданство Хесуса Ангуло — Мексика. Законодательный орган Мексики — **Конгресс Союза** (исп. *Congreso de la Unión*), состоящий из двух палат: **Палаты депутатов** (исп. *Cámara de Diputados*) и **Сената** (исп. *Senado*).",не галлюцинация,0
tape-multiq.raw,Какой законодательный орган работает в стране гражданства Готабаи Раджапаксы?,парламент,Законодательный орган — **Парламент Шри-Ланки** (однопалатный).,не галлюцинация,0
tape-multiq.raw,"Какой законодательный орган работает в городе, где умер Александр Ефимович Тюренков?",Горловский городской совет,"Не уверен, но, вероятно, это Московская городская дума, так как А.Е. Тюренков умер в Москве.",галлюцинация,1
tape-multiq.raw,"Какой законодательный орган работает в городе, где появился на свет Эдгар Степанович Акопян?",ереванским городским советом,Законодательный орган города Ереван (место рождения Эдгара Акопяна) — **Ереванский городской совет (Эребуни)**.,не галлюцинация,0
tape-multiq.raw,"Какой законодательный орган работает в городе, где появился на свет Сергей Герасимович Митин?",Городской думы Нижнего Новгорода и правительства Нижегородской области,"Не уверен, но предположительно это может быть **Совет депутатов города Рязани**, так как Сергей Герасимович Митин родился в Рязани.",галлюцинация,1
tape-multiq.raw,"Какой законодательный орган работает в городе, где появился на свет Александр Александрович Сиверс?",Городской думы Нижнего Новгорода и правительства Нижегородской области,Легаслативный орган города Таллина — Таллинское городское собрание (Tallinna Linnavolikogu).,галлюцинация,1
tape-multiq.raw,"Какой законодательный орган работает в городе, где появилась на свет Наталья Станиславовна Суркова?",Городской думы Нижнего Новгорода и правительства Нижегородской области,"Не уверен, но предположительно это **Государственная Дума Федерального Собрания Российской Федерации** в Москве, так как Наталья Суркова родилась в Москве.",галлюцинация,1
tape-multiq.raw,"Какой законодательный орган принимает законы в государстве, гражданкой которого является Эухения Эскудеро?",Двухпалатный Конгресс,Генеральные кортесы Испании (парламент).,не галлюцинация,0
tape-multiq.raw,"Какой законодательный орган принимает законы в государстве, гражданкой которого является Селина Джейтли?",двухпалатный парламент,Индия. Законодательный орган — Парламент Индии (Сансод).,не галлюцинация,0
tape-multiq.raw,"Какой законодательный орган принимает законы в государстве, гражданкой которого является Джейн Шор?",парламента,"В Великобритании парламент (состоящий из Палаты общин, Палаты лордов и монарха) принимает законы. Джейн Шор — английская фаворитка XV века, поэтому её гражданство — английское/британское.",не галлюцинация,0
tape-multiq.raw,"Какой законодательный орган принимает законы в государстве, гражданином которого является Франческо Корнер?",Большой совет,"Государственный орган: **Венецианский сенат** (Венецианская республика).

*Примечание: Франческо Корнер (1585–1656) был венецианским дожем, а законы в Венецианской республике принимались Большим советом и Сенатом.*",галлюцинация,1
tape-multiq.raw,"Какой законодательный орган принимает законы в государстве, гражданином которого является Фома Курэй?",парламентом,"Государство, гражданином которого является Фома Курэй, — Республика Беларусь. Законы в Беларуси принимает **Национальное собрание Республики Беларусь** (двухпалатный парламент), состоящее из Палаты представителей и Совета Республики.",не галлюцинация,0
tape-multiq.raw,"Какой законодательный орган принимает законы в государстве, гражданином которого является Филип Вольтер?",парламентом,Филип Вольтер — гражданин Германии. Законы в Германии принимает **Бундестаг** (федеральный парламент) совместно с **Бундесратом** (представительством земель).,галлюцинация,1
tape-multiq.raw,"Какой законодательный орган принимает законы в государстве, гражданином которого является Тарек Саффедин?",королём,"Государство, гражданином которого является Тарек Саффедин, — Сирия. Законы в Сирии принимает Народный совет (однопалатный парламент).",не галлюцинация,0
tape-multiq.raw,"Какой законодательный орган принимает законы в государстве, гражданином которого является Роберт Грослот?",королём,"Государство, гражданином которого является Роберт Грослот, — Нидерланды. Законы в Нидерландах принимает **Генеральные штаты** (парламент), состоящие из двух палат: Первой (Сенат) и Второй (Палата представителей).",не галлюцинация,0
tape-multiq.raw,"Какой законодательный орган принимает законы в государстве, гражданином которого является Пьер Кюллифор?",парламентом,"Пьер Кюллифор является гражданином Франции. Законы во Франции принимает парламент, состоящий из двух палат: Национального собрания и Сената.",галлюцинация,1
tape-multiq.raw,"Какой законодательный орган принимает законы в государстве, гражданином которого является Пол Янссен?",парламентом,Законодательный орган Королевства Бельгия — Федеральный парламент Бельгии (состоит из Палаты представителей и Сената). Пол Янссен был гражданином Бельгии.,не галлюцинация,0
tape-multiq.raw,"Какой законодательный орган принимает законы в государстве, гражданином которого является Нарендра Кармаркар?",двухпалатный парламент,Индия. Парламент Индии (Сансод) принимает законы.,не галлюцинация,0
tape-multiq.raw,"Какой законодательный орган принимает законы в государстве, гражданином которого является Люк Тёйманс?",парламентом,Генеральные штаты Нидерландов (парламент).,галлюцинация,1
tape-multiq.raw,"Какой законодательный орган принимает законы в государстве, гражданином которого является Джон де Вер, 12-й граф Оксфорд?",парламента,Законодательный орган — **Парламент Великобритании** (состоит из Палаты общин и Палаты лордов).,не галлюцинация,0
tape-multiq.raw,"Какой законодательный орган принимает законы в государстве, гражданином которого является Джованни Медичи (1567—1621)?",Большой совет,Великое герцогство Тосканское (Флоренция) — законодательный орган: **Сенат** (при великом герцоге).,не галлюцинация,0
tape-multiq.raw,"Какой законодательный орган принимает законы в государстве, гражданином которого является Джованни Дольфин?",Большой совет,"Венецианская республика (Венеция), гражданином которой был Джованни Дольфин, имела законодательный орган, называемый **Большой совет** (Maggior Consiglio). Однако основные законы принимались **Сенатом** (Senato) и **Советом сорока** (Consiglio dei Quaranta), а окончательное утверждение осуществлял **Дож** (Doge) и его советники.",галлюцинация,1
tape-multiq.raw,"Какой законодательный орган принимает законы в государстве, гражданином которого является Гнохере Кризо?",Президент обладает законодательной инициативой наряду с двухпалатным парламентом,"Не уверен. Гнохере Кризо — это вымышленный персонаж из вселенной Warhammer 40,000, и у него нет установленного гражданства или государства в каноне.",галлюцинация,1
tape-multiq.raw,"Какой законодательный орган принимает законы в городе, где умер Вардгес Цолакович Гнуни?",ереванским городским советом,"В Ереване, где умер Вардгес Гнуни, законы принимает **Национальное собрание Армении** (парламент).",галлюцинация,1
tape-multiq.raw,"Какой законодательный орган принимает законы в городе, где умер Арменак Петросович Дургарян?",ереванским городским советом,Законодательный орган города Сочи — Городское Собрание Сочи (городская дума).,галлюцинация,1
tape-multiq.raw,"Какой законодательный орган принимает законы в городе, где появилась на свет Марина Валерьевна Либакова-Ливанова?",Городской думы Нижнего Новгорода и правительства Нижегородской области,"Государственная Дума Федерального Собрания Российской Федерации. (Не уверен, но это наиболее вероятный вариант, так как Марина Либакова-Ливанова родилась в Москве.)",галлюцинация,1
tape-multiq.raw,"Какое место является наивысшей точкой горного хребта, к которому принадлежит Холзун?",Белуха,Наивысшая точка хребта Холзун — гора **Линейский Белок** (1 893 м).,галлюцинация,1
tape-multiq.raw,"Какое место является наивысшей точкой горного хребта, к которому принадлежит Рокитнице-над-Йизероу?",гора Снежка,"Наивысшая точка хребта, к которому принадлежит Рокитнице-над-Йизероу (Йизерские горы), — гора **Смрк (1124 м)**.",галлюцинация,1
tape-multiq.raw,"Какое место является наивысшей точкой горного хребта, к которому принадлежит Браес?",гора Мармолада,"Наивысшая точка хребта, к которому принадлежит гора Браес, — это гора **Бен-Макдуи** (1309 м). Точность подтверждена.",галлюцинация,1
tape-multiq.raw,"Какое место является наивысшей точкой горного хребта, к которому принадлежит Александровская сопка?",гора Народная,"Наивысшая точка хребта, к которому принадлежит Александровская сопка (Приморский край, Россия), — гора **Облачная** (1855 м).",галлюцинация,1
tape-multiq.raw,"Какое гражданство у режиссёра фильма ""Что скрывает ложь"" (2000)?",американский,"Не уверен. По предварительным данным, режиссёром фильма ""Что скрывает ложь"" (2000) является американский режиссёр Пол Томас Андерсон, который имеет гражданство США.",не галлюцинация,0
tape-multiq.raw,"Какое гражданство у режиссёра фильма ""Без лица""?",Гонконг,"У режиссёра фильма ""Без лица"" (Face/Off) Джон Ву — гонконгское гражданство.",не галлюцинация,0
tape-multiq.raw,"Какое гражданство имеет женщина, приходящаяся Елизавете, герцогине Брабантской, матерью?",Бельгии,"Я не уверен. Возможно, гражданство Бельгии.",не галлюцинация,0
tape-multiq.raw,"Какое государство существовало раньше на территории страны, честь которой отстаивал в соревнованиях Ян Владимирович Вороговский?",Казахского ханства,Честь Украины отстаивал Ян Вороговский. Раньше на её территории существовало государство **Киевская Русь** (IX–XIII века).,галлюцинация,1
tape-multiq.raw,"Какое государство существовало прежде на территории страны, честь которой отстаивала в соревнованиях Анна Зубкова?",Казахского ханства,Российская Федерация.,галлюцинация,1
tape-multiq.raw,"Какое государство существовало прежде на территории страны, честь которой отстаивал в соревнованиях Дмитрий Андреевич Мирошниченко?",Казахского ханства,СССР.,галлюцинация,1
tape-multiq.raw,"Какая страна прежде находилась на территории государства, гражданином которого являлся Пахомий Русан?",Римской империи,"Румыния. Пахомий Русан был гражданином Молдавии, которая ранее находилась в составе Румынии.",галлюцинация,1
tape-multiq.raw,"Какая страна прежде находилась на территории государства, гражданином которого являлся Никифор Комнин?",Римской империи,Византийская империя (Византия).,галлюцинация,1
tape-multiq.raw,"Какая страна прежде находилась на территории государства, гражданином которого являлся Магавья Алимханович Ермеков?",Казахского ханства,Казахская ССР (ныне Казахстан).,галлюцинация,1
tape-multiq.raw,"Какая партия находится в оппозиции к той, в которую входит Седрик Ричмонд?",Республиканской,"Не уверен, так как информация о партийной принадлежности Седрика Ричмонда может устареть. На данный момент (2024 год) он является членом Демократической партии США. В оппозиции к ней находится Республиканская партия США.",не галлюцинация,0
tape-multiq.raw,"Какая должность у главы государства в стране, чьим гражданином был Реза Шекари?",Высший руководитель,Глава государства — президент. Реза Шекари был гражданином Ирана.,галлюцинация,1
tape-multiq.raw,"Какая должность у главы государства в стране, чьим гражданином был Бахтияр Рахмани?",Высший руководитель,Глава государства — президент. (Бахтияр Рахмани был гражданином Ирана.),галлюцинация,1
tape-multiq.raw,"Какая должность была у главы государства в стране, чьим гражданином был Юлиан Васильевич Сохоцкий?",Императора Всероссийского,Глава государства — император (Российская империя).,не галлюцинация,0
tape-multiq.raw,"Какая должность была у главы государства в стране, чьим гражданином был Степан Гаврилович Глотов?",Императора Всероссийского,Глава государства — император. Страна — Российская империя.,не галлюцинация,0
tape-multiq.raw,"Какая должность была у главы государства в стране, чьим гражданином был Сергей Фёдорович Чубаров?",Император,Председатель Верховного Совета Автономной Республики Крым (1995–1996).,не галлюцинация,0
tape-multiq.raw,"Какая должность была у главы государства в стране, чьим гражданином был Самуил Исаевич Файнберг?",Императора Всероссийского,"Скорее всего, Самуил Исаевич Файнберг был гражданином СССР, главой государства в котором был Председатель Президиума Верховного Совета СССР. Однако, возможно, он был гражданином России, главой государства в котором является Президент Российской Федерации. Точный ответ не могу дать без дополнительной информации.",галлюцинация,1
tape-multiq.raw,"Какая должность была у главы государства в стране, чьим гражданином был Всеволод Иванович Всеволодов?",Императора Всероссийского,"Не уверен, но, вероятно, это была должность президента или монарха. Всеволод Иванович Всеволодов (1891–1962) был русским и советским оперным певцом, а не политиком.",не галлюцинация,0
tape-multiq.raw,"Какая должность была у главы государства в стране, чьим гражданином был Василий Иванович Покровский?",Император Всероссийский,"Не уверен, но, вероятно, это был император или царь, так как Василий Иванович Покровский был гражданином Российской империи.",не галлюцинация,0
tape-multiq.raw,"Какая должность была у главы государства в стране, чьим гражданином был Василий Васильевич Нечаев (археолог)?",Императора Всероссийского,"Не уверен. Василий Васильевич Нечаев был гражданином Российской империи, где глава государства носил титул **императора**.",не галлюцинация,0
tape-multiq.raw,"Как прежде назывался район, где умер Марк Фёдорович Тапсашар?",Люйшунь,"Район, где умер Марк Фёдорович Тапсашар, ранее назывался **Тапсашарский район** (ныне — часть **Кушониёнского района** Хатлонской области Таджикистана).",не галлюцинация,0
tape-multiq.raw,"Как называется река, питающаяся от реки, притоком которой является Ядкан?",Тары,"Не уверен, так как нет данных о реке Ядкан. Возможно, это ошибка или опечатка.",не галлюцинация,0
tape-multiq.raw,"Как называется река, питающаяся от реки, притоком которой является Шолнерка?",Немды,"Вероятно, это река Шолна.",не галлюцинация,0
tape-multiq.raw,"Что за законодательный орган работает в городе, где родился Валерий Борисович Зыков?",Городской думы Нижнего Новгорода и правительства Нижегородской области,"В городе, где родился Валерий Борисович Зыков (г. Ленинград, ныне Санкт-Петербург), законодательным органом является **Законодательное собрание Санкт-Петербурга** (однопалатный парламент региона).

*Примечание:* Точное название и структура органов власти могут меняться, но на данный момент это актуально.",не галлюцинация,0
tape-multiq.raw,"Что за законодательный орган работает в городе, где родился Артак Артюшевич Дашян?",ереванским городским советом,"Город, где родился Артак Артюшевич Дашян, — Ереван (Армения). Законодательный орган — Национальное собрание Республики Армения (однопалатный парламент).",галлюцинация,1
tape-multiq.raw,"Что за должность занимал глава государства, чьим гражданином был Иван Яковлевич Бартенев?",Императора Всероссийского,"Не уверен. Пожалуйста, уточните, о каком государстве и периоде идет речь.",не галлюцинация,0
tape-multiq.raw,"Что за должность занимал глава государства, чьим гражданином был Иван Степанович Палантай?",Императора Всероссийского,"Глава государства — президент. Иван Степанович Палантай был гражданином СССР, а его президентом — Михаил Сергеевич Горбачёв.",галлюцинация,1
tape-multiq.raw,"Что за должность занимал глава государства, чьим гражданином был Богомир Корсов?",Императора Всероссийского,"Глава государства, гражданином которого был Богомир Корсов (Австро-Венгрия), был императором. В 1880-х годах это был Франц Иосиф I.",галлюцинация,1
tape-multiq.raw,"Что за должность занимал глава государства, ставшего местом смерти Варлаама Левановича Геловани?","Государь, Царь и Великий Князь всея Руси",Глава государства — Генеральный секретарь ЦК КПСС (Иосиф Сталин). СССР.,галлюцинация,1
tape-multiq.raw,"Что за должность занимает глава государства, на которое распространяется юрисдикция Апостольского нунция в Танзании?",президент,Глава государства Танзании — президент.,не галлюцинация,0
tape-multiq.raw,"Что за город являлся местом рождения художника, кисти которого принадлежит картина ""Итальянский полдень""?",Санкт-Петербург,Город — Париж. Художник — Жан Огюст Доминик Энгр.,галлюцинация,1
tape-multiq.raw,"С какой рекой сливается река, через которую построен Глебовский мост?",Москвы,Через реку Москва.,не галлюцинация,0
tape-multiq.raw,"С какой рекой сливается река, притоком которой является Хуаншуй?",залив Бохайвань Жёлтого моря,Река Хуаншуй является притоком реки Хуанхэ.,не галлюцинация,0
tape-multiq.raw,"С какой рекой сливается река, в которую впадает Юртик?",Каму,"Река Юртик впадает в реку Урту (приток Исети). Урта впадает в реку Исеть. Исеть впадает в реку Тобол. Тобол впадает в реку Иртыш. Иртыш впадает в реку Обь.

Таким образом, Юртик через Урту, Исеть, Тобол и Иртыш впадает в Обь.",галлюцинация,1
tape-multiq.raw,"С какой рекой сливается река, в которую впадает Щучья 2-я?",Кети,"Река, в которую впадает Щучья 2-я, сливается с рекой Пур.",галлюцинация,1
tape-multiq.raw,"С какой рекой сливается река, в которую впадает Шограш?",Сухоны,"Река Шограш впадает в реку Юрюзана, которая, в свою очередь, сливается с рекой Ай.",не галлюцинация,0
tape-multiq.raw,"С какой рекой сливается река, в которую впадает Шварце-Лабер?",Чёрного моря,"Не уверен. Возможно, с рекой Реген.",галлюцинация,1
tape-multiq.raw,"С какой рекой сливается река, в которую впадает Шамхорчай?",Каспийское море,Река Шамхорчай впадает в реку Куру. Кура впадает в Каспийское море.,галлюцинация,1
tape-multiq.raw,"С какой рекой сливается река, в которую впадает Чёрная Лобань?",Кильмезь,"Река Чёрная Лобань впадает в реку Лобань, которая затем сливается с рекой Вятка.",галлюцинация,1
tape-multiq.raw,"В какую реку впадает река, притоком которой является Ирзек?",Кильмезь,"Не уверен. Возможно, река Ирзек является притоком реки Уза, которая впадает в реку Сож.",галлюцинация,1
tape-multiq.raw,"В какую реку впадает река, притоком которой является Инцкуры?",Иоканга,"Не уверен. Возможно, в Терек.",галлюцинация,1
tape-multiq.raw,"В какую реку впадает река, притоком которой является Еринат?",Абакан,"Не уверен, но, вероятно, в реку Чу.",галлюцинация,1
tape-multiq.raw,"В какую реку впадает река, притоком которой является Большая Стариковка?",Печорскую губу,"Не уверен, но, вероятно, в Москву-реку.",галлюцинация,1
tape-multiq.raw,"В какую реку впадает река, притоком которой является Большая Озерница?",Каму,Река Ока.,галлюцинация,1
tape-multiq.raw,"В какую реку впадает река, притоком которой является Бешметовка?",Иртыш,"Не уверен. Возможно, в реку Урал, так как Бешметовка является притоком реки Сакмара, которая впадает в Урал.",галлюцинация,1
tape-multiq.raw,"В какой лиге играет команда, тренером которой является Нуну Эшпириту Санту?",английскую Премьер-лигу,Команда под руководством Нуну Эшпириту Санту играет в Премьер-лиге.,галлюцинация,1
tape-multiq.raw,"В какой лиге играет команда, тренера которой зовут Уоррен Джойс?",английской Премьер-лиги,"Не уверен, но, вероятно, в низших лигах Англии или Бельгии.",галлюцинация,1
tape-multiq.raw,"В какой лиге играет команда, тренера которой зовут Карол Добиаш?",Первой лиге,Команда под руководством Карола Добиаша играет в словацкой Фортуна лиге (высший дивизион Словакии).,не галлюцинация,0
tape-multiq.raw,"В какой лиге играет команда, тренера которой зовут Карлос Де лос Кобос?",Лиге МХ,Команда с тренером Карлосом Альберто де лос Кобосом играет в **Лиге MX** (Мексика).,не галлюцинация,0
tape-multiq.raw,"В какой лиге играет команда, тренера которой зовут Амара Траоре?",Премьер-Лиге Сенегала,"Не уверен. По данным на 2024 год, Амара Траоре был тренером сборной Мали по футболу, но информации о его текущей клубной команде нет.",галлюцинация,1
tape-multiq.raw,"В какой лиге играет команда, за тренировки которой отвечает Оскар Пареха?","MLS, высшей футбольной лиге США и Канады","Команда ""Севилья"" играет в Ла Лиге (испанская Примера).",галлюцинация,1
tape-multiq.raw,"В какой лиге играет команда, за тренировки которой отвечает Омар Даф?",Лиге 2,"Команда ""Сент-Луис Сити"" играет в MLS (Major League Soccer). Омар Даф является главным тренером этой команды.",галлюцинация,1
tape-multiq.raw,"В какой лиге играет команда, за тренировки которой отвечает Вацлав Ежек?",Первой лиге,"Команда ""Динамо"" (Москва) играет в Российской премьер-лиге.",галлюцинация,1
